Lead_ID,Lead_Date,Region,City,Salesperson,Customer_Segment,Lead_Source,Lead_Quality_Score,Lead_Cost_INR,Follow_ups,Converted,Conversion_Date,Days_to_Convert,Lost_Reason
LEAD000001,2024-01-01,North,Jaipur,Priya Verma,SME,Corporate Outreach,66,317.47,2,Yes,2024-01-09,8,
LEAD000002,2024-01-01,South,Bengaluru,Isha Reddy,Individual,Organic Search,42,98.75,5,No,,,Price Too High
LEAD000003,2024-01-01,South,Bengaluru,Sneha Rao,Individual,Organic Search,55,94.98,2,No,,,No Response
LEAD000004,2024-01-01,West,Mumbai,Rohan Mehta,SME,Corporate Outreach,69,297.51,4,Yes,2024-01-09,8,
LEAD000005,2024-01-01,South,Bengaluru,Sneha Rao,Individual,Organic Search,73,76.64,1,Yes,2024-01-22,21,
LEAD000006,2024-01-01,West,Mumbai,Meera Joshi,Individual,Organic Search,50,83.53,1,No,,,Competitor Chosen
LEAD000007,2024-01-01,West,Ahmedabad,Meera Joshi,Individual,Google Ads,49,619.85,2,Yes,2024-01-04,3,
LEAD000008,2024-01-01,East,Kolkata,Neha Das,Corporate,Corporate Outreach,56,315.84,5,No,,,Budget Delayed
LEAD000009,2024-01-01,West,Pune,Rohan Mehta,Individual,Marketplace,58,186.58,6,No,,,Competitor Chosen
LEAD000010,2024-01-02,North,Delhi,Aarav Sharma,Individual,Google Ads,49,693.50,4,No,,,Price Too High
LEAD000011,2024-01-02,West,Pune,Dev Patel,Individual,Paid Social,71,391.78,1,Yes,2024-01-15,13,
LEAD000012,2024-01-02,North,Lucknow,Karan Malhotra,Individual,Google Ads,73,712.63,5,No,,,Price Too High
LEAD000013,2024-01-02,North,Lucknow,Aarav Sharma,Individual,Organic Search,60,103.00,1,No,,,No Response
LEAD000014,2024-01-03,North,Delhi,Aarav Sharma,SME,Organic Search,35,88.76,4,Yes,2024-01-27,24,
LEAD000015,2024-01-03,East,Bhubaneswar,Vikram Sen,Individual,Organic Search,46,98.02,6,No,,,Not Ready Yet
LEAD000016,2024-01-03,North,Lucknow,Karan Malhotra,Individual,Walk-in,46,48.22,5,No,,,Not Ready Yet
LEAD000017,2024-01-04,West,Mumbai,Meera Joshi,Individual,Marketplace,71,168.37,2,Yes,2024-01-17,13,
LEAD000018,2024-01-04,West,Pune,Meera Joshi,SME,Referral,88,120.46,3,Yes,2024-01-06,2,
LEAD000019,2024-01-04,West,Ahmedabad,Meera Joshi,Individual,Referral,79,124.70,4,Yes,2024-01-07,3,
LEAD000020,2024-01-04,North,Jaipur,Priya Verma,Individual,Referral,74,112.47,1,Yes,2024-01-12,8,
LEAD000021,2024-01-05,West,Ahmedabad,Meera Joshi,Individual,Marketplace,52,193.91,3,Yes,2024-01-12,7,
LEAD000022,2024-01-05,West,Ahmedabad,Dev Patel,Individual,Paid Social,41,411.35,3,Yes,2024-01-28,23,
LEAD000023,2024-01-05,South,Chennai,Sneha Rao,Individual,Referral,70,133.56,4,Yes,2024-01-07,2,
LEAD000024,2024-01-06,West,Pune,Meera Joshi,SME,Paid Social,61,477.90,3,No,,,Not Ready Yet
LEAD000025,2024-01-06,North,Delhi,Karan Malhotra,Corporate,Corporate Outreach,50,239.12,1,Yes,2024-02-08,33,
LEAD000026,2024-01-06,South,Hyderabad,Arjun Nair,SME,Corporate Outreach,43,306.30,4,No,,,No Response
LEAD000027,2024-01-06,South,Chennai,Isha Reddy,Individual,Walk-in,64,52.94,1,Yes,2024-01-20,14,
LEAD000028,2024-01-06,North,Delhi,Priya Verma,Individual,Referral,70,105.10,2,Yes,2024-01-17,11,
LEAD000029,2024-01-07,South,Bengaluru,Arjun Nair,Individual,Organic Search,71,88.64,4,No,,,Price Too High
LEAD000030,2024-01-07,North,Delhi,Priya Verma,Individual,Organic Search,77,102.95,4,Yes,2024-01-31,24,
LEAD000031,2024-01-07,South,Chennai,Isha Reddy,SME,Corporate Outreach,72,295.01,6,No,,,Competitor Chosen
LEAD000032,2024-01-07,South,Hyderabad,Isha Reddy,Individual,Organic Search,61,100.61,5,No,,,Price Too High
LEAD000033,2024-01-07,West,Pune,Meera Joshi,Individual,Referral,50,118.89,2,Yes,2024-01-19,12,
LEAD000034,2024-01-07,West,Pune,Dev Patel,SME,Google Ads,63,551.40,6,No,,,Competitor Chosen
LEAD000035,2024-01-07,West,Pune,Meera Joshi,SME,Walk-in,55,46.74,2,No,,,Competitor Chosen
LEAD000036,2024-01-08,South,Chennai,Sneha Rao,Individual,Organic Search,31,89.83,4,No,,,Not Ready Yet
LEAD000037,2024-01-08,North,Jaipur,Aarav Sharma,Individual,Google Ads,53,538.84,5,No,,,Price Too High
LEAD000038,2024-01-08,West,Pune,Rohan Mehta,Individual,Paid Social,44,464.84,3,No,,,Budget Delayed
LEAD000039,2024-01-08,West,Ahmedabad,Dev Patel,SME,Referral,69,129.21,4,No,,,Not Ready Yet
LEAD000040,2024-01-08,East,Bhubaneswar,Kavya Roy,SME,Corporate Outreach,60,252.03,1,No,,,No Response
LEAD000041,2024-01-08,North,Delhi,Priya Verma,Individual,Google Ads,41,594.66,1,No,,,Price Too High
LEAD000042,2024-01-08,South,Bengaluru,Sneha Rao,Individual,Paid Social,59,426.60,2,No,,,Budget Delayed
LEAD000043,2024-01-09,North,Delhi,Priya Verma,Individual,Walk-in,43,54.31,4,Yes,2024-01-22,13,
LEAD000044,2024-01-09,North,Delhi,Priya Verma,SME,Corporate Outreach,75,317.27,3,Yes,2024-02-01,23,
LEAD000045,2024-01-09,West,Ahmedabad,Dev Patel,SME,Corporate Outreach,69,271.03,2,No,,,No Response
LEAD000046,2024-01-10,North,Lucknow,Aarav Sharma,SME,Organic Search,64,100.15,6,No,,,Budget Delayed
LEAD000047,2024-01-10,East,Kolkata,Kavya Roy,Individual,Marketplace,55,212.81,3,Yes,2024-01-24,14,
LEAD000048,2024-01-10,South,Bengaluru,Arjun Nair,Individual,Organic Search,45,95.33,5,No,,,Competitor Chosen
LEAD000049,2024-01-10,East,Bhubaneswar,Neha Das,SME,Corporate Outreach,74,281.72,2,Yes,2024-02-04,25,
LEAD000050,2024-01-10,West,Mumbai,Dev Patel,Individual,Paid Social,62,480.35,2,No,,,Price Too High
LEAD000051,2024-01-10,West,Mumbai,Meera Joshi,SME,Corporate Outreach,62,248.40,3,Yes,2024-02-01,22,
LEAD000052,2024-01-10,South,Chennai,Arjun Nair,Individual,Walk-in,61,47.76,2,Yes,2024-01-14,4,
LEAD000053,2024-01-11,North,Lucknow,Karan Malhotra,Individual,Organic Search,40,98.72,2,Yes,2024-01-29,18,
LEAD000054,2024-01-11,West,Mumbai,Dev Patel,Individual,Paid Social,70,426.94,2,Yes,2024-01-26,15,
LEAD000055,2024-01-11,West,Mumbai,Dev Patel,Individual,Paid Social,58,422.27,6,No,,,No Response
LEAD000056,2024-01-11,East,Kolkata,Neha Das,SME,Organic Search,28,79.99,4,Yes,2024-02-04,24,
LEAD000057,2024-01-11,South,Chennai,Sneha Rao,Individual,Paid Social,61,418.21,1,No,,,Competitor Chosen
LEAD000058,2024-01-11,North,Jaipur,Aarav Sharma,Individual,Organic Search,59,84.44,3,Yes,2024-01-24,13,
LEAD000059,2024-01-11,North,Delhi,Karan Malhotra,Individual,Marketplace,53,161.62,4,Yes,2024-01-23,12,
LEAD000060,2024-01-12,West,Mumbai,Rohan Mehta,Individual,Paid Social,64,426.80,3,No,,,Budget Delayed
LEAD000061,2024-01-12,South,Hyderabad,Sneha Rao,Individual,Paid Social,37,446.10,3,No,,,Price Too High
LEAD000062,2024-01-12,South,Hyderabad,Arjun Nair,Individual,Organic Search,63,93.94,4,No,,,Budget Delayed
LEAD000063,2024-01-12,South,Chennai,Isha Reddy,Individual,Walk-in,50,51.78,1,No,,,Price Too High
LEAD000064,2024-01-12,South,Bengaluru,Isha Reddy,Individual,Walk-in,78,52.37,1,Yes,2024-01-13,1,
LEAD000065,2024-01-12,West,Ahmedabad,Meera Joshi,SME,Google Ads,49,601.73,3,Yes,2024-01-31,19,
LEAD000066,2024-01-12,North,Lucknow,Aarav Sharma,Individual,Organic Search,27,86.81,3,Yes,2024-01-30,18,
LEAD000067,2024-01-13,North,Lucknow,Karan Malhotra,Individual,Organic Search,57,78.09,2,Yes,2024-01-28,15,
LEAD000068,2024-01-13,East,Kolkata,Kavya Roy,Individual,Google Ads,64,574.98,3,Yes,2024-01-28,15,
LEAD000069,2024-01-14,East,Guwahati,Vikram Sen,Individual,Walk-in,43,46.54,4,No,,,Not Ready Yet
LEAD000070,2024-01-14,West,Pune,Rohan Mehta,Individual,Google Ads,49,630.06,3,Yes,2024-01-16,2,
LEAD000071,2024-01-14,South,Bengaluru,Isha Reddy,Individual,Organic Search,43,102.63,5,No,,,Price Too High
LEAD000072,2024-01-14,West,Ahmedabad,Rohan Mehta,Individual,Paid Social,46,470.33,4,No,,,Price Too High
LEAD000073,2024-01-15,East,Bhubaneswar,Kavya Roy,Corporate,Corporate Outreach,73,267.52,6,No,,,No Response
LEAD000074,2024-01-15,South,Hyderabad,Isha Reddy,Individual,Organic Search,51,87.17,1,No,,,No Response
LEAD000075,2024-01-15,North,Delhi,Karan Malhotra,Corporate,Google Ads,62,645.14,6,No,,,Not Ready Yet
LEAD000076,2024-01-15,East,Bhubaneswar,Neha Das,Individual,Marketplace,75,162.40,3,Yes,2024-01-23,8,
LEAD000077,2024-01-15,South,Hyderabad,Sneha Rao,Individual,Organic Search,67,97.09,4,Yes,2024-02-08,24,
LEAD000078,2024-01-15,West,Ahmedabad,Dev Patel,Individual,Paid Social,53,381.42,6,No,,,No Response
LEAD000079,2024-01-16,East,Kolkata,Kavya Roy,Individual,Organic Search,60,101.78,3,Yes,2024-02-01,16,
LEAD000080,2024-01-16,West,Mumbai,Rohan Mehta,SME,Walk-in,34,51.70,2,No,,,Price Too High
LEAD000081,2024-01-17,West,Pune,Rohan Mehta,Corporate,Walk-in,75,45.44,1,Yes,2024-02-07,21,
LEAD000082,2024-01-17,South,Hyderabad,Arjun Nair,Individual,Paid Social,57,452.21,6,No,,,Budget Delayed
LEAD000083,2024-01-17,South,Bengaluru,Isha Reddy,Individual,Organic Search,56,81.68,3,Yes,2024-02-04,18,
LEAD000084,2024-01-17,South,Chennai,Isha Reddy,Individual,Referral,85,135.76,1,Yes,2024-01-25,8,
LEAD000085,2024-01-17,South,Chennai,Sneha Rao,SME,Google Ads,66,619.18,4,Yes,2024-02-04,18,
LEAD000086,2024-01-17,West,Mumbai,Dev Patel,Individual,Google Ads,45,599.89,4,No,,,No Response
LEAD000087,2024-01-18,West,Ahmedabad,Rohan Mehta,Corporate,Corporate Outreach,44,264.11,2,No,,,Price Too High
LEAD000088,2024-01-18,South,Bengaluru,Arjun Nair,Individual,Organic Search,22,83.17,3,No,,,Budget Delayed
LEAD000089,2024-01-19,West,Ahmedabad,Rohan Mehta,SME,Referral,66,124.51,1,Yes,2024-01-27,8,
LEAD000090,2024-01-19,South,Bengaluru,Sneha Rao,Corporate,Corporate Outreach,63,248.71,6,No,,,Price Too High
LEAD000091,2024-01-19,East,Kolkata,Neha Das,Individual,Paid Social,57,377.86,4,Yes,2024-02-02,14,
LEAD000092,2024-01-19,South,Bengaluru,Isha Reddy,SME,Walk-in,61,55.70,4,Yes,2024-01-27,8,
LEAD000093,2024-01-19,South,Hyderabad,Isha Reddy,SME,Paid Social,48,441.98,1,Yes,2024-02-09,21,
LEAD000094,2024-01-20,South,Chennai,Sneha Rao,Individual,Google Ads,66,561.58,4,Yes,2024-02-14,25,
LEAD000095,2024-01-20,North,Delhi,Aarav Sharma,Individual,Paid Social,77,384.52,2,Yes,2024-02-08,19,
LEAD000096,2024-01-20,West,Mumbai,Meera Joshi,Corporate,Corporate Outreach,51,280.60,2,No,,,Price Too High
LEAD000097,2024-01-21,South,Chennai,Arjun Nair,Individual,Marketplace,51,201.10,4,Yes,2024-01-25,4,
LEAD000098,2024-01-21,East,Bhubaneswar,Neha Das,SME,Referral,58,113.83,4,Yes,2024-01-26,5,
LEAD000099,2024-01-22,North,Lucknow,Aarav Sharma,Individual,Marketplace,43,203.37,2,No,,,Price Too High
LEAD000100,2024-01-23,East,Kolkata,Kavya Roy,Individual,Google Ads,40,540.71,1,No,,,No Response
LEAD000101,2024-01-23,North,Delhi,Priya Verma,Individual,Referral,78,108.27,2,No,,,Price Too High
LEAD000102,2024-01-23,East,Bhubaneswar,Neha Das,SME,Google Ads,50,696.38,3,Yes,2024-01-30,7,
LEAD000103,2024-01-23,North,Jaipur,Priya Verma,Individual,Marketplace,52,199.17,3,Yes,2024-01-29,6,
LEAD000104,2024-01-23,East,Guwahati,Kavya Roy,SME,Corporate Outreach,66,304.77,2,Yes,2024-01-29,6,
LEAD000105,2024-01-23,North,Delhi,Priya Verma,Individual,Paid Social,30,434.58,5,No,,,Price Too High
LEAD000106,2024-01-23,South,Bengaluru,Sneha Rao,Individual,Google Ads,32,565.92,4,Yes,2024-02-10,18,
LEAD000107,2024-01-24,North,Jaipur,Karan Malhotra,Individual,Organic Search,34,89.04,3,No,,,No Response
LEAD000108,2024-01-24,West,Mumbai,Dev Patel,Individual,Marketplace,78,197.87,4,Yes,2024-02-03,10,
LEAD000109,2024-01-24,South,Hyderabad,Sneha Rao,Individual,Organic Search,67,101.76,2,Yes,2024-02-07,14,
LEAD000110,2024-01-24,West,Pune,Rohan Mehta,SME,Google Ads,46,613.54,2,No,,,Competitor Chosen
LEAD000111,2024-01-24,South,Hyderabad,Arjun Nair,Individual,Google Ads,46,576.41,2,Yes,2024-02-09,16,
LEAD000112,2024-01-24,North,Lucknow,Priya Verma,SME,Referral,66,135.36,3,Yes,2024-02-06,13,
LEAD000113,2024-01-24,North,Delhi,Aarav Sharma,Individual,Google Ads,52,562.46,6,No,,,Budget Delayed
LEAD000114,2024-01-24,South,Bengaluru,Isha Reddy,SME,Corporate Outreach,47,307.07,3,Yes,2024-02-04,11,
LEAD000115,2024-01-25,South,Hyderabad,Arjun Nair,SME,Marketplace,79,174.47,2,No,,,Not Ready Yet
LEAD000116,2024-01-25,South,Bengaluru,Sneha Rao,Individual,Walk-in,59,47.61,6,No,,,Budget Delayed
LEAD000117,2024-01-25,North,Lucknow,Priya Verma,SME,Walk-in,62,51.16,2,Yes,2024-01-31,6,
LEAD000118,2024-01-26,North,Lucknow,Aarav Sharma,Individual,Referral,81,117.33,4,Yes,2024-01-30,4,
LEAD000119,2024-01-26,South,Chennai,Isha Reddy,Individual,Google Ads,84,711.93,2,No,,,Not Ready Yet
LEAD000120,2024-01-26,West,Ahmedabad,Dev Patel,Individual,Google Ads,61,626.42,1,Yes,2024-02-09,14,
LEAD000121,2024-01-26,North,Delhi,Karan Malhotra,Corporate,Referral,62,126.80,2,No,,,Price Too High
LEAD000122,2024-01-26,West,Mumbai,Rohan Mehta,Corporate,Corporate Outreach,66,282.05,6,Yes,2024-02-21,26,
LEAD000123,2024-01-27,West,Mumbai,Rohan Mehta,Individual,Marketplace,50,188.76,4,Yes,2024-02-05,9,
LEAD000124,2024-01-27,North,Lucknow,Aarav Sharma,Individual,Organic Search,62,80.79,4,Yes,2024-02-20,24,
LEAD000125,2024-01-27,South,Bengaluru,Sneha Rao,Individual,Referral,65,123.77,4,Yes,2024-01-29,2,
LEAD000126,2024-01-27,North,Delhi,Karan Malhotra,SME,Paid Social,54,448.87,6,No,,,Price Too High
LEAD000127,2024-01-28,East,Kolkata,Kavya Roy,SME,Paid Social,66,460.09,2,No,,,Not Ready Yet
LEAD000128,2024-01-28,West,Ahmedabad,Rohan Mehta,Individual,Organic Search,31,100.00,1,No,,,Price Too High
LEAD000129,2024-01-28,North,Jaipur,Priya Verma,Individual,Organic Search,53,91.43,4,No,,,Not Ready Yet
LEAD000130,2024-01-29,East,Kolkata,Vikram Sen,Individual,Walk-in,26,50.09,2,No,,,No Response
LEAD000131,2024-01-29,West,Mumbai,Dev Patel,Individual,Paid Social,44,397.83,1,Yes,2024-02-01,3,
LEAD000132,2024-01-29,South,Bengaluru,Isha Reddy,SME,Referral,78,127.69,2,Yes,2024-02-07,9,
LEAD000133,2024-01-29,West,Pune,Meera Joshi,SME,Organic Search,64,81.05,4,Yes,2024-02-17,19,
LEAD000134,2024-01-29,South,Bengaluru,Arjun Nair,Individual,Google Ads,58,609.22,2,Yes,2024-02-01,3,
LEAD000135,2024-01-30,North,Jaipur,Karan Malhotra,Individual,Referral,77,103.75,1,Yes,2024-01-31,1,
LEAD000136,2024-01-30,West,Mumbai,Rohan Mehta,Individual,Google Ads,48,711.01,1,Yes,2024-02-14,15,
LEAD000137,2024-01-30,West,Mumbai,Dev Patel,Individual,Marketplace,81,164.01,2,Yes,2024-02-11,12,
LEAD000138,2024-01-30,West,Ahmedabad,Meera Joshi,Individual,Organic Search,74,101.85,4,Yes,2024-02-18,19,
LEAD000139,2024-01-30,North,Delhi,Priya Verma,Individual,Organic Search,56,94.26,1,Yes,2024-02-08,9,
LEAD000140,2024-01-30,North,Jaipur,Aarav Sharma,Individual,Organic Search,56,103.04,4,Yes,2024-02-20,21,
LEAD000141,2024-01-31,North,Jaipur,Karan Malhotra,Individual,Marketplace,23,205.47,6,No,,,Not Ready Yet
LEAD000142,2024-01-31,North,Delhi,Karan Malhotra,Individual,Marketplace,33,213.49,3,No,,,Price Too High
LEAD000143,2024-01-31,West,Pune,Dev Patel,Individual,Paid Social,63,460.69,1,No,,,No Response
LEAD000144,2024-01-31,South,Hyderabad,Sneha Rao,Individual,Paid Social,52,448.32,2,Yes,2024-02-14,14,
LEAD000145,2024-02-01,North,Jaipur,Priya Verma,SME,Google Ads,54,604.17,5,No,,,Budget Delayed
LEAD000146,2024-02-01,South,Chennai,Sneha Rao,SME,Google Ads,79,695.63,1,Yes,2024-02-20,19,
LEAD000147,2024-02-01,South,Bengaluru,Isha Reddy,Individual,Organic Search,70,78.24,1,Yes,2024-02-23,22,
LEAD000148,2024-02-01,West,Ahmedabad,Rohan Mehta,Individual,Organic Search,44,92.50,2,Yes,2024-02-05,4,
LEAD000149,2024-02-01,South,Chennai,Sneha Rao,Individual,Paid Social,44,443.65,2,Yes,2024-02-16,15,
LEAD000150,2024-02-01,West,Pune,Dev Patel,Individual,Marketplace,59,183.03,4,Yes,2024-02-07,6,
LEAD000151,2024-02-01,West,Pune,Dev Patel,SME,Marketplace,69,210.18,4,Yes,2024-02-08,7,
LEAD000152,2024-02-01,South,Chennai,Isha Reddy,Individual,Paid Social,28,424.01,4,No,,,No Response
LEAD000153,2024-02-01,West,Pune,Rohan Mehta,Individual,Referral,77,119.69,3,Yes,2024-02-15,14,
LEAD000154,2024-02-01,East,Guwahati,Kavya Roy,Individual,Paid Social,84,479.66,5,No,,,Price Too High
LEAD000155,2024-02-02,East,Kolkata,Kavya Roy,Individual,Walk-in,82,49.83,3,No,,,No Response
LEAD000156,2024-02-02,South,Chennai,Isha Reddy,Individual,Paid Social,46,470.39,4,No,,,Price Too High
LEAD000157,2024-02-02,South,Chennai,Isha Reddy,Individual,Organic Search,29,76.83,2,Yes,2024-02-11,9,
LEAD000158,2024-02-03,South,Hyderabad,Arjun Nair,Individual,Paid Social,30,478.50,5,No,,,Not Ready Yet
LEAD000159,2024-02-03,North,Delhi,Karan Malhotra,Individual,Marketplace,49,167.73,1,Yes,2024-02-10,7,
LEAD000160,2024-02-03,South,Chennai,Sneha Rao,Individual,Organic Search,45,103.15,6,No,,,No Response
LEAD000161,2024-02-03,South,Bengaluru,Sneha Rao,SME,Paid Social,42,456.32,2,No,,,No Response
LEAD000162,2024-02-03,North,Delhi,Aarav Sharma,Individual,Walk-in,64,54.64,2,Yes,2024-02-04,1,
LEAD000163,2024-02-03,North,Lucknow,Priya Verma,Individual,Marketplace,74,168.61,4,Yes,2024-02-05,2,
LEAD000164,2024-02-04,North,Delhi,Aarav Sharma,Individual,Referral,79,129.06,3,Yes,2024-02-05,1,
LEAD000165,2024-02-04,North,Jaipur,Aarav Sharma,Individual,Paid Social,73,426.55,3,No,,,Not Ready Yet
LEAD000166,2024-02-04,West,Pune,Meera Joshi,Individual,Google Ads,58,650.70,3,Yes,2024-02-13,9,
LEAD000167,2024-02-04,West,Mumbai,Meera Joshi,SME,Marketplace,88,162.96,2,Yes,2024-02-18,14,
LEAD000168,2024-02-04,North,Jaipur,Karan Malhotra,SME,Google Ads,58,615.39,6,No,,,Competitor Chosen
LEAD000169,2024-02-04,West,Mumbai,Dev Patel,Corporate,Organic Search,72,88.50,6,Yes,2024-03-03,28,
LEAD000170,2024-02-04,South,Hyderabad,Isha Reddy,SME,Google Ads,59,686.42,4,No,,,Not Ready Yet
LEAD000171,2024-02-04,East,Bhubaneswar,Neha Das,Individual,Referral,86,106.60,1,Yes,2024-02-16,12,
LEAD000172,2024-02-04,South,Bengaluru,Isha Reddy,Corporate,Walk-in,35,49.73,4,No,,,Not Ready Yet
LEAD000173,2024-02-04,West,Mumbai,Rohan Mehta,SME,Walk-in,71,56.04,3,Yes,2024-02-07,3,
LEAD000174,2024-02-05,South,Bengaluru,Arjun Nair,Individual,Marketplace,66,191.97,6,No,,,Price Too High
LEAD000175,2024-02-05,South,Bengaluru,Isha Reddy,Individual,Organic Search,27,101.07,4,Yes,2024-02-17,12,
LEAD000176,2024-02-06,South,Chennai,Isha Reddy,Individual,Paid Social,37,380.42,2,No,,,Price Too High
LEAD000177,2024-02-06,North,Delhi,Karan Malhotra,Individual,Organic Search,76,92.08,4,Yes,2024-02-18,12,
LEAD000178,2024-02-06,North,Delhi,Karan Malhotra,Individual,Google Ads,51,700.71,3,No,,,Budget Delayed
LEAD000179,2024-02-06,North,Jaipur,Karan Malhotra,Individual,Google Ads,41,619.97,2,Yes,2024-02-17,11,
LEAD000180,2024-02-06,West,Pune,Rohan Mehta,SME,Marketplace,54,179.11,1,No,,,Competitor Chosen
LEAD000181,2024-02-06,East,Kolkata,Kavya Roy,Individual,Referral,68,113.99,1,No,,,Not Ready Yet
LEAD000182,2024-02-06,South,Bengaluru,Isha Reddy,Corporate,Corporate Outreach,70,299.10,2,No,,,Not Ready Yet
LEAD000183,2024-02-07,West,Ahmedabad,Rohan Mehta,Corporate,Corporate Outreach,46,282.34,4,No,,,No Response
LEAD000184,2024-02-07,North,Jaipur,Aarav Sharma,Individual,Paid Social,72,475.13,1,Yes,2024-02-19,12,
LEAD000185,2024-02-07,South,Hyderabad,Sneha Rao,Individual,Paid Social,21,449.51,6,No,,,Price Too High
LEAD000186,2024-02-07,West,Ahmedabad,Rohan Mehta,Individual,Marketplace,61,214.28,2,Yes,2024-02-14,7,
LEAD000187,2024-02-07,North,Lucknow,Aarav Sharma,Corporate,Corporate Outreach,44,271.94,2,No,,,Competitor Chosen
LEAD000188,2024-02-07,North,Delhi,Priya Verma,Individual,Referral,64,129.93,4,Yes,2024-02-19,12,
LEAD000189,2024-02-08,East,Bhubaneswar,Vikram Sen,SME,Corporate Outreach,50,247.80,3,No,,,Price Too High
LEAD000190,2024-02-08,North,Jaipur,Karan Malhotra,Individual,Paid Social,43,461.65,4,No,,,No Response
LEAD000191,2024-02-08,South,Bengaluru,Arjun Nair,Corporate,Referral,63,131.26,4,Yes,2024-02-27,19,
LEAD000192,2024-02-08,North,Jaipur,Karan Malhotra,SME,Referral,73,129.13,1,Yes,2024-02-22,14,
LEAD000193,2024-02-08,North,Jaipur,Aarav Sharma,Individual,Referral,74,106.64,1,Yes,2024-02-10,2,
LEAD000194,2024-02-08,North,Delhi,Karan Malhotra,Individual,Walk-in,75,47.95,3,Yes,2024-02-10,2,
LEAD000195,2024-02-09,West,Pune,Dev Patel,Individual,Google Ads,75,553.01,6,No,,,No Response
LEAD000196,2024-02-09,West,Mumbai,Meera Joshi,Individual,Paid Social,46,396.09,6,No,,,Budget Delayed
LEAD000197,2024-02-09,North,Delhi,Aarav Sharma,Corporate,Referral,68,121.79,1,Yes,2024-03-15,35,
LEAD000198,2024-02-09,North,Jaipur,Aarav Sharma,Individual,Organic Search,71,90.97,2,Yes,2024-02-24,15,
LEAD000199,2024-02-09,North,Jaipur,Karan Malhotra,Individual,Organic Search,42,98.68,5,No,,,Price Too High
LEAD000200,2024-02-09,West,Ahmedabad,Meera Joshi,Individual,Referral,81,126.62,1,Yes,2024-02-11,2,
LEAD000201,2024-02-10,West,Mumbai,Rohan Mehta,Individual,Google Ads,53,597.15,1,Yes,2024-02-12,2,
LEAD000202,2024-02-10,East,Kolkata,Vikram Sen,SME,Organic Search,87,79.08,4,Yes,2024-02-21,11,
LEAD000203,2024-02-10,West,Pune,Meera Joshi,Individual,Referral,73,131.02,4,No,,,Price Too High
LEAD000204,2024-02-11,South,Chennai,Isha Reddy,Individual,Walk-in,52,42.64,3,Yes,2024-02-14,3,
LEAD000205,2024-02-11,West,Mumbai,Rohan Mehta,Individual,Paid Social,49,397.64,3,No,,,Competitor Chosen
LEAD000206,2024-02-12,South,Chennai,Sneha Rao,Individual,Google Ads,91,704.19,3,Yes,2024-02-23,11,
LEAD000207,2024-02-12,West,Pune,Rohan Mehta,Individual,Marketplace,72,165.87,1,Yes,2024-02-14,2,
LEAD000208,2024-02-13,North,Delhi,Karan Malhotra,Individual,Walk-in,53,42.66,4,No,,,Budget Delayed
LEAD000209,2024-02-13,East,Bhubaneswar,Kavya Roy,Individual,Paid Social,44,445.00,1,No,,,No Response
LEAD000210,2024-02-13,East,Bhubaneswar,Kavya Roy,Individual,Paid Social,32,484.24,6,No,,,Competitor Chosen
LEAD000211,2024-02-13,East,Guwahati,Kavya Roy,Individual,Referral,87,108.29,5,No,,,Not Ready Yet
LEAD000212,2024-02-13,West,Mumbai,Meera Joshi,Corporate,Corporate Outreach,53,266.39,1,Yes,2024-03-15,31,
LEAD000213,2024-02-13,South,Chennai,Sneha Rao,Individual,Paid Social,52,404.82,4,No,,,Price Too High
LEAD000214,2024-02-13,East,Bhubaneswar,Vikram Sen,Corporate,Google Ads,58,641.49,1,No,,,No Response
LEAD000215,2024-02-14,West,Mumbai,Rohan Mehta,Individual,Referral,64,121.05,1,Yes,2024-02-18,4,
LEAD000216,2024-02-14,East,Kolkata,Neha Das,Individual,Walk-in,59,48.11,4,Yes,2024-02-22,8,
LEAD000217,2024-02-14,West,Ahmedabad,Dev Patel,SME,Organic Search,31,76.66,4,Yes,2024-02-27,13,
LEAD000218,2024-02-14,East,Bhubaneswar,Vikram Sen,Individual,Organic Search,68,100.83,3,Yes,2024-03-10,25,
LEAD000219,2024-02-14,North,Delhi,Priya Verma,Corporate,Walk-in,70,53.77,3,Yes,2024-03-01,16,
LEAD000220,2024-02-15,South,Hyderabad,Isha Reddy,Corporate,Google Ads,69,674.44,1,Yes,2024-03-01,15,
LEAD000221,2024-02-15,North,Delhi,Aarav Sharma,SME,Google Ads,52,616.32,6,No,,,Price Too High
LEAD000222,2024-02-15,North,Delhi,Priya Verma,Individual,Organic Search,45,79.61,2,No,,,No Response
LEAD000223,2024-02-16,North,Jaipur,Karan Malhotra,SME,Google Ads,50,562.09,5,No,,,Competitor Chosen
LEAD000224,2024-02-16,South,Hyderabad,Sneha Rao,Individual,Organic Search,31,88.01,2,Yes,2024-02-24,8,
LEAD000225,2024-02-16,South,Bengaluru,Sneha Rao,Individual,Paid Social,40,373.41,4,Yes,2024-03-02,15,
LEAD000226,2024-02-16,West,Mumbai,Rohan Mehta,Individual,Google Ads,18,693.49,4,No,,,Price Too High
LEAD000227,2024-02-16,North,Delhi,Karan Malhotra,SME,Google Ads,25,703.39,3,Yes,2024-02-23,7,
LEAD000228,2024-02-16,West,Mumbai,Rohan Mehta,Individual,Referral,71,114.98,3,Yes,2024-02-19,3,
LEAD000229,2024-02-17,South,Chennai,Isha Reddy,Individual,Google Ads,51,665.12,1,No,,,Price Too High
LEAD000230,2024-02-17,North,Jaipur,Karan Malhotra,SME,Google Ads,49,628.66,1,No,,,Price Too High
LEAD000231,2024-02-17,West,Pune,Rohan Mehta,Individual,Organic Search,68,100.66,5,No,,,Not Ready Yet
LEAD000232,2024-02-17,West,Pune,Meera Joshi,Individual,Paid Social,64,387.03,5,No,,,Budget Delayed
LEAD000233,2024-02-17,North,Lucknow,Priya Verma,Individual,Paid Social,59,434.19,4,No,,,No Response
LEAD000234,2024-02-17,West,Mumbai,Meera Joshi,SME,Paid Social,30,392.19,4,No,,,Competitor Chosen
LEAD000235,2024-02-18,North,Jaipur,Karan Malhotra,Individual,Marketplace,62,210.09,5,No,,,No Response
LEAD000236,2024-02-18,West,Mumbai,Rohan Mehta,Individual,Organic Search,41,101.94,2,Yes,2024-02-21,3,
LEAD000237,2024-02-18,North,Delhi,Aarav Sharma,Individual,Google Ads,66,587.37,3,Yes,2024-03-02,13,
LEAD000238,2024-02-18,East,Guwahati,Neha Das,SME,Paid Social,36,446.25,3,No,,,Not Ready Yet
LEAD000239,2024-02-18,North,Delhi,Karan Malhotra,Corporate,Corporate Outreach,76,300.64,5,No,,,Price Too High
LEAD000240,2024-02-19,West,Pune,Dev Patel,Individual,Paid Social,49,391.81,2,No,,,No Response
LEAD000241,2024-02-19,South,Chennai,Arjun Nair,Individual,Google Ads,55,612.45,1,No,,,No Response
LEAD000242,2024-02-19,South,Bengaluru,Isha Reddy,Individual,Referral,51,133.87,1,No,,,No Response
LEAD000243,2024-02-19,South,Chennai,Sneha Rao,Individual,Organic Search,58,80.21,1,No,,,Budget Delayed
LEAD000244,2024-02-19,South,Bengaluru,Sneha Rao,Individual,Organic Search,90,80.07,6,No,,,Not Ready Yet
LEAD000245,2024-02-19,South,Bengaluru,Isha Reddy,Individual,Walk-in,84,55.29,3,Yes,2024-03-04,14,
LEAD000246,2024-02-19,North,Delhi,Karan Malhotra,SME,Marketplace,59,175.40,2,Yes,2024-02-27,8,
LEAD000247,2024-02-19,West,Mumbai,Dev Patel,Individual,Walk-in,68,44.63,4,Yes,2024-03-04,14,
LEAD000248,2024-02-19,East,Kolkata,Neha Das,Individual,Google Ads,65,654.74,4,Yes,2024-03-13,23,
LEAD000249,2024-02-19,South,Chennai,Arjun Nair,Individual,Organic Search,88,79.70,3,Yes,2024-03-11,21,
LEAD000250,2024-02-19,East,Guwahati,Vikram Sen,Individual,Organic Search,80,94.84,2,Yes,2024-03-11,21,
LEAD000251,2024-02-19,North,Jaipur,Priya Verma,Individual,Google Ads,66,677.79,3,Yes,2024-03-03,13,
LEAD000252,2024-02-20,South,Bengaluru,Sneha Rao,SME,Corporate Outreach,49,270.81,2,No,,,No Response
LEAD000253,2024-02-20,South,Chennai,Arjun Nair,SME,Organic Search,36,81.41,2,Yes,2024-03-03,12,
LEAD000254,2024-02-20,West,Mumbai,Meera Joshi,Individual,Marketplace,68,169.38,3,Yes,2024-03-02,11,
LEAD000255,2024-02-20,East,Guwahati,Neha Das,Individual,Paid Social,34,457.72,4,No,,,Price Too High
LEAD000256,2024-02-20,West,Ahmedabad,Dev Patel,Individual,Organic Search,54,86.28,1,Yes,2024-02-28,8,
LEAD000257,2024-02-20,West,Mumbai,Rohan Mehta,Individual,Google Ads,75,682.36,3,No,,,No Response
LEAD000258,2024-02-20,West,Ahmedabad,Meera Joshi,Individual,Walk-in,33,56.93,1,Yes,2024-02-23,3,
LEAD000259,2024-02-21,South,Hyderabad,Sneha Rao,Individual,Paid Social,59,477.79,4,No,,,Budget Delayed
LEAD000260,2024-02-21,North,Delhi,Aarav Sharma,Individual,Organic Search,60,81.43,4,No,,,Price Too High
LEAD000261,2024-02-21,South,Chennai,Isha Reddy,Corporate,Corporate Outreach,55,251.09,1,No,,,No Response
LEAD000262,2024-02-21,East,Kolkata,Vikram Sen,Individual,Organic Search,41,88.77,6,No,,,Not Ready Yet
LEAD000263,2024-02-21,South,Bengaluru,Isha Reddy,Individual,Referral,58,136.24,5,No,,,No Response
LEAD000264,2024-02-22,South,Hyderabad,Sneha Rao,Individual,Organic Search,62,78.58,5,No,,,Competitor Chosen
LEAD000265,2024-02-22,South,Hyderabad,Isha Reddy,Individual,Walk-in,71,44.13,3,Yes,2024-02-26,4,
LEAD000266,2024-02-22,North,Jaipur,Priya Verma,Individual,Google Ads,81,638.06,2,Yes,2024-02-26,4,
LEAD000267,2024-02-22,South,Bengaluru,Isha Reddy,Individual,Marketplace,58,206.54,1,No,,,Competitor Chosen
LEAD000268,2024-02-22,North,Delhi,Priya Verma,Individual,Google Ads,64,585.49,2,Yes,2024-03-07,14,
LEAD000269,2024-02-22,West,Mumbai,Rohan Mehta,Individual,Organic Search,37,92.35,1,Yes,2024-02-28,6,
LEAD000270,2024-02-23,West,Pune,Rohan Mehta,Individual,Organic Search,71,102.23,1,Yes,2024-03-16,22,
LEAD000271,2024-02-23,North,Delhi,Karan Malhotra,Individual,Walk-in,78,49.21,3,Yes,2024-03-06,12,
LEAD000272,2024-02-23,North,Delhi,Karan Malhotra,SME,Paid Social,85,392.44,6,No,,,No Response
LEAD000273,2024-02-23,South,Bengaluru,Sneha Rao,Individual,Marketplace,60,216.73,3,No,,,Competitor Chosen
LEAD000274,2024-02-23,South,Bengaluru,Sneha Rao,Individual,Organic Search,59,92.07,3,Yes,2024-02-27,4,
LEAD000275,2024-02-23,West,Mumbai,Dev Patel,SME,Google Ads,46,701.81,6,No,,,Not Ready Yet
LEAD000276,2024-02-23,East,Kolkata,Neha Das,SME,Paid Social,54,412.81,6,No,,,Price Too High
LEAD000277,2024-02-24,South,Chennai,Arjun Nair,Individual,Paid Social,23,448.56,1,No,,,Competitor Chosen
LEAD000278,2024-02-24,South,Bengaluru,Isha Reddy,Individual,Marketplace,67,210.17,4,Yes,2024-02-27,3,
LEAD000279,2024-02-24,North,Lucknow,Karan Malhotra,Individual,Paid Social,32,379.48,1,No,,,Price Too High
LEAD000280,2024-02-25,East,Kolkata,Neha Das,Individual,Google Ads,32,657.63,5,No,,,No Response
LEAD000281,2024-02-25,West,Mumbai,Rohan Mehta,Individual,Marketplace,64,165.06,4,Yes,2024-03-06,10,
LEAD000282,2024-02-25,South,Chennai,Arjun Nair,Individual,Organic Search,66,83.79,4,Yes,2024-03-19,23,
LEAD000283,2024-02-26,South,Bengaluru,Sneha Rao,Individual,Organic Search,69,81.47,3,Yes,2024-03-05,8,
LEAD000284,2024-02-26,North,Lucknow,Priya Verma,Individual,Walk-in,46,49.72,4,Yes,2024-03-03,6,
LEAD000285,2024-02-26,West,Ahmedabad,Dev Patel,Individual,Marketplace,32,202.70,5,No,,,Price Too High
LEAD000286,2024-02-26,South,Bengaluru,Isha Reddy,Corporate,Walk-in,46,42.71,6,No,,,Budget Delayed
LEAD000287,2024-02-26,East,Guwahati,Neha Das,SME,Organic Search,73,101.97,4,Yes,2024-02-28,2,
LEAD000288,2024-02-27,South,Hyderabad,Isha Reddy,Corporate,Corporate Outreach,55,296.50,4,Yes,2024-03-18,20,
LEAD000289,2024-02-27,South,Hyderabad,Sneha Rao,Individual,Marketplace,77,162.42,3,Yes,2024-03-12,14,
LEAD000290,2024-02-27,East,Kolkata,Vikram Sen,Individual,Referral,62,114.68,3,Yes,2024-03-05,7,
LEAD000291,2024-02-27,West,Pune,Meera Joshi,Individual,Organic Search,49,84.20,5,No,,,No Response
LEAD000292,2024-02-27,South,Chennai,Isha Reddy,Individual,Referral,70,131.01,1,No,,,Not Ready Yet
LEAD000293,2024-02-27,North,Jaipur,Karan Malhotra,Corporate,Corporate Outreach,57,286.82,6,No,,,No Response
LEAD000294,2024-02-28,North,Delhi,Priya Verma,Individual,Walk-in,37,55.35,2,Yes,2024-03-01,2,
LEAD000295,2024-02-28,East,Kolkata,Neha Das,Individual,Walk-in,50,50.11,2,Yes,2024-03-05,6,
LEAD000296,2024-02-28,North,Jaipur,Priya Verma,SME,Marketplace,34,212.81,1,Yes,2024-03-03,4,
LEAD000297,2024-02-28,West,Mumbai,Rohan Mehta,SME,Marketplace,33,175.28,4,Yes,2024-03-02,3,
LEAD000298,2024-02-28,East,Kolkata,Kavya Roy,Individual,Organic Search,55,93.68,4,No,,,Price Too High
LEAD000299,2024-02-28,East,Kolkata,Neha Das,Individual,Paid Social,74,416.07,6,No,,,Competitor Chosen
LEAD000300,2024-02-28,South,Chennai,Isha Reddy,Individual,Google Ads,73,529.15,4,Yes,2024-03-01,2,
LEAD000301,2024-02-29,South,Bengaluru,Isha Reddy,Individual,Marketplace,70,197.66,2,No,,,Not Ready Yet
LEAD000302,2024-02-29,South,Bengaluru,Isha Reddy,SME,Google Ads,64,677.12,2,No,,,Budget Delayed
LEAD000303,2024-02-29,West,Mumbai,Rohan Mehta,Individual,Marketplace,43,214.35,1,No,,,Price Too High
LEAD000304,2024-03-01,North,Delhi,Priya Verma,SME,Organic Search,42,82.12,3,No,,,Not Ready Yet
LEAD000305,2024-03-01,North,Lucknow,Priya Verma,Individual,Marketplace,78,207.59,4,Yes,2024-03-07,6,
LEAD000306,2024-03-01,North,Delhi,Aarav Sharma,Individual,Referral,76,137.77,1,No,,,Not Ready Yet
LEAD000307,2024-03-02,West,Pune,Dev Patel,Individual,Paid Social,52,431.52,5,No,,,Price Too High
LEAD000308,2024-03-02,North,Lucknow,Aarav Sharma,SME,Organic Search,65,83.72,2,Yes,2024-03-06,4,
LEAD000309,2024-03-02,West,Ahmedabad,Meera Joshi,Individual,Referral,39,111.00,2,Yes,2024-03-09,7,
LEAD000310,2024-03-02,North,Lucknow,Karan Malhotra,Individual,Google Ads,63,674.70,5,No,,,No Response
LEAD000311,2024-03-02,East,Kolkata,Neha Das,Individual,Walk-in,66,51.01,2,Yes,2024-03-09,7,
LEAD000312,2024-03-02,West,Pune,Rohan Mehta,Individual,Marketplace,38,178.23,3,No,,,Competitor Chosen
LEAD000313,2024-03-03,South,Hyderabad,Isha Reddy,Individual,Organic Search,63,82.31,3,No,,,Price Too High
LEAD000314,2024-03-03,West,Mumbai,Meera Joshi,Individual,Google Ads,69,613.56,2,Yes,2024-03-15,12,
LEAD000315,2024-03-03,South,Chennai,Isha Reddy,Individual,Google Ads,60,691.30,6,No,,,Competitor Chosen
LEAD000316,2024-03-03,South,Bengaluru,Isha Reddy,Individual,Walk-in,68,45.46,2,Yes,2024-03-09,6,
LEAD000317,2024-03-03,South,Hyderabad,Arjun Nair,Individual,Organic Search,64,84.20,1,Yes,2024-03-23,20,
LEAD000318,2024-03-03,South,Chennai,Sneha Rao,Corporate,Corporate Outreach,69,282.81,4,No,,,Price Too High
LEAD000319,2024-03-03,West,Mumbai,Rohan Mehta,Individual,Organic Search,65,78.65,4,Yes,2024-03-16,13,
LEAD000320,2024-03-03,South,Hyderabad,Sneha Rao,Individual,Referral,43,132.35,1,Yes,2024-03-17,14,
LEAD000321,2024-03-04,East,Kolkata,Vikram Sen,Individual,Organic Search,68,78.88,4,No,,,Price Too High
LEAD000322,2024-03-04,South,Chennai,Isha Reddy,Corporate,Walk-in,66,43.15,3,No,,,Not Ready Yet
LEAD000323,2024-03-04,North,Delhi,Priya Verma,Individual,Referral,70,106.32,4,Yes,2024-03-07,3,
LEAD000324,2024-03-04,West,Mumbai,Dev Patel,SME,Corporate Outreach,47,281.83,4,No,,,Competitor Chosen
LEAD000325,2024-03-04,North,Jaipur,Priya Verma,Corporate,Corporate Outreach,56,244.95,6,Yes,2024-03-30,26,
LEAD000326,2024-03-04,West,Ahmedabad,Dev Patel,Individual,Marketplace,47,164.94,1,No,,,Not Ready Yet
LEAD000327,2024-03-04,North,Delhi,Priya Verma,Individual,Organic Search,63,95.63,3,Yes,2024-03-16,12,
LEAD000328,2024-03-05,South,Chennai,Sneha Rao,Corporate,Corporate Outreach,77,290.12,7,Yes,2024-04-10,36,
LEAD000329,2024-03-05,North,Delhi,Aarav Sharma,Individual,Organic Search,47,79.39,2,No,,,No Response
LEAD000330,2024-03-05,North,Delhi,Priya Verma,Individual,Organic Search,86,83.67,3,Yes,2024-03-21,16,
LEAD000331,2024-03-05,East,Kolkata,Neha Das,Individual,Google Ads,45,647.64,3,No,,,Price Too High
LEAD000332,2024-03-05,South,Hyderabad,Arjun Nair,Individual,Organic Search,63,90.50,4,Yes,2024-03-26,21,
LEAD000333,2024-03-05,North,Delhi,Aarav Sharma,Corporate,Corporate Outreach,61,246.49,5,Yes,2024-03-17,12,
LEAD000334,2024-03-05,North,Jaipur,Karan Malhotra,Individual,Google Ads,59,619.10,3,Yes,2024-03-29,24,
LEAD000335,2024-03-06,North,Delhi,Karan Malhotra,Individual,Referral,65,128.61,4,Yes,2024-03-18,12,
LEAD000336,2024-03-06,South,Chennai,Sneha Rao,Individual,Organic Search,51,102.48,2,Yes,2024-03-22,16,
LEAD000337,2024-03-06,South,Hyderabad,Sneha Rao,Individual,Google Ads,78,615.13,5,No,,,No Response
LEAD000338,2024-03-07,North,Lucknow,Priya Verma,Individual,Walk-in,68,50.38,2,Yes,2024-03-12,5,
LEAD000339,2024-03-07,North,Delhi,Aarav Sharma,Individual,Walk-in,49,52.45,3,Yes,2024-03-16,9,
LEAD000340,2024-03-07,North,Delhi,Priya Verma,Individual,Google Ads,72,547.97,4,Yes,2024-03-30,23,
LEAD000341,2024-03-08,South,Chennai,Sneha Rao,Individual,Paid Social,61,440.01,2,Yes,2024-03-10,2,
LEAD000342,2024-03-08,South,Hyderabad,Sneha Rao,SME,Google Ads,96,577.95,6,No,,,Price Too High
LEAD000343,2024-03-08,South,Hyderabad,Arjun Nair,Corporate,Google Ads,72,636.58,4,Yes,2024-04-06,29,
LEAD000344,2024-03-08,East,Kolkata,Vikram Sen,Individual,Paid Social,82,421.42,1,Yes,2024-03-29,21,
LEAD000345,2024-03-08,West,Ahmedabad,Meera Joshi,Individual,Marketplace,35,197.06,3,Yes,2024-03-11,3,
LEAD000346,2024-03-08,South,Bengaluru,Arjun Nair,Individual,Google Ads,58,680.54,3,Yes,2024-03-16,8,
LEAD000347,2024-03-09,North,Jaipur,Aarav Sharma,Individual,Referral,77,136.33,2,Yes,2024-03-14,5,
LEAD000348,2024-03-09,South,Bengaluru,Isha Reddy,Individual,Paid Social,53,426.54,1,Yes,2024-03-18,9,
LEAD000349,2024-03-09,West,Ahmedabad,Dev Patel,Individual,Google Ads,84,631.89,5,No,,,No Response
LEAD000350,2024-03-09,South,Bengaluru,Isha Reddy,Individual,Walk-in,40,47.02,2,Yes,2024-03-16,7,
LEAD000351,2024-03-09,North,Jaipur,Karan Malhotra,Individual,Organic Search,63,95.24,4,Yes,2024-03-27,18,
LEAD000352,2024-03-09,West,Pune,Meera Joshi,Individual,Paid Social,25,483.22,4,No,,,No Response
LEAD000353,2024-03-09,North,Lucknow,Aarav Sharma,SME,Walk-in,54,43.30,3,Yes,2024-03-12,3,
LEAD000354,2024-03-10,South,Bengaluru,Isha Reddy,Individual,Walk-in,68,43.77,4,No,,,Budget Delayed
LEAD000355,2024-03-10,North,Lucknow,Aarav Sharma,Individual,Organic Search,53,96.49,1,Yes,2024-03-13,3,
LEAD000356,2024-03-10,South,Chennai,Sneha Rao,Individual,Paid Social,69,480.96,4,No,,,Price Too High
LEAD000357,2024-03-10,South,Bengaluru,Isha Reddy,Individual,Marketplace,75,170.22,1,No,,,Price Too High
LEAD000358,2024-03-10,South,Hyderabad,Sneha Rao,Individual,Paid Social,53,484.96,4,No,,,No Response
LEAD000359,2024-03-11,West,Pune,Rohan Mehta,SME,Marketplace,31,186.14,6,No,,,Competitor Chosen
LEAD000360,2024-03-11,South,Bengaluru,Isha Reddy,Individual,Organic Search,49,89.47,5,No,,,Price Too High
LEAD000361,2024-03-11,North,Delhi,Karan Malhotra,Individual,Referral,48,107.33,4,Yes,2024-03-18,7,
LEAD000362,2024-03-11,North,Delhi,Priya Verma,Individual,Google Ads,72,534.93,6,No,,,Competitor Chosen
LEAD000363,2024-03-11,East,Guwahati,Neha Das,SME,Paid Social,61,481.93,5,No,,,Price Too High
LEAD000364,2024-03-12,West,Pune,Rohan Mehta,Individual,Google Ads,58,686.71,3,No,,,No Response
LEAD000365,2024-03-12,North,Lucknow,Karan Malhotra,Individual,Google Ads,76,634.14,2,Yes,2024-03-29,17,
LEAD000366,2024-03-12,East,Bhubaneswar,Kavya Roy,Individual,Referral,55,123.04,3,Yes,2024-03-22,10,
LEAD000367,2024-03-12,South,Bengaluru,Sneha Rao,SME,Organic Search,63,82.75,4,No,,,No Response
LEAD000368,2024-03-12,South,Chennai,Sneha Rao,Individual,Marketplace,62,185.44,4,No,,,Budget Delayed
LEAD000369,2024-03-12,North,Jaipur,Aarav Sharma,Individual,Walk-in,44,47.32,1,No,,,Not Ready Yet
LEAD000370,2024-03-13,South,Hyderabad,Isha Reddy,Individual,Organic Search,63,82.59,3,Yes,2024-03-29,16,
LEAD000371,2024-03-13,South,Hyderabad,Isha Reddy,SME,Google Ads,39,553.14,2,No,,,Price Too High
LEAD000372,2024-03-13,North,Lucknow,Karan Malhotra,Individual,Organic Search,47,81.63,4,Yes,2024-04-07,25,
LEAD000373,2024-03-13,North,Lucknow,Karan Malhotra,Individual,Referral,58,133.46,4,Yes,2024-03-20,7,
LEAD000374,2024-03-13,West,Mumbai,Dev Patel,Individual,Organic Search,55,77.11,3,Yes,2024-04-03,21,
LEAD000375,2024-03-13,South,Bengaluru,Arjun Nair,Individual,Google Ads,64,685.69,2,Yes,2024-04-01,19,
LEAD000376,2024-03-13,East,Kolkata,Neha Das,Individual,Paid Social,46,483.84,5,No,,,No Response
LEAD000377,2024-03-13,North,Delhi,Priya Verma,Individual,Organic Search,62,101.45,3,Yes,2024-04-07,25,
LEAD000378,2024-03-13,South,Chennai,Sneha Rao,Individual,Walk-in,54,47.69,1,Yes,2024-03-23,10,
LEAD000379,2024-03-14,North,Delhi,Karan Malhotra,Individual,Organic Search,23,89.91,1,No,,,Price Too High
LEAD000380,2024-03-14,North,Delhi,Priya Verma,Individual,Walk-in,46,42.90,1,No,,,Not Ready Yet
LEAD000381,2024-03-14,South,Bengaluru,Isha Reddy,SME,Walk-in,56,52.93,4,Yes,2024-03-27,13,
LEAD000382,2024-03-14,West,Pune,Rohan Mehta,Individual,Organic Search,39,85.76,3,No,,,No Response
LEAD000383,2024-03-14,East,Kolkata,Vikram Sen,Individual,Organic Search,57,98.15,5,No,,,Price Too High
LEAD000384,2024-03-14,South,Bengaluru,Sneha Rao,Individual,Organic Search,26,85.94,3,Yes,2024-03-17,3,
LEAD000385,2024-03-15,South,Bengaluru,Arjun Nair,Individual,Google Ads,45,619.06,2,Yes,2024-04-03,19,
LEAD000386,2024-03-15,South,Hyderabad,Sneha Rao,Individual,Google Ads,39,688.63,3,Yes,2024-04-03,19,
LEAD000387,2024-03-15,North,Lucknow,Priya Verma,Individual,Paid Social,83,375.62,5,No,,,No Response
LEAD000388,2024-03-15,East,Guwahati,Kavya Roy,Individual,Walk-in,68,43.04,2,Yes,2024-03-21,6,
LEAD000389,2024-03-15,North,Delhi,Priya Verma,Corporate,Corporate Outreach,64,245.10,3,No,,,Budget Delayed
LEAD000390,2024-03-16,North,Jaipur,Priya Verma,Individual,Google Ads,47,561.30,2,No,,,Price Too High
LEAD000391,2024-03-16,West,Mumbai,Meera Joshi,Individual,Walk-in,88,54.65,3,Yes,2024-03-22,6,
LEAD000392,2024-03-16,South,Chennai,Arjun Nair,SME,Walk-in,45,53.79,6,No,,,Not Ready Yet
LEAD000393,2024-03-16,South,Hyderabad,Isha Reddy,Corporate,Corporate Outreach,76,318.67,2,Yes,2024-04-09,24,
LEAD000394,2024-03-16,West,Ahmedabad,Rohan Mehta,Individual,Organic Search,56,83.25,3,No,,,Price Too High
LEAD000395,2024-03-16,West,Mumbai,Meera Joshi,Individual,Google Ads,56,584.08,5,No,,,Price Too High
LEAD000396,2024-03-17,South,Chennai,Sneha Rao,Individual,Organic Search,69,89.47,3,Yes,2024-03-20,3,
LEAD000397,2024-03-17,South,Bengaluru,Sneha Rao,Individual,Organic Search,73,97.18,4,No,,,Price Too High
LEAD000398,2024-03-17,North,Lucknow,Aarav Sharma,Individual,Organic Search,46,79.59,6,No,,,Price Too High
LEAD000399,2024-03-17,North,Jaipur,Priya Verma,Individual,Organic Search,56,76.94,3,No,,,Not Ready Yet
LEAD000400,2024-03-17,South,Chennai,Isha Reddy,SME,Referral,60,106.07,4,Yes,2024-03-19,2,
LEAD000401,2024-03-17,North,Delhi,Karan Malhotra,Individual,Walk-in,39,51.60,2,No,,,Price Too High
LEAD000402,2024-03-17,West,Ahmedabad,Dev Patel,Individual,Marketplace,68,182.49,2,Yes,2024-03-18,1,
LEAD000403,2024-03-17,West,Mumbai,Dev Patel,Individual,Referral,72,127.66,5,No,,,Budget Delayed
LEAD000404,2024-03-17,East,Kolkata,Kavya Roy,Individual,Referral,49,136.39,1,Yes,2024-03-28,11,
LEAD000405,2024-03-17,East,Guwahati,Kavya Roy,Individual,Paid Social,38,443.82,5,No,,,Budget Delayed
LEAD000406,2024-03-17,South,Hyderabad,Arjun Nair,Individual,Walk-in,53,46.15,3,Yes,2024-03-21,4,
LEAD000407,2024-03-18,South,Hyderabad,Arjun Nair,Individual,Marketplace,52,181.56,4,No,,,No Response
LEAD000408,2024-03-18,West,Ahmedabad,Dev Patel,Individual,Google Ads,42,680.78,2,No,,,Competitor Chosen
LEAD000409,2024-03-18,North,Jaipur,Priya Verma,Individual,Referral,44,116.71,1,Yes,2024-03-20,2,
LEAD000410,2024-03-18,West,Mumbai,Meera Joshi,Individual,Walk-in,41,44.31,4,No,,,Price Too High
LEAD000411,2024-03-18,North,Jaipur,Priya Verma,SME,Organic Search,73,99.91,1,No,,,Price Too High
LEAD000412,2024-03-18,East,Guwahati,Neha Das,Individual,Referral,69,114.13,1,Yes,2024-03-23,5,
LEAD000413,2024-03-19,South,Hyderabad,Isha Reddy,Individual,Marketplace,81,197.46,4,Yes,2024-03-27,8,
LEAD000414,2024-03-19,South,Hyderabad,Arjun Nair,Individual,Walk-in,64,44.78,1,Yes,2024-03-29,10,
LEAD000415,2024-03-19,North,Jaipur,Karan Malhotra,Individual,Google Ads,41,618.75,1,No,,,Price Too High
LEAD000416,2024-03-19,North,Jaipur,Karan Malhotra,Individual,Walk-in,64,47.28,4,Yes,2024-03-25,6,
LEAD000417,2024-03-19,North,Delhi,Karan Malhotra,SME,Marketplace,47,177.73,3,No,,,Price Too High
LEAD000418,2024-03-19,North,Delhi,Priya Verma,Individual,Organic Search,63,96.84,3,No,,,Not Ready Yet
LEAD000419,2024-03-20,East,Bhubaneswar,Vikram Sen,Individual,Paid Social,43,435.14,1,No,,,Not Ready Yet
LEAD000420,2024-03-20,South,Bengaluru,Sneha Rao,Individual,Google Ads,57,623.89,4,No,,,Budget Delayed
LEAD000421,2024-03-20,South,Bengaluru,Sneha Rao,SME,Corporate Outreach,80,321.42,2,Yes,2024-03-24,4,
LEAD000422,2024-03-21,South,Bengaluru,Arjun Nair,SME,Marketplace,79,170.43,3,Yes,2024-03-23,2,
LEAD000423,2024-03-21,West,Pune,Dev Patel,Individual,Walk-in,54,53.08,4,No,,,Price Too High
LEAD000424,2024-03-21,West,Mumbai,Dev Patel,Individual,Marketplace,45,175.52,1,Yes,2024-04-01,11,
LEAD000425,2024-03-21,South,Chennai,Sneha Rao,Individual,Google Ads,73,645.07,3,No,,,Price Too High
LEAD000426,2024-03-21,North,Jaipur,Karan Malhotra,SME,Organic Search,80,95.67,2,Yes,2024-04-09,19,
LEAD000427,2024-03-21,North,Jaipur,Karan Malhotra,Individual,Paid Social,41,473.95,2,No,,,Not Ready Yet
LEAD000428,2024-03-21,South,Chennai,Arjun Nair,SME,Paid Social,39,393.74,4,No,,,No Response
LEAD000429,2024-03-21,East,Guwahati,Neha Das,Individual,Paid Social,53,410.34,1,Yes,2024-04-02,12,
LEAD000430,2024-03-21,West,Mumbai,Meera Joshi,SME,Corporate Outreach,73,262.44,6,No,,,Price Too High
LEAD000431,2024-03-21,West,Ahmedabad,Meera Joshi,Individual,Walk-in,57,48.48,4,Yes,2024-03-29,8,
LEAD000432,2024-03-22,East,Kolkata,Kavya Roy,Individual,Referral,79,109.97,4,Yes,2024-03-30,8,
LEAD000433,2024-03-22,South,Hyderabad,Isha Reddy,Individual,Marketplace,51,183.11,6,No,,,Price Too High
LEAD000434,2024-03-22,South,Bengaluru,Arjun Nair,SME,Referral,60,115.04,2,Yes,2024-03-31,9,
LEAD000435,2024-03-22,North,Delhi,Karan Malhotra,Individual,Referral,63,121.91,2,Yes,2024-03-29,7,
LEAD000436,2024-03-22,North,Delhi,Aarav Sharma,SME,Referral,74,103.52,4,Yes,2024-04-04,13,
LEAD000437,2024-03-23,North,Delhi,Karan Malhotra,SME,Google Ads,56,679.20,6,No,,,No Response
LEAD000438,2024-03-23,South,Chennai,Sneha Rao,Individual,Referral,73,102.53,1,Yes,2024-03-30,7,
LEAD000439,2024-03-23,South,Hyderabad,Sneha Rao,Individual,Paid Social,31,461.41,3,No,,,No Response
LEAD000440,2024-03-23,West,Pune,Rohan Mehta,Individual,Referral,83,105.35,4,Yes,2024-03-28,5,
LEAD000441,2024-03-23,East,Bhubaneswar,Neha Das,Individual,Referral,51,115.42,6,No,,,No Response
LEAD000442,2024-03-23,West,Mumbai,Rohan Mehta,Individual,Organic Search,57,91.71,4,No,,,No Response
LEAD000443,2024-03-24,South,Bengaluru,Isha Reddy,Corporate,Corporate Outreach,72,271.87,2,No,,,Price Too High
LEAD000444,2024-03-24,South,Hyderabad,Isha Reddy,SME,Organic Search,84,96.49,3,Yes,2024-04-08,15,
LEAD000445,2024-03-24,South,Bengaluru,Isha Reddy,Individual,Google Ads,80,585.22,4,No,,,Competitor Chosen
LEAD000446,2024-03-24,South,Bengaluru,Isha Reddy,Individual,Paid Social,53,379.05,6,No,,,Price Too High
LEAD000447,2024-03-24,South,Hyderabad,Sneha Rao,Individual,Walk-in,66,49.93,1,No,,,Not Ready Yet
LEAD000448,2024-03-24,South,Hyderabad,Sneha Rao,SME,Referral,79,117.68,1,Yes,2024-03-29,5,
LEAD000449,2024-03-24,West,Ahmedabad,Dev Patel,Individual,Google Ads,72,676.32,2,Yes,2024-04-04,11,
LEAD000450,2024-03-25,East,Kolkata,Kavya Roy,Individual,Paid Social,40,475.46,6,No,,,Budget Delayed
LEAD000451,2024-03-25,North,Jaipur,Priya Verma,Individual,Paid Social,56,391.21,3,No,,,Competitor Chosen
LEAD000452,2024-03-25,North,Delhi,Aarav Sharma,Individual,Paid Social,57,410.00,2,Yes,2024-04-07,13,
LEAD000453,2024-03-25,North,Delhi,Priya Verma,SME,Corporate Outreach,46,285.13,4,No,,,Not Ready Yet
LEAD000454,2024-03-25,South,Bengaluru,Isha Reddy,Individual,Walk-in,51,44.40,1,Yes,2024-03-30,5,
LEAD000455,2024-03-25,West,Pune,Meera Joshi,Individual,Walk-in,47,49.60,5,No,,,Competitor Chosen
LEAD000456,2024-03-25,North,Lucknow,Aarav Sharma,Individual,Walk-in,51,55.62,4,Yes,2024-03-28,3,
LEAD000457,2024-03-26,West,Ahmedabad,Rohan Mehta,Individual,Walk-in,42,46.11,1,Yes,2024-04-08,13,
LEAD000458,2024-03-26,West,Ahmedabad,Dev Patel,Individual,Google Ads,65,639.60,5,No,,,Price Too High
LEAD000459,2024-03-26,North,Delhi,Karan Malhotra,SME,Walk-in,68,52.78,3,Yes,2024-04-08,13,
LEAD000460,2024-03-26,West,Pune,Meera Joshi,Individual,Marketplace,41,185.67,6,No,,,No Response
LEAD000461,2024-03-27,South,Chennai,Sneha Rao,Individual,Organic Search,57,76.65,2,Yes,2024-04-14,18,
LEAD000462,2024-03-27,West,Mumbai,Meera Joshi,Corporate,Corporate Outreach,55,292.37,1,Yes,2024-04-21,25,
LEAD000463,2024-03-27,South,Hyderabad,Isha Reddy,Individual,Google Ads,76,712.49,4,Yes,2024-04-20,24,
LEAD000464,2024-03-27,South,Hyderabad,Arjun Nair,SME,Walk-in,64,48.04,1,Yes,2024-03-29,2,
LEAD000465,2024-03-27,South,Chennai,Isha Reddy,SME,Corporate Outreach,68,297.69,1,No,,,No Response
LEAD000466,2024-03-27,West,Ahmedabad,Meera Joshi,Corporate,Corporate Outreach,69,294.45,1,No,,,No Response
LEAD000467,2024-03-27,East,Guwahati,Vikram Sen,SME,Referral,82,126.04,4,No,,,No Response
LEAD000468,2024-03-28,North,Delhi,Karan Malhotra,Individual,Google Ads,51,640.19,3,Yes,2024-03-31,3,
LEAD000469,2024-03-28,South,Hyderabad,Isha Reddy,SME,Marketplace,69,193.89,4,Yes,2024-04-03,6,
LEAD000470,2024-03-28,South,Hyderabad,Arjun Nair,Individual,Marketplace,58,179.60,2,Yes,2024-03-30,2,
LEAD000471,2024-03-28,South,Bengaluru,Sneha Rao,SME,Google Ads,53,653.65,2,No,,,No Response
LEAD000472,2024-03-28,East,Guwahati,Kavya Roy,SME,Organic Search,62,81.31,3,Yes,2024-04-21,24,
LEAD000473,2024-03-28,North,Delhi,Aarav Sharma,SME,Google Ads,71,544.19,3,Yes,2024-04-13,16,
LEAD000474,2024-03-28,West,Mumbai,Dev Patel,Individual,Walk-in,96,56.74,1,Yes,2024-03-31,3,
LEAD000475,2024-03-29,South,Bengaluru,Isha Reddy,Individual,Referral,50,136.87,2,No,,,No Response
LEAD000476,2024-03-29,West,Ahmedabad,Meera Joshi,Individual,Walk-in,80,42.97,3,Yes,2024-04-06,8,
LEAD000477,2024-03-29,North,Jaipur,Aarav Sharma,Individual,Paid Social,44,379.00,1,No,,,No Response
LEAD000478,2024-03-29,West,Ahmedabad,Rohan Mehta,Individual,Google Ads,75,593.59,1,No,,,Price Too High
LEAD000479,2024-03-29,North,Jaipur,Aarav Sharma,Individual,Referral,46,111.09,4,No,,,Budget Delayed
LEAD000480,2024-03-29,West,Mumbai,Dev Patel,Individual,Organic Search,45,100.82,2,No,,,Budget Delayed
LEAD000481,2024-03-30,West,Pune,Meera Joshi,Corporate,Corporate Outreach,75,317.20,5,No,,,Not Ready Yet
LEAD000482,2024-03-30,North,Lucknow,Aarav Sharma,Individual,Google Ads,61,669.44,1,No,,,No Response
LEAD000483,2024-03-30,South,Hyderabad,Sneha Rao,Individual,Referral,68,132.88,2,Yes,2024-04-02,3,
LEAD000484,2024-03-30,West,Pune,Rohan Mehta,Individual,Walk-in,66,47.67,2,Yes,2024-04-07,8,
LEAD000485,2024-03-30,West,Pune,Dev Patel,Individual,Paid Social,41,406.57,1,No,,,No Response
LEAD000486,2024-03-30,East,Kolkata,Neha Das,SME,Marketplace,69,191.94,4,No,,,Competitor Chosen
LEAD000487,2024-03-30,West,Pune,Dev Patel,Individual,Marketplace,62,196.30,1,Yes,2024-04-08,9,
LEAD000488,2024-03-30,South,Chennai,Isha Reddy,Individual,Paid Social,62,377.48,4,Yes,2024-04-10,11,
LEAD000489,2024-03-31,West,Mumbai,Rohan Mehta,Individual,Google Ads,59,601.07,4,No,,,Price Too High
LEAD000490,2024-03-31,West,Mumbai,Rohan Mehta,Individual,Walk-in,54,44.91,1,Yes,2024-04-07,7,
LEAD000491,2024-03-31,North,Jaipur,Karan Malhotra,Individual,Paid Social,67,461.23,3,No,,,No Response
LEAD000492,2024-03-31,North,Lucknow,Priya Verma,Individual,Walk-in,54,44.18,5,No,,,Not Ready Yet
LEAD000493,2024-04-01,North,Delhi,Priya Verma,SME,Organic Search,94,90.40,2,Yes,2024-04-11,10,
LEAD000494,2024-04-01,South,Chennai,Arjun Nair,Individual,Google Ads,59,595.28,4,Yes,2024-04-18,17,
LEAD000495,2024-04-01,East,Bhubaneswar,Neha Das,Individual,Referral,66,117.01,3,Yes,2024-04-06,5,
LEAD000496,2024-04-01,West,Mumbai,Rohan Mehta,Individual,Google Ads,54,573.24,4,Yes,2024-04-26,25,
LEAD000497,2024-04-02,North,Delhi,Karan Malhotra,Individual,Paid Social,63,472.00,5,No,,,Price Too High
LEAD000498,2024-04-02,South,Chennai,Isha Reddy,Individual,Organic Search,49,92.95,2,Yes,2024-04-05,3,
LEAD000499,2024-04-02,South,Chennai,Sneha Rao,Individual,Marketplace,88,162.78,4,Yes,2024-04-09,7,
LEAD000500,2024-04-02,East,Kolkata,Kavya Roy,SME,Organic Search,74,91.91,1,No,,,Budget Delayed
LEAD000501,2024-04-02,East,Bhubaneswar,Kavya Roy,SME,Google Ads,62,655.13,4,No,,,No Response
LEAD000502,2024-04-03,North,Jaipur,Aarav Sharma,Individual,Marketplace,44,173.31,3,No,,,Price Too High
LEAD000503,2024-04-03,South,Hyderabad,Arjun Nair,Individual,Referral,78,109.96,3,Yes,2024-04-04,1,
LEAD000504,2024-04-04,South,Chennai,Isha Reddy,SME,Referral,64,119.12,4,Yes,2024-04-10,6,
LEAD000505,2024-04-04,West,Mumbai,Meera Joshi,Individual,Paid Social,28,452.32,2,Yes,2024-04-28,24,
LEAD000506,2024-04-04,North,Delhi,Karan Malhotra,Corporate,Referral,71,109.47,1,Yes,2024-05-04,30,
LEAD000507,2024-04-04,East,Kolkata,Neha Das,SME,Paid Social,44,421.17,5,No,,,No Response
LEAD000508,2024-04-04,East,Kolkata,Neha Das,Individual,Paid Social,54,414.32,2,Yes,2024-04-23,19,
LEAD000509,2024-04-04,East,Kolkata,Neha Das,Individual,Marketplace,49,192.85,4,Yes,2024-04-17,13,
LEAD000510,2024-04-04,West,Mumbai,Dev Patel,Individual,Walk-in,53,56.90,6,No,,,Not Ready Yet
LEAD000511,2024-04-04,South,Bengaluru,Isha Reddy,Individual,Organic Search,37,101.45,2,Yes,2024-04-20,16,
LEAD000512,2024-04-04,North,Delhi,Karan Malhotra,SME,Marketplace,72,183.35,6,No,,,Not Ready Yet
LEAD000513,2024-04-05,South,Chennai,Arjun Nair,Individual,Organic Search,61,102.03,4,Yes,2024-04-09,4,
LEAD000514,2024-04-05,West,Mumbai,Dev Patel,Individual,Referral,86,133.81,1,No,,,Budget Delayed
LEAD000515,2024-04-05,South,Hyderabad,Sneha Rao,SME,Organic Search,37,85.21,2,Yes,2024-04-29,24,
LEAD000516,2024-04-05,West,Ahmedabad,Rohan Mehta,Individual,Paid Social,75,468.28,4,No,,,Not Ready Yet
LEAD000517,2024-04-05,East,Kolkata,Vikram Sen,SME,Marketplace,80,161.89,1,Yes,2024-04-17,12,
LEAD000518,2024-04-05,North,Jaipur,Karan Malhotra,Corporate,Google Ads,34,691.30,3,Yes,2024-05-09,34,
LEAD000519,2024-04-05,West,Pune,Dev Patel,Individual,Paid Social,69,472.35,3,No,,,Budget Delayed
LEAD000520,2024-04-05,South,Bengaluru,Arjun Nair,SME,Referral,68,105.73,1,Yes,2024-04-12,7,
LEAD000521,2024-04-05,South,Chennai,Isha Reddy,SME,Organic Search,65,82.17,4,Yes,2024-04-14,9,
LEAD000522,2024-04-06,North,Jaipur,Aarav Sharma,Individual,Referral,79,114.33,3,Yes,2024-04-19,13,
LEAD000523,2024-04-06,South,Bengaluru,Arjun Nair,Individual,Paid Social,31,394.01,1,Yes,2024-04-17,11,
LEAD000524,2024-04-06,West,Mumbai,Meera Joshi,Individual,Referral,51,127.67,4,Yes,2024-04-11,5,
LEAD000525,2024-04-06,South,Bengaluru,Isha Reddy,Individual,Referral,73,123.00,2,Yes,2024-04-20,14,
LEAD000526,2024-04-06,North,Delhi,Priya Verma,SME,Marketplace,49,212.80,4,No,,,No Response
LEAD000527,2024-04-06,East,Bhubaneswar,Kavya Roy,SME,Google Ads,36,616.66,2,No,,,Not Ready Yet
LEAD000528,2024-04-06,West,Mumbai,Dev Patel,Corporate,Corporate Outreach,79,261.38,2,Yes,2024-04-28,22,
LEAD000529,2024-04-06,South,Chennai,Isha Reddy,Individual,Paid Social,33,461.14,2,Yes,2024-05-01,25,
LEAD000530,2024-04-07,West,Mumbai,Dev Patel,Individual,Google Ads,48,707.50,1,Yes,2024-04-26,19,
LEAD000531,2024-04-07,North,Jaipur,Aarav Sharma,Individual,Walk-in,72,49.34,2,No,,,Competitor Chosen
LEAD000532,2024-04-07,North,Jaipur,Karan Malhotra,Individual,Walk-in,90,50.34,2,Yes,2024-04-09,2,
LEAD000533,2024-04-07,North,Delhi,Karan Malhotra,SME,Referral,91,109.07,1,Yes,2024-04-20,13,
LEAD000534,2024-04-07,North,Delhi,Aarav Sharma,Individual,Paid Social,70,440.54,3,No,,,Competitor Chosen
LEAD000535,2024-04-08,South,Bengaluru,Arjun Nair,SME,Google Ads,65,667.35,3,Yes,2024-04-10,2,
LEAD000536,2024-04-08,South,Hyderabad,Sneha Rao,Individual,Paid Social,33,477.38,6,No,,,No Response
LEAD000537,2024-04-08,North,Delhi,Karan Malhotra,Individual,Referral,85,134.16,3,Yes,2024-04-09,1,
LEAD000538,2024-04-08,West,Pune,Rohan Mehta,Individual,Paid Social,69,447.79,3,Yes,2024-04-24,16,
LEAD000539,2024-04-08,West,Mumbai,Rohan Mehta,SME,Google Ads,44,699.52,1,No,,,Competitor Chosen
LEAD000540,2024-04-08,North,Jaipur,Priya Verma,Individual,Walk-in,57,44.86,2,No,,,Competitor Chosen
LEAD000541,2024-04-09,East,Guwahati,Kavya Roy,Individual,Paid Social,51,405.00,3,No,,,No Response
LEAD000542,2024-04-09,South,Chennai,Arjun Nair,Individual,Paid Social,42,486.76,4,No,,,Price Too High
LEAD000543,2024-04-09,North,Delhi,Karan Malhotra,SME,Corporate Outreach,58,259.50,2,No,,,Competitor Chosen
LEAD000544,2024-04-09,South,Bengaluru,Arjun Nair,SME,Google Ads,55,641.87,2,No,,,Budget Delayed
LEAD000545,2024-04-09,West,Mumbai,Rohan Mehta,Individual,Google Ads,34,599.55,1,No,,,Budget Delayed
LEAD000546,2024-04-09,East,Bhubaneswar,Vikram Sen,Individual,Referral,69,125.03,1,Yes,2024-04-11,2,
LEAD000547,2024-04-09,North,Delhi,Priya Verma,Individual,Organic Search,57,100.10,4,No,,,Budget Delayed
LEAD000548,2024-04-10,South,Hyderabad,Isha Reddy,Individual,Google Ads,44,625.77,6,No,,,No Response
LEAD000549,2024-04-10,West,Mumbai,Rohan Mehta,SME,Walk-in,55,53.71,4,Yes,2024-04-23,13,
LEAD000550,2024-04-10,North,Delhi,Aarav Sharma,Individual,Google Ads,20,639.27,6,No,,,No Response
LEAD000551,2024-04-10,East,Kolkata,Kavya Roy,Individual,Google Ads,53,632.22,5,No,,,No Response
LEAD000552,2024-04-10,East,Guwahati,Neha Das,SME,Referral,66,128.44,1,Yes,2024-04-21,11,
LEAD000553,2024-04-10,West,Ahmedabad,Rohan Mehta,Individual,Walk-in,61,45.36,5,No,,,Competitor Chosen
LEAD000554,2024-04-10,North,Jaipur,Priya Verma,Individual,Marketplace,52,165.66,2,No,,,Competitor Chosen
LEAD000555,2024-04-11,South,Hyderabad,Isha Reddy,SME,Marketplace,87,197.05,1,Yes,2024-04-16,5,
LEAD000556,2024-04-11,West,Mumbai,Meera Joshi,Individual,Google Ads,47,626.02,3,Yes,2024-05-04,23,
LEAD000557,2024-04-11,South,Bengaluru,Isha Reddy,Corporate,Google Ads,53,584.38,2,Yes,2024-04-28,17,
LEAD000558,2024-04-11,North,Jaipur,Aarav Sharma,SME,Referral,46,135.42,3,No,,,Not Ready Yet
LEAD000559,2024-04-11,South,Bengaluru,Sneha Rao,Individual,Google Ads,67,549.90,4,Yes,2024-04-17,6,
LEAD000560,2024-04-11,East,Kolkata,Kavya Roy,SME,Google Ads,53,563.95,4,Yes,2024-04-27,16,
LEAD000561,2024-04-11,South,Hyderabad,Sneha Rao,Individual,Organic Search,78,101.90,1,Yes,2024-04-19,8,
LEAD000562,2024-04-11,South,Hyderabad,Arjun Nair,Individual,Organic Search,45,89.41,3,Yes,2024-04-29,18,
LEAD000563,2024-04-11,West,Ahmedabad,Rohan Mehta,Individual,Walk-in,34,49.01,1,Yes,2024-04-16,5,
LEAD000564,2024-04-11,South,Bengaluru,Isha Reddy,Individual,Referral,83,136.25,1,Yes,2024-04-19,8,
LEAD000565,2024-04-11,North,Jaipur,Priya Verma,Individual,Walk-in,58,53.93,4,Yes,2024-04-14,3,
LEAD000566,2024-04-11,North,Lucknow,Karan Malhotra,Individual,Google Ads,59,559.48,2,No,,,No Response
LEAD000567,2024-04-11,West,Mumbai,Dev Patel,Individual,Marketplace,64,197.14,4,Yes,2024-04-16,5,
LEAD000568,2024-04-12,East,Kolkata,Neha Das,Individual,Organic Search,63,96.34,1,Yes,2024-04-29,17,
LEAD000569,2024-04-12,North,Delhi,Karan Malhotra,Individual,Referral,57,117.12,1,Yes,2024-04-16,4,
LEAD000570,2024-04-12,North,Lucknow,Priya Verma,Corporate,Google Ads,56,677.55,2,No,,,Not Ready Yet
LEAD000571,2024-04-12,North,Jaipur,Priya Verma,Individual,Referral,52,131.92,4,No,,,No Response
LEAD000572,2024-04-12,South,Bengaluru,Isha Reddy,Individual,Marketplace,73,202.38,1,Yes,2024-04-14,2,
LEAD000573,2024-04-13,North,Jaipur,Aarav Sharma,Individual,Organic Search,50,90.46,6,No,,,Competitor Chosen
LEAD000574,2024-04-13,East,Kolkata,Vikram Sen,Individual,Google Ads,46,666.12,1,Yes,2024-05-08,25,
LEAD000575,2024-04-13,South,Hyderabad,Sneha Rao,Corporate,Corporate Outreach,39,238.98,3,Yes,2024-05-16,33,
LEAD000576,2024-04-13,West,Ahmedabad,Rohan Mehta,Individual,Walk-in,36,49.30,4,No,,,Not Ready Yet
LEAD000577,2024-04-13,North,Delhi,Karan Malhotra,Individual,Walk-in,70,55.58,3,No,,,No Response
LEAD000578,2024-04-13,South,Hyderabad,Sneha Rao,Individual,Google Ads,51,606.33,1,No,,,Budget Delayed
LEAD000579,2024-04-13,North,Jaipur,Aarav Sharma,Individual,Paid Social,67,423.88,3,Yes,2024-04-26,13,
LEAD000580,2024-04-13,West,Ahmedabad,Dev Patel,Individual,Walk-in,70,55.10,5,No,,,Price Too High
LEAD000581,2024-04-13,North,Delhi,Karan Malhotra,SME,Referral,69,121.42,3,Yes,2024-04-14,1,
LEAD000582,2024-04-13,South,Chennai,Sneha Rao,Individual,Organic Search,39,99.27,2,Yes,2024-05-05,22,
LEAD000583,2024-04-13,South,Bengaluru,Isha Reddy,Individual,Organic Search,95,100.63,4,Yes,2024-04-27,14,
LEAD000584,2024-04-13,West,Mumbai,Meera Joshi,Individual,Google Ads,69,698.69,2,Yes,2024-04-24,11,
LEAD000585,2024-04-13,South,Chennai,Sneha Rao,SME,Organic Search,49,80.80,2,No,,,No Response
LEAD000586,2024-04-14,West,Pune,Rohan Mehta,SME,Organic Search,59,87.34,3,No,,,Price Too High
LEAD000587,2024-04-15,South,Hyderabad,Isha Reddy,Individual,Paid Social,41,433.13,3,Yes,2024-04-20,5,
LEAD000588,2024-04-15,South,Hyderabad,Sneha Rao,Individual,Google Ads,35,555.58,4,Yes,2024-05-10,25,
LEAD000589,2024-04-15,East,Bhubaneswar,Kavya Roy,Individual,Google Ads,72,606.22,1,No,,,Competitor Chosen
LEAD000590,2024-04-15,North,Jaipur,Priya Verma,SME,Google Ads,56,571.88,3,Yes,2024-05-10,25,
LEAD000591,2024-04-16,South,Hyderabad,Isha Reddy,Corporate,Corporate Outreach,38,314.00,6,No,,,Budget Delayed
LEAD000592,2024-04-16,South,Bengaluru,Isha Reddy,SME,Corporate Outreach,35,258.39,4,Yes,2024-04-21,5,
LEAD000593,2024-04-16,West,Pune,Dev Patel,Individual,Marketplace,66,196.08,4,Yes,2024-04-26,10,
LEAD000594,2024-04-16,South,Chennai,Sneha Rao,Individual,Referral,50,106.23,1,No,,,Competitor Chosen
LEAD000595,2024-04-16,South,Hyderabad,Isha Reddy,Individual,Referral,75,132.68,4,Yes,2024-04-27,11,
LEAD000596,2024-04-16,South,Hyderabad,Arjun Nair,SME,Walk-in,36,45.74,6,No,,,Not Ready Yet
LEAD000597,2024-04-16,North,Jaipur,Priya Verma,Individual,Marketplace,65,200.43,3,No,,,No Response
LEAD000598,2024-04-17,West,Ahmedabad,Meera Joshi,Individual,Organic Search,35,97.93,6,No,,,No Response
LEAD000599,2024-04-17,North,Lucknow,Karan Malhotra,Individual,Walk-in,58,47.51,1,Yes,2024-04-25,8,
LEAD000600,2024-04-17,South,Chennai,Sneha Rao,Individual,Google Ads,31,585.20,1,No,,,Competitor Chosen
LEAD000601,2024-04-17,West,Mumbai,Meera Joshi,Individual,Marketplace,44,216.18,2,Yes,2024-04-23,6,
LEAD000602,2024-04-17,West,Mumbai,Dev Patel,Individual,Paid Social,54,434.93,3,No,,,Budget Delayed
LEAD000603,2024-04-17,West,Pune,Rohan Mehta,Individual,Referral,85,121.18,3,Yes,2024-04-20,3,
LEAD000604,2024-04-18,West,Ahmedabad,Rohan Mehta,SME,Marketplace,46,216.83,3,No,,,Competitor Chosen
LEAD000605,2024-04-18,West,Mumbai,Rohan Mehta,Individual,Organic Search,61,83.12,2,Yes,2024-05-12,24,
LEAD000606,2024-04-18,North,Jaipur,Aarav Sharma,Individual,Google Ads,57,608.64,5,No,,,No Response
LEAD000607,2024-04-18,West,Ahmedabad,Rohan Mehta,Individual,Walk-in,39,53.10,4,No,,,Budget Delayed
LEAD000608,2024-04-18,East,Bhubaneswar,Neha Das,Individual,Google Ads,47,593.42,2,No,,,No Response
LEAD000609,2024-04-18,East,Kolkata,Kavya Roy,Individual,Paid Social,82,434.56,5,No,,,Competitor Chosen
LEAD000610,2024-04-18,North,Lucknow,Aarav Sharma,SME,Walk-in,88,49.48,2,Yes,2024-04-27,9,
LEAD000611,2024-04-19,South,Bengaluru,Isha Reddy,Individual,Referral,98,134.25,1,Yes,2024-04-27,8,
LEAD000612,2024-04-19,West,Pune,Rohan Mehta,Individual,Organic Search,77,100.71,5,No,,,No Response
LEAD000613,2024-04-19,North,Jaipur,Priya Verma,Individual,Marketplace,68,180.34,3,Yes,2024-04-28,9,
LEAD000614,2024-04-19,West,Ahmedabad,Meera Joshi,Individual,Paid Social,52,490.74,3,No,,,Not Ready Yet
LEAD000615,2024-04-19,North,Jaipur,Karan Malhotra,Individual,Marketplace,44,217.35,6,No,,,Price Too High
LEAD000616,2024-04-19,South,Chennai,Sneha Rao,Individual,Marketplace,45,215.43,3,No,,,Price Too High
LEAD000617,2024-04-19,South,Chennai,Arjun Nair,SME,Paid Social,24,456.74,3,No,,,No Response
LEAD000618,2024-04-19,South,Hyderabad,Sneha Rao,Individual,Organic Search,62,85.67,1,Yes,2024-05-11,22,
LEAD000619,2024-04-20,South,Hyderabad,Sneha Rao,SME,Organic Search,36,76.63,1,Yes,2024-04-22,2,
LEAD000620,2024-04-20,West,Mumbai,Dev Patel,Individual,Marketplace,50,189.90,2,No,,,Competitor Chosen
LEAD000621,2024-04-20,West,Ahmedabad,Rohan Mehta,SME,Corporate Outreach,42,302.85,6,No,,,Budget Delayed
LEAD000622,2024-04-20,West,Ahmedabad,Meera Joshi,Individual,Organic Search,46,84.91,1,No,,,Budget Delayed
LEAD000623,2024-04-20,West,Mumbai,Rohan Mehta,Individual,Organic Search,65,101.82,3,Yes,2024-05-11,21,
LEAD000624,2024-04-20,East,Bhubaneswar,Neha Das,SME,Corporate Outreach,63,268.72,1,No,,,No Response
LEAD000625,2024-04-20,North,Lucknow,Aarav Sharma,SME,Organic Search,96,99.39,1,Yes,2024-05-13,23,
LEAD000626,2024-04-20,North,Jaipur,Karan Malhotra,Individual,Referral,81,112.17,2,Yes,2024-05-03,13,
LEAD000627,2024-04-21,North,Lucknow,Priya Verma,Corporate,Corporate Outreach,52,285.15,3,Yes,2024-05-05,14,
LEAD000628,2024-04-21,South,Bengaluru,Arjun Nair,SME,Walk-in,60,56.70,2,Yes,2024-04-22,1,
LEAD000629,2024-04-21,West,Pune,Dev Patel,Individual,Referral,64,108.78,4,Yes,2024-04-26,5,
LEAD000630,2024-04-21,East,Kolkata,Kavya Roy,SME,Marketplace,39,200.32,2,No,,,No Response
LEAD000631,2024-04-21,North,Delhi,Priya Verma,Corporate,Google Ads,56,646.12,5,Yes,2024-05-12,21,
LEAD000632,2024-04-21,North,Lucknow,Aarav Sharma,SME,Organic Search,52,103.08,3,Yes,2024-04-30,9,
LEAD000633,2024-04-21,East,Guwahati,Neha Das,Corporate,Corporate Outreach,69,273.52,3,No,,,Not Ready Yet
LEAD000634,2024-04-21,South,Chennai,Isha Reddy,Individual,Marketplace,74,162.08,3,No,,,No Response
LEAD000635,2024-04-21,South,Hyderabad,Sneha Rao,SME,Referral,48,106.64,4,Yes,2024-05-03,12,
LEAD000636,2024-04-22,South,Bengaluru,Sneha Rao,Individual,Marketplace,45,171.04,3,Yes,2024-04-25,3,
LEAD000637,2024-04-22,South,Chennai,Isha Reddy,Corporate,Corporate Outreach,46,271.17,1,No,,,Budget Delayed
LEAD000638,2024-04-22,East,Kolkata,Vikram Sen,Individual,Paid Social,50,427.27,4,Yes,2024-04-25,3,
LEAD000639,2024-04-22,North,Delhi,Priya Verma,Individual,Walk-in,61,49.13,2,Yes,2024-04-30,8,
LEAD000640,2024-04-22,South,Hyderabad,Isha Reddy,SME,Organic Search,47,91.86,1,Yes,2024-05-04,12,
LEAD000641,2024-04-22,East,Kolkata,Neha Das,Corporate,Corporate Outreach,64,280.47,2,No,,,Not Ready Yet
LEAD000642,2024-04-22,North,Jaipur,Priya Verma,Individual,Paid Social,73,443.11,1,No,,,Budget Delayed
LEAD000643,2024-04-22,North,Delhi,Karan Malhotra,Corporate,Corporate Outreach,51,298.82,5,No,,,Budget Delayed
LEAD000644,2024-04-23,West,Mumbai,Rohan Mehta,Individual,Organic Search,43,97.25,4,Yes,2024-04-26,3,
LEAD000645,2024-04-23,North,Delhi,Karan Malhotra,Individual,Paid Social,80,401.94,5,No,,,Competitor Chosen
LEAD000646,2024-04-23,South,Hyderabad,Isha Reddy,Individual,Paid Social,56,427.31,4,Yes,2024-05-15,22,
LEAD000647,2024-04-23,East,Kolkata,Neha Das,Individual,Google Ads,53,595.46,3,No,,,Not Ready Yet
LEAD000648,2024-04-23,North,Lucknow,Aarav Sharma,Individual,Paid Social,15,381.63,2,No,,,Not Ready Yet
LEAD000649,2024-04-23,South,Bengaluru,Arjun Nair,Individual,Paid Social,51,451.33,3,No,,,No Response
LEAD000650,2024-04-23,North,Jaipur,Aarav Sharma,Individual,Organic Search,41,100.81,3,Yes,2024-05-18,25,
LEAD000651,2024-04-24,West,Ahmedabad,Meera Joshi,Individual,Google Ads,44,681.92,4,No,,,No Response
LEAD000652,2024-04-24,South,Hyderabad,Sneha Rao,Individual,Google Ads,68,623.26,6,No,,,No Response
LEAD000653,2024-04-24,North,Delhi,Karan Malhotra,Individual,Paid Social,73,439.68,2,No,,,Competitor Chosen
LEAD000654,2024-04-24,South,Bengaluru,Arjun Nair,Individual,Marketplace,95,196.29,3,Yes,2024-05-02,8,
LEAD000655,2024-04-24,South,Hyderabad,Isha Reddy,SME,Walk-in,59,47.47,1,Yes,2024-05-08,14,
LEAD000656,2024-04-24,North,Lucknow,Priya Verma,Individual,Organic Search,51,93.33,3,Yes,2024-04-28,4,
LEAD000657,2024-04-24,West,Ahmedabad,Meera Joshi,Individual,Referral,64,116.95,2,Yes,2024-04-27,3,
LEAD000658,2024-04-24,West,Pune,Rohan Mehta,Individual,Referral,72,137.14,2,Yes,2024-04-29,5,
LEAD000659,2024-04-24,South,Bengaluru,Arjun Nair,Individual,Organic Search,70,101.64,3,Yes,2024-04-26,2,
LEAD000660,2024-04-25,South,Bengaluru,Sneha Rao,Corporate,Walk-in,46,55.80,1,Yes,2024-05-24,29,
LEAD000661,2024-04-25,North,Delhi,Priya Verma,Individual,Marketplace,84,179.78,2,No,,,Not Ready Yet
LEAD000662,2024-04-25,South,Chennai,Sneha Rao,Individual,Marketplace,80,218.03,4,Yes,2024-05-05,10,
LEAD000663,2024-04-25,West,Mumbai,Dev Patel,Individual,Paid Social,68,455.87,1,No,,,Competitor Chosen
LEAD000664,2024-04-26,North,Lucknow,Priya Verma,Individual,Walk-in,49,47.49,4,No,,,Competitor Chosen
LEAD000665,2024-04-26,North,Lucknow,Karan Malhotra,Individual,Paid Social,49,452.18,4,No,,,Price Too High
LEAD000666,2024-04-26,South,Hyderabad,Isha Reddy,SME,Marketplace,67,215.25,2,Yes,2024-05-02,6,
LEAD000667,2024-04-27,South,Hyderabad,Arjun Nair,Individual,Organic Search,36,100.69,3,No,,,Not Ready Yet
LEAD000668,2024-04-27,North,Delhi,Aarav Sharma,Individual,Organic Search,64,97.53,2,Yes,2024-05-17,20,
LEAD000669,2024-04-27,South,Bengaluru,Sneha Rao,SME,Google Ads,62,588.55,4,No,,,Competitor Chosen
LEAD000670,2024-04-28,South,Hyderabad,Sneha Rao,Individual,Organic Search,54,95.89,1,No,,,Price Too High
LEAD000671,2024-04-28,North,Delhi,Karan Malhotra,Individual,Organic Search,69,95.62,4,No,,,Budget Delayed
LEAD000672,2024-04-28,West,Pune,Meera Joshi,Individual,Referral,72,120.27,1,No,,,No Response
LEAD000673,2024-04-28,North,Lucknow,Priya Verma,Individual,Paid Social,75,474.97,1,No,,,Price Too High
LEAD000674,2024-04-28,South,Bengaluru,Arjun Nair,Individual,Referral,62,109.86,3,Yes,2024-05-07,9,
LEAD000675,2024-04-28,North,Delhi,Aarav Sharma,Individual,Referral,77,104.26,1,Yes,2024-04-30,2,
LEAD000676,2024-04-28,West,Pune,Dev Patel,SME,Paid Social,50,491.55,6,No,,,No Response
LEAD000677,2024-04-28,South,Bengaluru,Arjun Nair,Individual,Referral,84,114.89,4,Yes,2024-05-04,6,
LEAD000678,2024-04-28,South,Hyderabad,Arjun Nair,SME,Google Ads,53,558.72,2,No,,,Price Too High
LEAD000679,2024-04-28,South,Hyderabad,Arjun Nair,Individual,Walk-in,72,44.63,4,No,,,No Response
LEAD000680,2024-04-28,South,Hyderabad,Sneha Rao,SME,Marketplace,52,184.27,2,Yes,2024-05-12,14,
LEAD000681,2024-04-29,North,Lucknow,Karan Malhotra,SME,Organic Search,67,83.81,2,Yes,2024-05-16,17,
LEAD000682,2024-04-29,North,Jaipur,Aarav Sharma,Individual,Marketplace,54,189.23,2,Yes,2024-05-03,4,
LEAD000683,2024-04-29,South,Hyderabad,Sneha Rao,Individual,Referral,61,112.42,6,No,,,No Response
LEAD000684,2024-04-29,North,Lucknow,Aarav Sharma,Individual,Organic Search,63,93.52,3,Yes,2024-05-06,7,
LEAD000685,2024-04-30,South,Hyderabad,Sneha Rao,Individual,Paid Social,45,490.69,2,No,,,No Response
LEAD000686,2024-04-30,North,Delhi,Priya Verma,Individual,Marketplace,70,212.90,3,No,,,Competitor Chosen
LEAD000687,2024-04-30,West,Mumbai,Meera Joshi,Individual,Google Ads,60,658.71,2,Yes,2024-05-22,22,
LEAD000688,2024-04-30,South,Chennai,Sneha Rao,Individual,Paid Social,60,415.05,1,Yes,2024-05-18,18,
LEAD000689,2024-04-30,North,Delhi,Karan Malhotra,Individual,Referral,95,129.99,4,Yes,2024-05-08,8,
LEAD000690,2024-04-30,South,Bengaluru,Sneha Rao,Individual,Walk-in,34,47.41,1,Yes,2024-05-04,4,
LEAD000691,2024-04-30,South,Hyderabad,Sneha Rao,SME,Corporate Outreach,45,292.25,2,No,,,Budget Delayed
LEAD000692,2024-04-30,East,Bhubaneswar,Vikram Sen,Individual,Organic Search,59,84.13,5,No,,,Budget Delayed
LEAD000693,2024-04-30,South,Hyderabad,Sneha Rao,Individual,Organic Search,56,89.05,4,No,,,Price Too High
LEAD000694,2024-04-30,East,Kolkata,Kavya Roy,Individual,Organic Search,61,83.89,3,No,,,Price Too High
LEAD000695,2024-05-01,North,Jaipur,Priya Verma,Individual,Paid Social,51,413.08,4,Yes,2024-05-13,12,
LEAD000696,2024-05-01,West,Pune,Dev Patel,Individual,Paid Social,55,473.35,2,No,,,No Response
LEAD000697,2024-05-01,North,Delhi,Karan Malhotra,SME,Organic Search,34,78.33,4,No,,,Price Too High
LEAD000698,2024-05-01,North,Jaipur,Karan Malhotra,Individual,Walk-in,56,47.65,3,No,,,Price Too High
LEAD000699,2024-05-01,North,Delhi,Aarav Sharma,Individual,Referral,59,106.15,2,No,,,No Response
LEAD000700,2024-05-02,East,Kolkata,Vikram Sen,Individual,Referral,71,119.23,2,Yes,2024-05-13,11,
LEAD000701,2024-05-02,North,Jaipur,Aarav Sharma,Corporate,Corporate Outreach,51,302.31,4,No,,,Price Too High
LEAD000702,2024-05-02,West,Pune,Dev Patel,Individual,Organic Search,71,82.70,2,Yes,2024-05-05,3,
LEAD000703,2024-05-03,West,Mumbai,Rohan Mehta,Individual,Google Ads,65,697.23,1,Yes,2024-05-22,19,
LEAD000704,2024-05-03,South,Bengaluru,Isha Reddy,Individual,Google Ads,52,563.41,5,No,,,No Response
LEAD000705,2024-05-03,East,Kolkata,Kavya Roy,Individual,Organic Search,40,79.54,4,No,,,Price Too High
LEAD000706,2024-05-03,West,Mumbai,Rohan Mehta,Individual,Paid Social,39,479.88,6,No,,,Competitor Chosen
LEAD000707,2024-05-03,South,Hyderabad,Sneha Rao,Individual,Organic Search,80,76.83,3,Yes,2024-05-05,2,
LEAD000708,2024-05-03,South,Chennai,Sneha Rao,Individual,Referral,47,123.67,4,No,,,Not Ready Yet
LEAD000709,2024-05-04,North,Jaipur,Karan Malhotra,Individual,Walk-in,40,55.29,1,Yes,2024-05-06,2,
LEAD000710,2024-05-04,South,Chennai,Arjun Nair,Corporate,Corporate Outreach,27,246.17,5,No,,,Not Ready Yet
LEAD000711,2024-05-04,West,Pune,Meera Joshi,SME,Paid Social,48,404.46,1,Yes,2024-05-07,3,
LEAD000712,2024-05-04,North,Lucknow,Aarav Sharma,Individual,Referral,87,135.55,1,No,,,Not Ready Yet
LEAD000713,2024-05-05,North,Delhi,Karan Malhotra,Individual,Marketplace,41,165.11,4,Yes,2024-05-17,12,
LEAD000714,2024-05-05,South,Bengaluru,Arjun Nair,Individual,Organic Search,48,102.77,4,No,,,No Response
LEAD000715,2024-05-05,South,Bengaluru,Sneha Rao,Corporate,Google Ads,52,651.85,1,Yes,2024-05-30,25,
LEAD000716,2024-05-05,East,Kolkata,Kavya Roy,Individual,Organic Search,34,88.25,5,No,,,Budget Delayed
LEAD000717,2024-05-05,East,Kolkata,Vikram Sen,SME,Marketplace,56,192.54,4,Yes,2024-05-19,14,
LEAD000718,2024-05-05,West,Ahmedabad,Dev Patel,Individual,Organic Search,64,92.17,3,No,,,No Response
LEAD000719,2024-05-05,West,Ahmedabad,Meera Joshi,Individual,Referral,83,123.68,1,Yes,2024-05-12,7,
LEAD000720,2024-05-05,East,Kolkata,Neha Das,Individual,Paid Social,38,371.02,6,No,,,Price Too High
LEAD000721,2024-05-05,West,Ahmedabad,Dev Patel,Individual,Google Ads,41,678.82,5,No,,,Price Too High
LEAD000722,2024-05-05,North,Jaipur,Aarav Sharma,SME,Corporate Outreach,39,246.72,5,No,,,Price Too High
LEAD000723,2024-05-05,North,Lucknow,Karan Malhotra,Corporate,Organic Search,47,98.02,3,No,,,Budget Delayed
LEAD000724,2024-05-05,West,Mumbai,Dev Patel,SME,Google Ads,33,710.76,4,No,,,Competitor Chosen
LEAD000725,2024-05-06,North,Jaipur,Aarav Sharma,SME,Corporate Outreach,58,279.60,5,No,,,Budget Delayed
LEAD000726,2024-05-06,East,Bhubaneswar,Neha Das,Individual,Google Ads,58,703.99,5,No,,,Competitor Chosen
LEAD000727,2024-05-06,North,Delhi,Priya Verma,Individual,Organic Search,58,102.01,4,Yes,2024-05-11,5,
LEAD000728,2024-05-06,South,Bengaluru,Isha Reddy,Individual,Google Ads,52,645.15,4,Yes,2024-05-21,15,
LEAD000729,2024-05-06,South,Chennai,Sneha Rao,Individual,Google Ads,57,605.62,5,No,,,Budget Delayed
LEAD000730,2024-05-06,South,Chennai,Isha Reddy,Individual,Organic Search,74,89.32,1,Yes,2024-05-23,17,
LEAD000731,2024-05-06,West,Mumbai,Dev Patel,SME,Walk-in,70,43.02,4,Yes,2024-05-16,10,
LEAD000732,2024-05-06,West,Ahmedabad,Meera Joshi,Individual,Paid Social,61,486.18,1,Yes,2024-05-12,6,
LEAD000733,2024-05-06,West,Pune,Meera Joshi,Individual,Paid Social,58,455.57,3,No,,,Competitor Chosen
LEAD000734,2024-05-07,West,Ahmedabad,Meera Joshi,SME,Organic Search,40,80.68,4,No,,,Price Too High
LEAD000735,2024-05-07,South,Bengaluru,Arjun Nair,Individual,Google Ads,57,583.22,1,Yes,2024-05-21,14,
LEAD000736,2024-05-07,North,Lucknow,Karan Malhotra,SME,Google Ads,36,548.59,6,No,,,Not Ready Yet
LEAD000737,2024-05-07,North,Delhi,Karan Malhotra,Individual,Paid Social,37,447.39,3,Yes,2024-05-25,18,
LEAD000738,2024-05-07,North,Jaipur,Priya Verma,Individual,Referral,83,133.60,3,Yes,2024-05-09,2,
LEAD000739,2024-05-07,South,Hyderabad,Isha Reddy,Corporate,Google Ads,63,563.55,6,Yes,2024-05-26,19,
LEAD000740,2024-05-08,South,Hyderabad,Isha Reddy,Individual,Organic Search,52,79.63,2,No,,,Competitor Chosen
LEAD000741,2024-05-08,North,Delhi,Priya Verma,Individual,Referral,71,123.08,3,Yes,2024-05-10,2,
LEAD000742,2024-05-08,North,Lucknow,Aarav Sharma,Individual,Google Ads,58,615.31,2,No,,,Price Too High
LEAD000743,2024-05-08,West,Mumbai,Meera Joshi,Individual,Referral,69,133.00,2,Yes,2024-05-22,14,
LEAD000744,2024-05-08,North,Jaipur,Aarav Sharma,Individual,Google Ads,53,568.91,6,No,,,No Response
LEAD000745,2024-05-08,North,Delhi,Priya Verma,Individual,Google Ads,50,639.80,3,No,,,No Response
LEAD000746,2024-05-09,South,Chennai,Sneha Rao,Individual,Marketplace,64,175.26,2,Yes,2024-05-16,7,
LEAD000747,2024-05-09,West,Pune,Rohan Mehta,Individual,Organic Search,63,77.58,2,No,,,Budget Delayed
LEAD000748,2024-05-09,North,Delhi,Karan Malhotra,SME,Corporate Outreach,60,315.22,3,Yes,2024-05-28,19,
LEAD000749,2024-05-10,South,Hyderabad,Arjun Nair,Individual,Marketplace,49,206.29,5,No,,,Competitor Chosen
LEAD000750,2024-05-10,North,Delhi,Karan Malhotra,Individual,Google Ads,36,644.02,6,No,,,Price Too High
LEAD000751,2024-05-10,East,Guwahati,Kavya Roy,Individual,Google Ads,85,562.68,3,No,,,Not Ready Yet
LEAD000752,2024-05-10,West,Pune,Meera Joshi,Individual,Paid Social,34,383.47,5,No,,,Not Ready Yet
LEAD000753,2024-05-10,South,Bengaluru,Isha Reddy,Individual,Referral,56,106.22,2,Yes,2024-05-19,9,
LEAD000754,2024-05-10,South,Bengaluru,Sneha Rao,Individual,Walk-in,54,54.64,2,No,,,Not Ready Yet
LEAD000755,2024-05-10,West,Mumbai,Dev Patel,Individual,Paid Social,44,414.08,3,No,,,Price Too High
LEAD000756,2024-05-10,West,Mumbai,Rohan Mehta,Individual,Marketplace,56,192.89,4,No,,,Not Ready Yet
LEAD000757,2024-05-10,South,Hyderabad,Arjun Nair,Individual,Organic Search,19,84.95,4,No,,,No Response
LEAD000758,2024-05-10,North,Delhi,Aarav Sharma,Individual,Organic Search,76,79.94,3,Yes,2024-05-29,19,
LEAD000759,2024-05-10,North,Jaipur,Priya Verma,Individual,Marketplace,56,177.70,3,Yes,2024-05-20,10,
LEAD000760,2024-05-10,North,Delhi,Karan Malhotra,Individual,Google Ads,57,629.99,2,No,,,Price Too High
LEAD000761,2024-05-11,West,Mumbai,Meera Joshi,Individual,Referral,72,106.48,4,Yes,2024-05-16,5,
LEAD000762,2024-05-11,North,Delhi,Aarav Sharma,Individual,Organic Search,56,79.40,3,Yes,2024-05-20,9,
LEAD000763,2024-05-11,North,Delhi,Karan Malhotra,SME,Marketplace,47,186.72,4,No,,,Competitor Chosen
LEAD000764,2024-05-11,South,Hyderabad,Isha Reddy,SME,Organic Search,61,89.77,2,No,,,Not Ready Yet
LEAD000765,2024-05-11,South,Hyderabad,Arjun Nair,Individual,Paid Social,40,443.02,1,Yes,2024-05-17,6,
LEAD000766,2024-05-12,South,Hyderabad,Arjun Nair,Individual,Google Ads,68,694.11,3,Yes,2024-05-21,9,
LEAD000767,2024-05-12,West,Ahmedabad,Rohan Mehta,Individual,Paid Social,49,410.03,1,No,,,No Response
LEAD000768,2024-05-12,West,Pune,Dev Patel,Individual,Paid Social,48,412.79,3,No,,,Price Too High
LEAD000769,2024-05-12,East,Kolkata,Vikram Sen,Individual,Paid Social,34,412.53,1,No,,,Not Ready Yet
LEAD000770,2024-05-12,South,Bengaluru,Sneha Rao,Individual,Referral,64,118.31,3,Yes,2024-05-14,2,
LEAD000771,2024-05-12,West,Ahmedabad,Meera Joshi,SME,Organic Search,50,91.96,1,Yes,2024-05-16,4,
LEAD000772,2024-05-12,South,Chennai,Isha Reddy,Individual,Paid Social,57,469.70,2,No,,,Price Too High
LEAD000773,2024-05-12,North,Jaipur,Aarav Sharma,SME,Google Ads,61,661.52,5,No,,,Budget Delayed
LEAD000774,2024-05-13,North,Lucknow,Aarav Sharma,SME,Google Ads,39,620.17,1,Yes,2024-05-23,10,
LEAD000775,2024-05-13,East,Kolkata,Vikram Sen,Individual,Organic Search,78,88.98,5,No,,,Budget Delayed
LEAD000776,2024-05-13,West,Pune,Dev Patel,Individual,Referral,88,106.89,4,Yes,2024-05-15,2,
LEAD000777,2024-05-13,North,Jaipur,Priya Verma,Individual,Google Ads,43,592.83,6,No,,,Not Ready Yet
LEAD000778,2024-05-13,South,Chennai,Isha Reddy,Individual,Google Ads,54,619.95,2,No,,,No Response
LEAD000779,2024-05-14,South,Bengaluru,Isha Reddy,Corporate,Google Ads,82,531.44,3,Yes,2024-06-10,27,
LEAD000780,2024-05-14,West,Ahmedabad,Rohan Mehta,Individual,Referral,87,125.37,2,Yes,2024-05-28,14,
LEAD000781,2024-05-14,West,Mumbai,Rohan Mehta,SME,Corporate Outreach,57,276.92,3,No,,,Not Ready Yet
LEAD000782,2024-05-14,West,Mumbai,Rohan Mehta,SME,Corporate Outreach,73,277.07,3,Yes,2024-05-17,3,
LEAD000783,2024-05-14,West,Pune,Meera Joshi,Individual,Google Ads,66,592.56,1,Yes,2024-05-31,17,
LEAD000784,2024-05-14,North,Lucknow,Aarav Sharma,Individual,Organic Search,40,77.17,5,No,,,No Response
LEAD000785,2024-05-14,North,Jaipur,Aarav Sharma,Individual,Google Ads,47,676.03,1,Yes,2024-05-27,13,
LEAD000786,2024-05-15,South,Chennai,Arjun Nair,Individual,Paid Social,43,438.56,5,No,,,Budget Delayed
LEAD000787,2024-05-15,North,Lucknow,Priya Verma,Individual,Referral,63,105.35,2,Yes,2024-05-28,13,
LEAD000788,2024-05-15,West,Mumbai,Rohan Mehta,Individual,Organic Search,36,87.77,2,Yes,2024-05-30,15,
LEAD000789,2024-05-15,South,Bengaluru,Isha Reddy,Individual,Marketplace,69,202.95,3,Yes,2024-05-16,1,
LEAD000790,2024-05-16,South,Bengaluru,Sneha Rao,Corporate,Corporate Outreach,96,313.55,7,Yes,2024-06-22,37,
LEAD000791,2024-05-16,South,Chennai,Arjun Nair,Corporate,Corporate Outreach,28,265.43,3,No,,,Competitor Chosen
LEAD000792,2024-05-16,North,Jaipur,Karan Malhotra,Individual,Referral,54,102.80,2,No,,,Price Too High
LEAD000793,2024-05-16,West,Mumbai,Dev Patel,Individual,Marketplace,62,169.93,3,No,,,Price Too High
LEAD000794,2024-05-16,North,Lucknow,Aarav Sharma,Individual,Organic Search,57,87.64,3,Yes,2024-06-04,19,
LEAD000795,2024-05-17,West,Pune,Meera Joshi,Individual,Organic Search,23,88.26,1,Yes,2024-05-29,12,
LEAD000796,2024-05-17,South,Bengaluru,Arjun Nair,Corporate,Corporate Outreach,62,278.87,2,Yes,2024-06-13,27,
LEAD000797,2024-05-17,East,Guwahati,Neha Das,Individual,Google Ads,65,638.22,2,No,,,No Response
LEAD000798,2024-05-18,South,Chennai,Sneha Rao,Individual,Walk-in,48,49.89,4,Yes,2024-05-27,9,
LEAD000799,2024-05-18,North,Lucknow,Karan Malhotra,Individual,Marketplace,67,200.19,3,Yes,2024-06-01,14,
LEAD000800,2024-05-18,East,Bhubaneswar,Kavya Roy,Individual,Organic Search,58,103.40,3,No,,,Price Too High
LEAD000801,2024-05-18,North,Delhi,Aarav Sharma,SME,Google Ads,65,581.21,1,No,,,No Response
LEAD000802,2024-05-19,South,Bengaluru,Isha Reddy,Individual,Organic Search,71,97.45,3,No,,,Price Too High
LEAD000803,2024-05-19,West,Pune,Rohan Mehta,Individual,Organic Search,71,90.24,4,No,,,No Response
LEAD000804,2024-05-19,West,Pune,Meera Joshi,Individual,Marketplace,40,173.50,3,No,,,Competitor Chosen
LEAD000805,2024-05-19,West,Pune,Rohan Mehta,Individual,Paid Social,58,401.94,2,No,,,Budget Delayed
LEAD000806,2024-05-19,West,Mumbai,Rohan Mehta,SME,Paid Social,57,486.43,3,Yes,2024-06-10,22,
LEAD000807,2024-05-19,North,Jaipur,Aarav Sharma,Individual,Google Ads,55,678.13,3,No,,,No Response
LEAD000808,2024-05-20,West,Ahmedabad,Dev Patel,SME,Paid Social,56,419.98,6,No,,,Not Ready Yet
LEAD000809,2024-05-20,West,Ahmedabad,Dev Patel,SME,Organic Search,64,100.14,4,Yes,2024-05-24,4,
LEAD000810,2024-05-20,West,Mumbai,Rohan Mehta,Individual,Referral,59,117.04,2,No,,,Budget Delayed
LEAD000811,2024-05-20,South,Hyderabad,Isha Reddy,Individual,Referral,62,107.32,5,No,,,Price Too High
LEAD000812,2024-05-20,South,Chennai,Isha Reddy,Individual,Paid Social,59,444.48,5,No,,,Competitor Chosen
LEAD000813,2024-05-20,West,Ahmedabad,Rohan Mehta,Individual,Referral,48,102.64,1,No,,,No Response
LEAD000814,2024-05-20,South,Chennai,Sneha Rao,Individual,Marketplace,52,214.12,5,No,,,Competitor Chosen
LEAD000815,2024-05-20,South,Bengaluru,Arjun Nair,Individual,Referral,76,102.15,3,No,,,No Response
LEAD000816,2024-05-21,North,Delhi,Priya Verma,Individual,Organic Search,60,90.95,3,Yes,2024-05-25,4,
LEAD000817,2024-05-21,East,Guwahati,Vikram Sen,Individual,Marketplace,63,189.81,1,Yes,2024-05-31,10,
LEAD000818,2024-05-21,South,Hyderabad,Isha Reddy,Individual,Organic Search,37,81.29,3,Yes,2024-06-04,14,
LEAD000819,2024-05-21,South,Bengaluru,Arjun Nair,Individual,Referral,68,108.08,3,Yes,2024-06-02,12,
LEAD000820,2024-05-21,West,Mumbai,Rohan Mehta,SME,Google Ads,56,584.57,3,Yes,2024-05-26,5,
LEAD000821,2024-05-22,West,Pune,Rohan Mehta,Individual,Organic Search,83,97.95,1,No,,,Budget Delayed
LEAD000822,2024-05-22,East,Guwahati,Vikram Sen,SME,Google Ads,82,622.01,4,Yes,2024-06-10,19,
LEAD000823,2024-05-22,West,Pune,Rohan Mehta,Individual,Organic Search,70,101.09,1,Yes,2024-06-01,10,
LEAD000824,2024-05-23,South,Chennai,Sneha Rao,Corporate,Corporate Outreach,82,321.25,4,Yes,2024-06-12,20,
LEAD000825,2024-05-23,South,Hyderabad,Arjun Nair,SME,Marketplace,33,172.34,4,No,,,Price Too High
LEAD000826,2024-05-23,South,Chennai,Isha Reddy,Individual,Marketplace,69,206.00,6,No,,,Not Ready Yet
LEAD000827,2024-05-23,West,Pune,Meera Joshi,Individual,Organic Search,73,103.17,1,Yes,2024-06-05,13,
LEAD000828,2024-05-23,East,Bhubaneswar,Neha Das,SME,Organic Search,62,80.12,1,Yes,2024-06-08,16,
LEAD000829,2024-05-23,North,Jaipur,Aarav Sharma,Individual,Paid Social,35,369.69,1,No,,,Competitor Chosen
LEAD000830,2024-05-23,South,Bengaluru,Arjun Nair,Individual,Paid Social,46,486.64,1,Yes,2024-05-28,5,
LEAD000831,2024-05-23,South,Chennai,Isha Reddy,Individual,Google Ads,65,540.97,3,Yes,2024-05-27,4,
LEAD000832,2024-05-23,West,Mumbai,Rohan Mehta,Individual,Google Ads,69,700.24,2,Yes,2024-05-27,4,
LEAD000833,2024-05-23,South,Chennai,Arjun Nair,Individual,Marketplace,59,194.69,2,Yes,2024-06-02,10,
LEAD000834,2024-05-23,North,Delhi,Priya Verma,SME,Referral,52,131.22,1,Yes,2024-06-06,14,
LEAD000835,2024-05-24,West,Pune,Dev Patel,Individual,Marketplace,54,213.87,3,Yes,2024-05-25,1,
LEAD000836,2024-05-24,West,Pune,Meera Joshi,SME,Organic Search,52,79.38,1,Yes,2024-06-13,20,
LEAD000837,2024-05-24,West,Pune,Meera Joshi,Individual,Organic Search,77,81.05,2,No,,,Price Too High
LEAD000838,2024-05-24,South,Hyderabad,Sneha Rao,Individual,Organic Search,87,81.07,2,Yes,2024-06-17,24,
LEAD000839,2024-05-24,East,Guwahati,Kavya Roy,Individual,Google Ads,45,561.88,6,No,,,Budget Delayed
LEAD000840,2024-05-24,West,Mumbai,Rohan Mehta,Individual,Google Ads,30,602.24,3,No,,,No Response
LEAD000841,2024-05-25,South,Chennai,Arjun Nair,Individual,Referral,84,102.05,4,Yes,2024-06-04,10,
LEAD000842,2024-05-25,North,Jaipur,Karan Malhotra,Individual,Organic Search,42,102.61,1,Yes,2024-06-16,22,
LEAD000843,2024-05-25,North,Jaipur,Aarav Sharma,Corporate,Organic Search,55,102.40,3,Yes,2024-06-15,21,
LEAD000844,2024-05-25,South,Hyderabad,Isha Reddy,Individual,Referral,43,118.09,2,Yes,2024-05-31,6,
LEAD000845,2024-05-25,North,Jaipur,Aarav Sharma,SME,Google Ads,39,686.54,4,No,,,Competitor Chosen
LEAD000846,2024-05-25,North,Delhi,Aarav Sharma,SME,Marketplace,69,177.11,4,No,,,No Response
LEAD000847,2024-05-25,North,Delhi,Priya Verma,Individual,Walk-in,70,44.16,4,Yes,2024-05-29,4,
LEAD000848,2024-05-25,North,Delhi,Aarav Sharma,Individual,Organic Search,36,88.77,5,No,,,Price Too High
LEAD000849,2024-05-25,West,Mumbai,Rohan Mehta,Individual,Google Ads,43,695.29,4,Yes,2024-06-03,9,
LEAD000850,2024-05-25,North,Delhi,Priya Verma,Individual,Marketplace,60,167.76,2,Yes,2024-06-05,11,
LEAD000851,2024-05-25,South,Hyderabad,Isha Reddy,Individual,Marketplace,45,175.25,1,Yes,2024-05-27,2,
LEAD000852,2024-05-25,North,Lucknow,Karan Malhotra,Corporate,Google Ads,56,643.72,5,No,,,Not Ready Yet
LEAD000853,2024-05-25,East,Kolkata,Vikram Sen,Individual,Referral,47,105.90,2,Yes,2024-05-29,4,
LEAD000854,2024-05-26,West,Ahmedabad,Meera Joshi,Individual,Google Ads,51,544.87,3,Yes,2024-06-09,14,
LEAD000855,2024-05-26,West,Mumbai,Rohan Mehta,Individual,Marketplace,42,216.08,4,No,,,Price Too High
LEAD000856,2024-05-26,North,Delhi,Karan Malhotra,SME,Google Ads,77,626.51,2,No,,,No Response
LEAD000857,2024-05-26,South,Bengaluru,Isha Reddy,Individual,Organic Search,57,101.29,1,Yes,2024-06-05,10,
LEAD000858,2024-05-27,West,Ahmedabad,Dev Patel,Individual,Paid Social,42,444.42,3,No,,,Not Ready Yet
LEAD000859,2024-05-27,North,Delhi,Karan Malhotra,Individual,Referral,66,129.26,5,No,,,Price Too High
LEAD000860,2024-05-27,South,Chennai,Arjun Nair,SME,Google Ads,53,543.50,1,Yes,2024-06-08,12,
LEAD000861,2024-05-27,South,Chennai,Arjun Nair,Individual,Referral,89,128.60,1,Yes,2024-05-30,3,
LEAD000862,2024-05-27,East,Bhubaneswar,Kavya Roy,Individual,Organic Search,47,96.28,1,Yes,2024-06-21,25,
LEAD000863,2024-05-27,North,Delhi,Aarav Sharma,Individual,Organic Search,38,86.40,2,Yes,2024-06-21,25,
LEAD000864,2024-05-27,South,Chennai,Isha Reddy,Individual,Referral,72,102.27,2,No,,,No Response
LEAD000865,2024-05-27,West,Pune,Dev Patel,SME,Paid Social,60,421.57,1,Yes,2024-06-11,15,
LEAD000866,2024-05-27,South,Bengaluru,Isha Reddy,Individual,Paid Social,57,483.81,5,No,,,Not Ready Yet
LEAD000867,2024-05-27,East,Guwahati,Vikram Sen,SME,Referral,60,112.05,4,Yes,2024-05-30,3,
LEAD000868,2024-05-27,North,Delhi,Karan Malhotra,SME,Marketplace,49,205.54,4,Yes,2024-06-01,5,
LEAD000869,2024-05-28,West,Mumbai,Dev Patel,Individual,Referral,74,122.16,1,Yes,2024-06-11,14,
LEAD000870,2024-05-28,West,Pune,Dev Patel,SME,Organic Search,51,98.07,5,No,,,Not Ready Yet
LEAD000871,2024-05-28,North,Delhi,Karan Malhotra,Individual,Organic Search,51,85.47,1,No,,,No Response
LEAD000872,2024-05-28,North,Delhi,Priya Verma,Individual,Walk-in,56,52.98,2,Yes,2024-06-10,13,
LEAD000873,2024-05-28,North,Delhi,Priya Verma,Individual,Referral,42,137.74,3,Yes,2024-05-31,3,
LEAD000874,2024-05-28,West,Mumbai,Rohan Mehta,SME,Marketplace,50,179.88,6,No,,,Price Too High
LEAD000875,2024-05-29,South,Chennai,Isha Reddy,Individual,Referral,39,104.06,3,Yes,2024-06-07,9,
LEAD000876,2024-05-29,South,Chennai,Sneha Rao,SME,Corporate Outreach,61,304.75,1,Yes,2024-06-21,23,
LEAD000877,2024-05-29,West,Mumbai,Meera Joshi,Individual,Organic Search,65,89.76,3,Yes,2024-06-15,17,
LEAD000878,2024-05-29,East,Kolkata,Vikram Sen,SME,Google Ads,39,614.21,1,No,,,No Response
LEAD000879,2024-05-29,West,Pune,Rohan Mehta,Individual,Organic Search,57,86.26,1,Yes,2024-06-10,12,
LEAD000880,2024-05-29,West,Pune,Meera Joshi,Individual,Organic Search,69,103.25,2,Yes,2024-06-08,10,
LEAD000881,2024-05-29,West,Mumbai,Meera Joshi,SME,Marketplace,54,184.68,6,No,,,No Response
LEAD000882,2024-05-29,North,Jaipur,Karan Malhotra,Individual,Referral,69,130.03,1,No,,,Budget Delayed
LEAD000883,2024-05-29,East,Guwahati,Kavya Roy,Individual,Organic Search,57,99.04,3,Yes,2024-06-12,14,
LEAD000884,2024-05-29,North,Jaipur,Karan Malhotra,SME,Google Ads,62,703.41,6,No,,,Price Too High
LEAD000885,2024-05-29,West,Ahmedabad,Dev Patel,Individual,Referral,74,126.23,2,Yes,2024-06-02,4,
LEAD000886,2024-05-30,North,Delhi,Karan Malhotra,Individual,Organic Search,78,84.80,6,No,,,Competitor Chosen
LEAD000887,2024-05-30,West,Mumbai,Meera Joshi,SME,Organic Search,52,102.44,3,Yes,2024-06-04,5,
LEAD000888,2024-05-30,North,Delhi,Aarav Sharma,SME,Google Ads,29,702.98,4,No,,,Price Too High
LEAD000889,2024-05-30,West,Mumbai,Rohan Mehta,Individual,Walk-in,55,45.38,3,Yes,2024-06-02,3,
LEAD000890,2024-05-30,South,Chennai,Isha Reddy,Individual,Google Ads,43,622.41,3,No,,,Not Ready Yet
LEAD000891,2024-05-30,East,Kolkata,Vikram Sen,SME,Marketplace,45,177.20,2,No,,,Budget Delayed
LEAD000892,2024-05-30,South,Bengaluru,Isha Reddy,SME,Organic Search,72,93.76,1,No,,,No Response
LEAD000893,2024-05-30,East,Kolkata,Vikram Sen,Corporate,Corporate Outreach,59,312.21,3,No,,,Competitor Chosen
LEAD000894,2024-05-30,North,Jaipur,Aarav Sharma,SME,Organic Search,44,95.97,4,No,,,No Response
LEAD000895,2024-05-30,South,Hyderabad,Isha Reddy,Corporate,Corporate Outreach,76,265.13,2,No,,,No Response
LEAD000896,2024-05-31,North,Lucknow,Aarav Sharma,SME,Corporate Outreach,70,279.72,5,No,,,Budget Delayed
LEAD000897,2024-05-31,East,Guwahati,Vikram Sen,Individual,Paid Social,37,389.34,1,No,,,Price Too High
LEAD000898,2024-05-31,South,Chennai,Sneha Rao,Individual,Google Ads,68,682.79,2,Yes,2024-06-19,19,
LEAD000899,2024-05-31,West,Mumbai,Dev Patel,Individual,Paid Social,49,459.00,5,No,,,Price Too High
LEAD000900,2024-05-31,West,Mumbai,Dev Patel,Individual,Google Ads,46,537.78,3,No,,,Price Too High
LEAD000901,2024-05-31,West,Mumbai,Rohan Mehta,SME,Walk-in,51,50.45,4,Yes,2024-06-04,4,
LEAD000902,2024-05-31,West,Mumbai,Rohan Mehta,SME,Paid Social,49,486.97,2,Yes,2024-06-25,25,
LEAD000903,2024-06-01,South,Hyderabad,Sneha Rao,Individual,Google Ads,54,551.19,3,Yes,2024-06-04,3,
LEAD000904,2024-06-01,West,Ahmedabad,Rohan Mehta,SME,Walk-in,63,56.53,3,No,,,Price Too High
LEAD000905,2024-06-01,West,Ahmedabad,Dev Patel,Individual,Referral,71,135.98,1,No,,,Not Ready Yet
LEAD000906,2024-06-01,South,Bengaluru,Sneha Rao,Individual,Google Ads,63,654.39,1,No,,,No Response
LEAD000907,2024-06-01,North,Lucknow,Aarav Sharma,Individual,Organic Search,64,88.28,2,Yes,2024-06-16,15,
LEAD000908,2024-06-01,North,Jaipur,Priya Verma,Individual,Paid Social,84,433.16,5,No,,,Price Too High
LEAD000909,2024-06-01,North,Jaipur,Aarav Sharma,Individual,Google Ads,32,571.16,2,No,,,No Response
LEAD000910,2024-06-02,South,Chennai,Isha Reddy,SME,Organic Search,49,93.09,3,Yes,2024-06-11,9,
LEAD000911,2024-06-02,North,Delhi,Priya Verma,Individual,Referral,62,130.92,1,Yes,2024-06-12,10,
LEAD000912,2024-06-02,North,Delhi,Aarav Sharma,SME,Paid Social,50,463.05,4,Yes,2024-06-09,7,
LEAD000913,2024-06-02,South,Hyderabad,Isha Reddy,Individual,Referral,76,105.23,4,Yes,2024-06-16,14,
LEAD000914,2024-06-02,West,Mumbai,Meera Joshi,Individual,Referral,37,122.35,3,Yes,2024-06-05,3,
LEAD000915,2024-06-02,West,Ahmedabad,Meera Joshi,Individual,Walk-in,81,54.21,1,No,,,Price Too High
LEAD000916,2024-06-02,South,Bengaluru,Sneha Rao,SME,Paid Social,23,455.76,1,No,,,No Response
LEAD000917,2024-06-02,East,Kolkata,Neha Das,Individual,Paid Social,25,405.43,2,No,,,Budget Delayed
LEAD000918,2024-06-02,East,Bhubaneswar,Kavya Roy,Individual,Google Ads,73,694.13,3,No,,,Competitor Chosen
LEAD000919,2024-06-03,West,Pune,Dev Patel,SME,Marketplace,85,168.21,4,No,,,Not Ready Yet
LEAD000920,2024-06-03,North,Jaipur,Karan Malhotra,Individual,Organic Search,54,97.10,2,No,,,No Response
LEAD000921,2024-06-03,West,Mumbai,Dev Patel,Individual,Walk-in,47,42.72,2,Yes,2024-06-05,2,
LEAD000922,2024-06-03,West,Pune,Dev Patel,SME,Corporate Outreach,67,266.30,5,No,,,No Response
LEAD000923,2024-06-03,East,Kolkata,Vikram Sen,SME,Paid Social,64,481.47,5,No,,,No Response
LEAD000924,2024-06-03,South,Chennai,Sneha Rao,Individual,Organic Search,74,92.71,4,Yes,2024-06-21,18,
LEAD000925,2024-06-03,East,Kolkata,Vikram Sen,Individual,Marketplace,50,208.44,3,Yes,2024-06-07,4,
LEAD000926,2024-06-04,South,Bengaluru,Sneha Rao,Individual,Organic Search,64,92.88,1,No,,,No Response
LEAD000927,2024-06-04,South,Bengaluru,Arjun Nair,Individual,Organic Search,51,93.43,4,No,,,Competitor Chosen
LEAD000928,2024-06-04,North,Delhi,Karan Malhotra,Individual,Organic Search,50,87.05,4,No,,,Competitor Chosen
LEAD000929,2024-06-04,North,Lucknow,Aarav Sharma,SME,Marketplace,51,204.01,1,Yes,2024-06-05,1,
LEAD000930,2024-06-04,West,Pune,Meera Joshi,Corporate,Walk-in,62,51.53,5,No,,,Competitor Chosen
LEAD000931,2024-06-04,South,Bengaluru,Arjun Nair,Corporate,Referral,62,105.21,2,Yes,2024-07-11,37,
LEAD000932,2024-06-04,North,Lucknow,Priya Verma,SME,Organic Search,96,89.11,1,Yes,2024-06-18,14,
LEAD000933,2024-06-05,East,Kolkata,Vikram Sen,SME,Corporate Outreach,61,256.39,1,No,,,No Response
LEAD000934,2024-06-05,West,Ahmedabad,Dev Patel,Individual,Paid Social,58,390.06,3,No,,,No Response
LEAD000935,2024-06-05,West,Ahmedabad,Dev Patel,Individual,Google Ads,94,687.73,3,No,,,Price Too High
LEAD000936,2024-06-05,West,Mumbai,Rohan Mehta,Individual,Google Ads,69,653.86,2,Yes,2024-06-21,16,
LEAD000937,2024-06-05,South,Hyderabad,Isha Reddy,Individual,Organic Search,32,78.53,2,No,,,Not Ready Yet
LEAD000938,2024-06-05,South,Hyderabad,Arjun Nair,SME,Referral,72,111.40,2,Yes,2024-06-07,2,
LEAD000939,2024-06-06,East,Kolkata,Kavya Roy,Individual,Walk-in,33,55.50,2,No,,,Budget Delayed
LEAD000940,2024-06-06,North,Lucknow,Aarav Sharma,SME,Marketplace,59,184.78,3,Yes,2024-06-17,11,
LEAD000941,2024-06-06,West,Pune,Meera Joshi,Corporate,Corporate Outreach,62,315.88,4,No,,,No Response
LEAD000942,2024-06-06,North,Jaipur,Aarav Sharma,Individual,Marketplace,38,210.53,2,Yes,2024-06-13,7,
LEAD000943,2024-06-06,North,Lucknow,Priya Verma,Individual,Organic Search,63,78.83,3,No,,,Competitor Chosen
LEAD000944,2024-06-07,West,Ahmedabad,Meera Joshi,Individual,Google Ads,50,602.32,1,No,,,Competitor Chosen
LEAD000945,2024-06-07,North,Delhi,Karan Malhotra,SME,Organic Search,66,102.28,4,No,,,Budget Delayed
LEAD000946,2024-06-07,West,Pune,Dev Patel,Individual,Paid Social,52,477.48,3,No,,,Budget Delayed
LEAD000947,2024-06-07,East,Kolkata,Vikram Sen,SME,Marketplace,79,217.08,4,Yes,2024-06-21,14,
LEAD000948,2024-06-07,South,Chennai,Isha Reddy,Corporate,Referral,59,128.48,7,Yes,2024-07-06,29,
LEAD000949,2024-06-07,West,Pune,Dev Patel,Individual,Google Ads,45,609.10,1,No,,,Competitor Chosen
LEAD000950,2024-06-07,West,Mumbai,Dev Patel,Individual,Google Ads,45,531.88,2,Yes,2024-06-30,23,
LEAD000951,2024-06-07,South,Bengaluru,Sneha Rao,Corporate,Corporate Outreach,29,283.53,5,No,,,No Response
LEAD000952,2024-06-07,South,Hyderabad,Arjun Nair,Individual,Referral,36,113.52,2,Yes,2024-06-21,14,
LEAD000953,2024-06-08,South,Hyderabad,Isha Reddy,Individual,Referral,58,115.27,2,Yes,2024-06-11,3,
LEAD000954,2024-06-08,South,Chennai,Isha Reddy,SME,Paid Social,69,408.31,4,No,,,Budget Delayed
LEAD000955,2024-06-08,West,Mumbai,Dev Patel,Individual,Google Ads,32,560.96,3,No,,,No Response
LEAD000956,2024-06-08,West,Pune,Meera Joshi,Individual,Google Ads,51,572.87,3,No,,,Price Too High
LEAD000957,2024-06-08,East,Bhubaneswar,Kavya Roy,Individual,Google Ads,34,694.68,2,No,,,Competitor Chosen
LEAD000958,2024-06-09,South,Bengaluru,Arjun Nair,Individual,Organic Search,76,97.06,3,No,,,Price Too High
LEAD000959,2024-06-09,South,Chennai,Sneha Rao,Corporate,Corporate Outreach,67,296.35,7,Yes,2024-07-01,22,
LEAD000960,2024-06-09,West,Pune,Dev Patel,Individual,Organic Search,75,95.69,5,No,,,Price Too High
LEAD000961,2024-06-09,West,Mumbai,Dev Patel,Individual,Google Ads,35,617.72,5,No,,,No Response
LEAD000962,2024-06-10,South,Chennai,Sneha Rao,Individual,Google Ads,77,680.33,6,No,,,Not Ready Yet
LEAD000963,2024-06-10,North,Lucknow,Priya Verma,Individual,Organic Search,66,97.92,3,Yes,2024-06-19,9,
LEAD000964,2024-06-10,North,Delhi,Priya Verma,Individual,Google Ads,84,564.63,3,Yes,2024-06-22,12,
LEAD000965,2024-06-10,North,Delhi,Karan Malhotra,SME,Marketplace,29,187.00,2,No,,,Budget Delayed
LEAD000966,2024-06-10,West,Mumbai,Dev Patel,Individual,Walk-in,62,46.75,6,No,,,Budget Delayed
LEAD000967,2024-06-10,South,Bengaluru,Arjun Nair,Individual,Google Ads,18,538.19,5,No,,,No Response
LEAD000968,2024-06-11,South,Bengaluru,Arjun Nair,Individual,Google Ads,48,601.81,3,Yes,2024-06-29,18,
LEAD000969,2024-06-11,East,Guwahati,Kavya Roy,SME,Marketplace,53,206.66,4,Yes,2024-06-24,13,
LEAD000970,2024-06-11,West,Pune,Meera Joshi,SME,Organic Search,60,96.50,5,No,,,No Response
LEAD000971,2024-06-11,South,Hyderabad,Arjun Nair,SME,Paid Social,33,430.26,5,No,,,No Response
LEAD000972,2024-06-11,West,Pune,Rohan Mehta,Corporate,Organic Search,80,80.18,1,Yes,2024-07-10,29,
LEAD000973,2024-06-11,South,Chennai,Sneha Rao,Individual,Google Ads,45,551.39,1,No,,,Not Ready Yet
LEAD000974,2024-06-11,South,Chennai,Sneha Rao,SME,Corporate Outreach,42,266.55,3,Yes,2024-06-13,2,
LEAD000975,2024-06-11,North,Delhi,Karan Malhotra,Individual,Walk-in,52,48.29,4,Yes,2024-06-20,9,
LEAD000976,2024-06-11,South,Chennai,Sneha Rao,Individual,Marketplace,46,212.74,2,No,,,No Response
LEAD000977,2024-06-11,South,Chennai,Arjun Nair,Individual,Organic Search,72,101.32,2,Yes,2024-07-06,25,
LEAD000978,2024-06-11,North,Lucknow,Aarav Sharma,Individual,Walk-in,58,53.56,1,Yes,2024-06-20,9,
LEAD000979,2024-06-11,North,Delhi,Aarav Sharma,Individual,Marketplace,45,161.96,1,No,,,No Response
LEAD000980,2024-06-12,North,Delhi,Priya Verma,Individual,Organic Search,41,80.96,3,No,,,Price Too High
LEAD000981,2024-06-12,West,Pune,Rohan Mehta,Individual,Organic Search,63,91.68,3,Yes,2024-06-22,10,
LEAD000982,2024-06-12,North,Delhi,Aarav Sharma,SME,Corporate Outreach,70,280.92,1,Yes,2024-07-03,21,
LEAD000983,2024-06-12,South,Chennai,Arjun Nair,Individual,Referral,66,127.86,2,Yes,2024-06-26,14,
LEAD000984,2024-06-12,East,Bhubaneswar,Vikram Sen,Individual,Referral,72,135.33,2,Yes,2024-06-25,13,
LEAD000985,2024-06-12,South,Chennai,Sneha Rao,Individual,Organic Search,40,81.12,6,No,,,No Response
LEAD000986,2024-06-13,North,Delhi,Priya Verma,Individual,Paid Social,44,384.06,2,No,,,Competitor Chosen
LEAD000987,2024-06-13,East,Kolkata,Neha Das,Individual,Google Ads,29,576.62,3,Yes,2024-07-02,19,
LEAD000988,2024-06-13,North,Jaipur,Priya Verma,SME,Corporate Outreach,43,258.76,3,Yes,2024-06-27,14,
LEAD000989,2024-06-13,North,Delhi,Priya Verma,Individual,Marketplace,34,161.65,4,Yes,2024-06-21,8,
LEAD000990,2024-06-13,South,Hyderabad,Sneha Rao,Individual,Google Ads,58,696.38,4,No,,,Budget Delayed
LEAD000991,2024-06-13,South,Bengaluru,Isha Reddy,SME,Google Ads,41,532.22,2,No,,,Price Too High
LEAD000992,2024-06-14,South,Chennai,Sneha Rao,SME,Paid Social,43,387.85,1,No,,,Competitor Chosen
LEAD000993,2024-06-14,East,Kolkata,Kavya Roy,Individual,Walk-in,51,52.75,5,No,,,No Response
LEAD000994,2024-06-14,South,Chennai,Arjun Nair,Individual,Google Ads,42,698.92,4,Yes,2024-07-03,19,
LEAD000995,2024-06-15,South,Chennai,Sneha Rao,Individual,Google Ads,47,633.74,5,No,,,Not Ready Yet
LEAD000996,2024-06-15,North,Delhi,Aarav Sharma,Corporate,Google Ads,90,671.88,1,Yes,2024-06-28,13,
LEAD000997,2024-06-15,South,Bengaluru,Isha Reddy,Corporate,Organic Search,54,99.93,6,Yes,2024-07-10,25,
LEAD000998,2024-06-15,West,Mumbai,Rohan Mehta,Corporate,Referral,60,123.37,1,No,,,Price Too High
LEAD000999,2024-06-15,North,Lucknow,Aarav Sharma,Individual,Referral,65,116.76,4,Yes,2024-06-29,14,
LEAD001000,2024-06-15,South,Bengaluru,Sneha Rao,Individual,Walk-in,50,48.54,4,Yes,2024-06-17,2,
LEAD001001,2024-06-15,North,Delhi,Aarav Sharma,Individual,Organic Search,67,101.67,5,No,,,Budget Delayed
LEAD001002,2024-06-15,North,Jaipur,Karan Malhotra,Individual,Google Ads,68,565.76,3,Yes,2024-06-29,14,
LEAD001003,2024-06-15,North,Delhi,Karan Malhotra,SME,Marketplace,59,166.64,3,No,,,Price Too High
LEAD001004,2024-06-16,North,Jaipur,Priya Verma,Individual,Organic Search,51,103.01,3,Yes,2024-06-18,2,
LEAD001005,2024-06-16,North,Delhi,Aarav Sharma,Individual,Walk-in,68,55.09,3,No,,,Budget Delayed
LEAD001006,2024-06-16,North,Jaipur,Karan Malhotra,Individual,Marketplace,85,168.81,5,No,,,Competitor Chosen
LEAD001007,2024-06-16,South,Hyderabad,Sneha Rao,SME,Google Ads,50,627.37,3,Yes,2024-06-29,13,
LEAD001008,2024-06-16,West,Ahmedabad,Rohan Mehta,Individual,Organic Search,60,77.19,6,No,,,Budget Delayed
LEAD001009,2024-06-16,East,Guwahati,Neha Das,Individual,Referral,47,117.95,1,Yes,2024-06-19,3,
LEAD001010,2024-06-16,South,Bengaluru,Arjun Nair,SME,Organic Search,60,90.84,3,Yes,2024-06-22,6,
LEAD001011,2024-06-16,East,Kolkata,Neha Das,Individual,Marketplace,68,210.89,2,No,,,Competitor Chosen
LEAD001012,2024-06-16,North,Delhi,Aarav Sharma,Individual,Marketplace,37,182.51,4,Yes,2024-06-24,8,
LEAD001013,2024-06-16,East,Kolkata,Vikram Sen,Individual,Referral,68,136.05,2,Yes,2024-06-30,14,
LEAD001014,2024-06-17,North,Lucknow,Aarav Sharma,SME,Google Ads,44,538.05,1,No,,,Price Too High
LEAD001015,2024-06-17,North,Lucknow,Aarav Sharma,Individual,Organic Search,80,87.26,4,Yes,2024-06-22,5,
LEAD001016,2024-06-17,South,Bengaluru,Sneha Rao,Individual,Organic Search,43,88.59,3,Yes,2024-06-22,5,
LEAD001017,2024-06-17,North,Delhi,Karan Malhotra,Individual,Google Ads,63,572.85,4,No,,,No Response
LEAD001018,2024-06-17,West,Mumbai,Rohan Mehta,Corporate,Organic Search,60,84.61,4,Yes,2024-07-12,25,
LEAD001019,2024-06-17,South,Bengaluru,Isha Reddy,Individual,Organic Search,45,88.00,6,No,,,No Response
LEAD001020,2024-06-17,West,Mumbai,Rohan Mehta,Individual,Paid Social,58,443.80,2,Yes,2024-07-10,23,
LEAD001021,2024-06-17,North,Lucknow,Priya Verma,Corporate,Google Ads,70,538.92,5,Yes,2024-07-17,30,
LEAD001022,2024-06-18,North,Delhi,Priya Verma,Individual,Organic Search,47,79.20,4,Yes,2024-07-03,15,
LEAD001023,2024-06-19,East,Bhubaneswar,Vikram Sen,SME,Marketplace,76,163.63,1,No,,,Not Ready Yet
LEAD001024,2024-06-19,South,Bengaluru,Sneha Rao,Individual,Marketplace,64,194.23,3,Yes,2024-07-01,12,
LEAD001025,2024-06-19,West,Pune,Dev Patel,Individual,Walk-in,77,52.20,3,Yes,2024-07-02,13,
LEAD001026,2024-06-19,South,Hyderabad,Arjun Nair,SME,Referral,71,109.15,1,Yes,2024-06-23,4,
LEAD001027,2024-06-19,South,Chennai,Arjun Nair,Individual,Paid Social,48,428.06,1,No,,,Price Too High
LEAD001028,2024-06-19,East,Kolkata,Kavya Roy,Individual,Google Ads,72,561.04,4,Yes,2024-07-01,12,
LEAD001029,2024-06-19,South,Chennai,Isha Reddy,Individual,Google Ads,51,679.99,1,No,,,Price Too High
LEAD001030,2024-06-19,North,Lucknow,Karan Malhotra,Individual,Organic Search,54,79.35,2,Yes,2024-07-05,16,
LEAD001031,2024-06-20,West,Ahmedabad,Dev Patel,Individual,Organic Search,64,82.85,1,Yes,2024-07-09,19,
LEAD001032,2024-06-20,South,Chennai,Isha Reddy,Individual,Paid Social,33,384.41,5,No,,,No Response
LEAD001033,2024-06-20,North,Lucknow,Aarav Sharma,SME,Referral,38,131.53,5,No,,,Price Too High
LEAD001034,2024-06-20,North,Jaipur,Priya Verma,SME,Google Ads,30,703.11,4,Yes,2024-06-25,5,
LEAD001035,2024-06-20,East,Kolkata,Kavya Roy,Corporate,Referral,49,108.21,5,Yes,2024-06-28,8,
LEAD001036,2024-06-20,South,Bengaluru,Sneha Rao,Individual,Google Ads,64,597.73,2,No,,,Budget Delayed
LEAD001037,2024-06-20,North,Jaipur,Aarav Sharma,SME,Walk-in,74,54.37,3,Yes,2024-07-04,14,
LEAD001038,2024-06-21,South,Hyderabad,Isha Reddy,Individual,Referral,58,125.93,4,Yes,2024-07-02,11,
LEAD001039,2024-06-21,North,Delhi,Priya Verma,Individual,Organic Search,63,77.69,1,No,,,No Response
LEAD001040,2024-06-21,East,Bhubaneswar,Vikram Sen,Individual,Referral,62,114.00,5,No,,,Competitor Chosen
LEAD001041,2024-06-21,West,Mumbai,Meera Joshi,Individual,Marketplace,46,211.93,1,Yes,2024-07-02,11,
LEAD001042,2024-06-21,East,Bhubaneswar,Neha Das,SME,Paid Social,34,444.42,6,No,,,No Response
LEAD001043,2024-06-22,North,Delhi,Priya Verma,Individual,Paid Social,60,411.37,2,No,,,Not Ready Yet
LEAD001044,2024-06-22,South,Chennai,Arjun Nair,Individual,Paid Social,64,399.80,2,Yes,2024-07-12,20,
LEAD001045,2024-06-22,West,Pune,Rohan Mehta,Individual,Marketplace,65,195.81,4,Yes,2024-07-05,13,
LEAD001046,2024-06-23,North,Delhi,Aarav Sharma,Individual,Organic Search,66,96.93,1,No,,,Competitor Chosen
LEAD001047,2024-06-23,South,Hyderabad,Isha Reddy,Individual,Organic Search,62,89.33,2,Yes,2024-07-02,9,
LEAD001048,2024-06-23,West,Mumbai,Rohan Mehta,Corporate,Corporate Outreach,48,271.65,1,Yes,2024-08-02,40,
LEAD001049,2024-06-23,South,Chennai,Sneha Rao,Individual,Marketplace,58,185.95,1,Yes,2024-07-03,10,
LEAD001050,2024-06-23,South,Chennai,Isha Reddy,Individual,Organic Search,40,89.19,4,No,,,Budget Delayed
LEAD001051,2024-06-24,South,Chennai,Isha Reddy,Individual,Paid Social,46,436.02,5,No,,,Competitor Chosen
LEAD001052,2024-06-24,East,Bhubaneswar,Neha Das,Individual,Paid Social,33,400.44,4,Yes,2024-06-28,4,
LEAD001053,2024-06-24,West,Ahmedabad,Rohan Mehta,SME,Walk-in,76,52.45,5,No,,,No Response
LEAD001054,2024-06-24,South,Chennai,Isha Reddy,Corporate,Corporate Outreach,47,280.56,4,No,,,No Response
LEAD001055,2024-06-24,West,Pune,Rohan Mehta,Individual,Paid Social,79,458.69,2,Yes,2024-06-29,5,
LEAD001056,2024-06-24,South,Bengaluru,Isha Reddy,SME,Corporate Outreach,54,267.51,1,Yes,2024-07-08,14,
LEAD001057,2024-06-24,North,Delhi,Karan Malhotra,SME,Google Ads,37,585.48,4,No,,,Price Too High
LEAD001058,2024-06-24,West,Pune,Rohan Mehta,Individual,Paid Social,38,428.13,5,No,,,Price Too High
LEAD001059,2024-06-25,North,Jaipur,Karan Malhotra,Individual,Walk-in,45,56.31,3,Yes,2024-06-26,1,
LEAD001060,2024-06-25,East,Bhubaneswar,Neha Das,SME,Marketplace,96,189.86,4,Yes,2024-07-02,7,
LEAD001061,2024-06-25,North,Lucknow,Priya Verma,Individual,Walk-in,69,47.60,4,No,,,Budget Delayed
LEAD001062,2024-06-25,East,Bhubaneswar,Neha Das,SME,Corporate Outreach,52,273.71,1,Yes,2024-07-13,18,
LEAD001063,2024-06-25,North,Lucknow,Priya Verma,SME,Corporate Outreach,64,296.85,3,Yes,2024-07-10,15,
LEAD001064,2024-06-25,North,Delhi,Priya Verma,Individual,Google Ads,29,652.60,1,No,,,Competitor Chosen
LEAD001065,2024-06-25,North,Delhi,Aarav Sharma,Individual,Organic Search,59,89.30,4,No,,,Competitor Chosen
LEAD001066,2024-06-26,West,Ahmedabad,Dev Patel,Individual,Organic Search,41,78.99,1,Yes,2024-07-06,10,
LEAD001067,2024-06-26,East,Guwahati,Neha Das,Individual,Paid Social,48,426.72,5,No,,,Price Too High
LEAD001068,2024-06-26,West,Mumbai,Dev Patel,Individual,Paid Social,56,440.04,2,Yes,2024-06-30,4,
LEAD001069,2024-06-26,East,Kolkata,Vikram Sen,Corporate,Corporate Outreach,73,273.70,2,No,,,Competitor Chosen
LEAD001070,2024-06-27,North,Delhi,Aarav Sharma,Individual,Paid Social,70,394.91,3,Yes,2024-07-14,17,
LEAD001071,2024-06-27,West,Pune,Meera Joshi,SME,Referral,52,111.53,2,No,,,No Response
LEAD001072,2024-06-27,West,Mumbai,Rohan Mehta,Individual,Referral,69,115.03,3,Yes,2024-07-03,6,
LEAD001073,2024-06-27,South,Chennai,Sneha Rao,Individual,Marketplace,57,203.67,3,Yes,2024-07-05,8,
LEAD001074,2024-06-27,South,Chennai,Sneha Rao,Individual,Marketplace,79,177.77,4,Yes,2024-07-09,12,
LEAD001075,2024-06-27,West,Ahmedabad,Dev Patel,Corporate,Referral,45,116.33,7,Yes,2024-08-02,36,
LEAD001076,2024-06-28,North,Jaipur,Karan Malhotra,Individual,Walk-in,39,54.99,1,No,,,Price Too High
LEAD001077,2024-06-28,West,Pune,Rohan Mehta,SME,Google Ads,76,598.99,1,No,,,Competitor Chosen
LEAD001078,2024-06-28,North,Delhi,Priya Verma,SME,Google Ads,59,660.77,3,Yes,2024-07-07,9,
LEAD001079,2024-06-28,West,Mumbai,Dev Patel,SME,Google Ads,59,622.73,1,Yes,2024-07-22,24,
LEAD001080,2024-06-28,South,Hyderabad,Arjun Nair,Individual,Paid Social,65,493.07,3,Yes,2024-07-13,15,
LEAD001081,2024-06-29,North,Delhi,Karan Malhotra,Corporate,Corporate Outreach,32,295.83,5,No,,,Not Ready Yet
LEAD001082,2024-06-29,West,Pune,Meera Joshi,Individual,Paid Social,65,396.58,3,Yes,2024-07-22,23,
LEAD001083,2024-06-29,South,Bengaluru,Arjun Nair,Corporate,Corporate Outreach,57,282.33,5,Yes,2024-08-03,35,
LEAD001084,2024-06-29,South,Chennai,Isha Reddy,Individual,Google Ads,76,551.71,4,No,,,Competitor Chosen
LEAD001085,2024-06-29,West,Mumbai,Meera Joshi,Individual,Google Ads,60,706.21,5,No,,,Competitor Chosen
LEAD001086,2024-06-29,South,Bengaluru,Sneha Rao,SME,Marketplace,85,170.78,4,Yes,2024-07-09,10,
LEAD001087,2024-06-29,North,Jaipur,Aarav Sharma,Individual,Organic Search,46,103.05,2,Yes,2024-07-06,7,
LEAD001088,2024-06-29,West,Pune,Rohan Mehta,SME,Referral,50,103.61,1,Yes,2024-07-02,3,
LEAD001089,2024-06-30,North,Delhi,Aarav Sharma,SME,Organic Search,52,101.07,1,Yes,2024-07-05,5,
LEAD001090,2024-06-30,West,Pune,Dev Patel,SME,Corporate Outreach,44,238.94,6,No,,,No Response
LEAD001091,2024-06-30,North,Delhi,Priya Verma,Individual,Organic Search,80,94.05,3,No,,,Not Ready Yet
LEAD001092,2024-06-30,South,Bengaluru,Isha Reddy,SME,Marketplace,67,172.61,2,Yes,2024-07-13,13,
LEAD001093,2024-06-30,West,Ahmedabad,Dev Patel,Individual,Referral,67,129.06,1,No,,,No Response
LEAD001094,2024-06-30,East,Kolkata,Neha Das,Corporate,Walk-in,58,47.47,4,No,,,Budget Delayed
LEAD001095,2024-06-30,East,Kolkata,Neha Das,Corporate,Referral,60,112.77,3,Yes,2024-08-02,33,
LEAD001096,2024-06-30,North,Delhi,Aarav Sharma,Corporate,Corporate Outreach,61,289.59,3,No,,,Price Too High
LEAD001097,2024-07-01,East,Bhubaneswar,Kavya Roy,Individual,Paid Social,78,391.60,4,No,,,No Response
LEAD001098,2024-07-01,West,Mumbai,Dev Patel,Individual,Referral,68,130.26,4,Yes,2024-07-11,10,
LEAD001099,2024-07-01,West,Pune,Dev Patel,Individual,Marketplace,42,206.05,6,No,,,Competitor Chosen
LEAD001100,2024-07-01,North,Delhi,Karan Malhotra,Individual,Google Ads,51,597.13,5,No,,,No Response
LEAD001101,2024-07-01,South,Bengaluru,Sneha Rao,Corporate,Corporate Outreach,76,239.23,4,Yes,2024-07-20,19,
LEAD001102,2024-07-01,East,Bhubaneswar,Vikram Sen,SME,Corporate Outreach,40,303.85,2,No,,,Not Ready Yet
LEAD001103,2024-07-02,West,Pune,Rohan Mehta,Individual,Paid Social,46,443.17,4,Yes,2024-07-13,11,
LEAD001104,2024-07-02,South,Bengaluru,Isha Reddy,SME,Walk-in,36,56.60,4,Yes,2024-07-04,2,
LEAD001105,2024-07-02,West,Mumbai,Rohan Mehta,Individual,Paid Social,47,458.51,3,Yes,2024-07-26,24,
LEAD001106,2024-07-02,West,Ahmedabad,Rohan Mehta,SME,Google Ads,57,586.33,1,Yes,2024-07-19,17,
LEAD001107,2024-07-02,South,Bengaluru,Isha Reddy,Individual,Walk-in,39,43.25,1,No,,,Not Ready Yet
LEAD001108,2024-07-02,South,Bengaluru,Isha Reddy,SME,Paid Social,73,472.22,4,No,,,Price Too High
LEAD001109,2024-07-02,North,Lucknow,Aarav Sharma,Individual,Marketplace,33,166.57,3,No,,,Price Too High
LEAD001110,2024-07-02,West,Ahmedabad,Dev Patel,Individual,Referral,45,137.77,2,No,,,Price Too High
LEAD001111,2024-07-03,North,Lucknow,Karan Malhotra,Corporate,Organic Search,45,93.82,5,Yes,2024-08-02,30,
LEAD001112,2024-07-03,South,Bengaluru,Sneha Rao,Individual,Marketplace,70,212.00,4,Yes,2024-07-17,14,
LEAD001113,2024-07-03,North,Lucknow,Aarav Sharma,Individual,Paid Social,52,438.97,4,No,,,Price Too High
LEAD001114,2024-07-03,North,Delhi,Aarav Sharma,SME,Referral,61,111.23,4,Yes,2024-07-04,1,
LEAD001115,2024-07-03,South,Chennai,Sneha Rao,SME,Referral,56,130.71,2,Yes,2024-07-07,4,
LEAD001116,2024-07-03,West,Pune,Dev Patel,Individual,Marketplace,79,177.40,3,Yes,2024-07-06,3,
LEAD001117,2024-07-04,West,Mumbai,Dev Patel,Individual,Referral,59,131.19,2,No,,,Budget Delayed
LEAD001118,2024-07-04,North,Lucknow,Karan Malhotra,SME,Organic Search,24,91.66,2,No,,,No Response
LEAD001119,2024-07-05,South,Bengaluru,Sneha Rao,Individual,Marketplace,65,191.37,3,No,,,No Response
LEAD001120,2024-07-05,East,Kolkata,Vikram Sen,Individual,Organic Search,88,96.62,5,No,,,No Response
LEAD001121,2024-07-05,West,Pune,Rohan Mehta,Corporate,Walk-in,84,47.27,2,Yes,2024-08-01,27,
LEAD001122,2024-07-05,North,Lucknow,Karan Malhotra,Corporate,Corporate Outreach,36,266.06,5,No,,,Price Too High
LEAD001123,2024-07-05,West,Pune,Meera Joshi,Individual,Google Ads,45,565.31,2,Yes,2024-07-19,14,
LEAD001124,2024-07-06,North,Lucknow,Karan Malhotra,Individual,Marketplace,62,189.62,3,No,,,Price Too High
LEAD001125,2024-07-06,South,Chennai,Isha Reddy,Corporate,Corporate Outreach,61,317.08,4,No,,,Budget Delayed
LEAD001126,2024-07-06,North,Lucknow,Aarav Sharma,Individual,Walk-in,94,43.31,4,Yes,2024-07-14,8,
LEAD001127,2024-07-06,South,Bengaluru,Sneha Rao,Individual,Referral,77,104.99,3,No,,,Competitor Chosen
LEAD001128,2024-07-06,North,Delhi,Aarav Sharma,Individual,Organic Search,51,102.47,5,No,,,No Response
LEAD001129,2024-07-07,North,Lucknow,Karan Malhotra,Corporate,Corporate Outreach,65,267.15,2,No,,,Not Ready Yet
LEAD001130,2024-07-07,South,Chennai,Isha Reddy,Individual,Referral,72,112.17,4,Yes,2024-07-08,1,
LEAD001131,2024-07-07,East,Kolkata,Neha Das,Individual,Walk-in,39,52.61,6,No,,,Budget Delayed
LEAD001132,2024-07-07,South,Chennai,Isha Reddy,SME,Organic Search,62,102.35,3,Yes,2024-07-21,14,
LEAD001133,2024-07-07,South,Chennai,Isha Reddy,Individual,Referral,64,117.42,2,Yes,2024-07-08,1,
LEAD001134,2024-07-07,West,Pune,Meera Joshi,Individual,Paid Social,52,493.27,1,No,,,Not Ready Yet
LEAD001135,2024-07-07,West,Pune,Rohan Mehta,Corporate,Corporate Outreach,58,241.84,2,Yes,2024-08-05,29,
LEAD001136,2024-07-07,West,Mumbai,Meera Joshi,Corporate,Referral,54,122.56,4,Yes,2024-07-16,9,
LEAD001137,2024-07-07,East,Guwahati,Kavya Roy,Individual,Paid Social,49,494.00,2,Yes,2024-07-31,24,
LEAD001138,2024-07-07,West,Pune,Rohan Mehta,SME,Corporate Outreach,41,263.77,5,No,,,Budget Delayed
LEAD001139,2024-07-07,South,Chennai,Sneha Rao,Individual,Google Ads,33,567.54,3,No,,,No Response
LEAD001140,2024-07-08,South,Chennai,Sneha Rao,Individual,Marketplace,64,171.97,4,Yes,2024-07-11,3,
LEAD001141,2024-07-08,North,Jaipur,Aarav Sharma,Individual,Referral,55,113.08,2,No,,,Budget Delayed
LEAD001142,2024-07-08,South,Bengaluru,Isha Reddy,SME,Referral,49,103.67,4,No,,,Budget Delayed
LEAD001143,2024-07-08,North,Jaipur,Karan Malhotra,Individual,Paid Social,52,416.14,1,No,,,Price Too High
LEAD001144,2024-07-08,North,Delhi,Aarav Sharma,Individual,Referral,68,133.55,4,No,,,No Response
LEAD001145,2024-07-08,West,Ahmedabad,Dev Patel,Individual,Marketplace,62,179.27,5,No,,,Budget Delayed
LEAD001146,2024-07-08,West,Mumbai,Rohan Mehta,Individual,Walk-in,53,49.36,2,Yes,2024-07-09,1,
LEAD001147,2024-07-08,West,Mumbai,Meera Joshi,Individual,Paid Social,72,377.22,1,Yes,2024-07-24,16,
LEAD001148,2024-07-08,West,Mumbai,Dev Patel,SME,Organic Search,61,79.17,2,Yes,2024-08-01,24,
LEAD001149,2024-07-08,South,Chennai,Sneha Rao,Individual,Marketplace,50,200.62,4,No,,,Budget Delayed
LEAD001150,2024-07-08,West,Pune,Rohan Mehta,Individual,Organic Search,56,96.22,1,Yes,2024-07-27,19,
LEAD001151,2024-07-09,East,Bhubaneswar,Neha Das,Individual,Paid Social,51,462.30,1,No,,,Competitor Chosen
LEAD001152,2024-07-09,South,Chennai,Arjun Nair,Individual,Walk-in,51,50.71,1,Yes,2024-07-13,4,
LEAD001153,2024-07-09,West,Ahmedabad,Dev Patel,SME,Referral,74,125.66,1,Yes,2024-07-14,5,
LEAD001154,2024-07-09,East,Kolkata,Kavya Roy,SME,Organic Search,73,93.11,2,Yes,2024-07-28,19,
LEAD001155,2024-07-09,West,Pune,Rohan Mehta,Individual,Marketplace,64,203.18,2,Yes,2024-07-14,5,
LEAD001156,2024-07-09,East,Guwahati,Kavya Roy,Individual,Paid Social,55,457.16,3,No,,,Competitor Chosen
LEAD001157,2024-07-09,South,Chennai,Isha Reddy,Individual,Organic Search,67,82.41,2,Yes,2024-08-02,24,
LEAD001158,2024-07-10,North,Jaipur,Priya Verma,Individual,Marketplace,60,202.42,1,No,,,Price Too High
LEAD001159,2024-07-10,North,Lucknow,Aarav Sharma,Individual,Paid Social,64,471.91,1,No,,,Competitor Chosen
LEAD001160,2024-07-10,West,Ahmedabad,Rohan Mehta,Corporate,Corporate Outreach,47,246.06,4,No,,,Not Ready Yet
LEAD001161,2024-07-11,West,Mumbai,Rohan Mehta,Individual,Referral,72,118.91,1,Yes,2024-07-25,14,
LEAD001162,2024-07-11,West,Pune,Rohan Mehta,Individual,Marketplace,57,176.53,1,Yes,2024-07-24,13,
LEAD001163,2024-07-11,South,Chennai,Arjun Nair,Individual,Google Ads,68,605.08,2,No,,,Not Ready Yet
LEAD001164,2024-07-11,North,Delhi,Priya Verma,Individual,Google Ads,74,667.08,4,No,,,No Response
LEAD001165,2024-07-11,East,Kolkata,Kavya Roy,Individual,Organic Search,33,84.25,1,No,,,No Response
LEAD001166,2024-07-11,South,Bengaluru,Isha Reddy,Individual,Marketplace,46,195.97,3,Yes,2024-07-15,4,
LEAD001167,2024-07-11,North,Delhi,Priya Verma,Individual,Google Ads,50,552.05,4,Yes,2024-07-18,7,
LEAD001168,2024-07-11,East,Kolkata,Neha Das,Corporate,Corporate Outreach,52,307.61,6,No,,,Price Too High
LEAD001169,2024-07-11,West,Pune,Dev Patel,Individual,Referral,80,136.17,4,Yes,2024-07-12,1,
LEAD001170,2024-07-11,South,Chennai,Sneha Rao,SME,Corporate Outreach,68,314.22,3,Yes,2024-07-20,9,
LEAD001171,2024-07-12,South,Hyderabad,Isha Reddy,Individual,Google Ads,62,703.19,3,Yes,2024-07-18,6,
LEAD001172,2024-07-12,East,Kolkata,Neha Das,Individual,Google Ads,71,703.56,3,Yes,2024-07-21,9,
LEAD001173,2024-07-12,East,Kolkata,Kavya Roy,Individual,Organic Search,72,102.96,4,No,,,Price Too High
LEAD001174,2024-07-12,North,Lucknow,Karan Malhotra,Individual,Referral,40,118.33,4,No,,,No Response
LEAD001175,2024-07-12,South,Chennai,Arjun Nair,SME,Corporate Outreach,69,269.14,4,Yes,2024-07-21,9,
LEAD001176,2024-07-12,West,Ahmedabad,Meera Joshi,Individual,Referral,59,104.29,4,No,,,Not Ready Yet
LEAD001177,2024-07-12,North,Delhi,Aarav Sharma,Individual,Google Ads,80,621.50,3,Yes,2024-07-24,12,
LEAD001178,2024-07-12,South,Bengaluru,Arjun Nair,Individual,Google Ads,61,583.19,5,No,,,No Response
LEAD001179,2024-07-12,West,Mumbai,Rohan Mehta,Individual,Marketplace,56,176.64,5,No,,,Not Ready Yet
LEAD001180,2024-07-12,West,Ahmedabad,Meera Joshi,Individual,Referral,76,110.92,2,Yes,2024-07-21,9,
LEAD001181,2024-07-12,East,Guwahati,Vikram Sen,Individual,Google Ads,49,567.92,4,Yes,2024-08-01,20,
LEAD001182,2024-07-13,South,Bengaluru,Isha Reddy,SME,Organic Search,80,101.88,6,No,,,Price Too High
LEAD001183,2024-07-13,South,Chennai,Sneha Rao,Corporate,Corporate Outreach,55,251.14,5,No,,,No Response
LEAD001184,2024-07-13,West,Ahmedabad,Meera Joshi,SME,Organic Search,41,83.51,5,No,,,Budget Delayed
LEAD001185,2024-07-13,South,Hyderabad,Isha Reddy,Individual,Organic Search,71,90.78,6,No,,,Price Too High
LEAD001186,2024-07-13,South,Chennai,Sneha Rao,Individual,Paid Social,89,417.14,4,Yes,2024-08-02,20,
LEAD001187,2024-07-14,West,Mumbai,Meera Joshi,Individual,Google Ads,84,678.64,6,No,,,Competitor Chosen
LEAD001188,2024-07-14,South,Chennai,Sneha Rao,Individual,Marketplace,68,163.57,1,Yes,2024-07-23,9,
LEAD001189,2024-07-14,East,Kolkata,Kavya Roy,Individual,Organic Search,53,77.21,2,No,,,Price Too High
LEAD001190,2024-07-14,West,Ahmedabad,Dev Patel,SME,Marketplace,70,189.68,1,Yes,2024-07-21,7,
LEAD001191,2024-07-14,North,Delhi,Aarav Sharma,Individual,Referral,60,102.96,2,No,,,Not Ready Yet
LEAD001192,2024-07-14,South,Hyderabad,Isha Reddy,SME,Marketplace,64,216.58,3,Yes,2024-07-26,12,
LEAD001193,2024-07-14,West,Ahmedabad,Dev Patel,Individual,Marketplace,63,196.61,4,No,,,Price Too High
LEAD001194,2024-07-14,East,Bhubaneswar,Vikram Sen,Individual,Google Ads,64,672.40,6,No,,,Budget Delayed
LEAD001195,2024-07-15,North,Delhi,Aarav Sharma,Individual,Paid Social,15,436.61,1,No,,,Not Ready Yet
LEAD001196,2024-07-15,West,Pune,Meera Joshi,Individual,Walk-in,56,54.95,2,Yes,2024-07-24,9,
LEAD001197,2024-07-16,North,Delhi,Aarav Sharma,Individual,Organic Search,75,102.49,5,No,,,Price Too High
LEAD001198,2024-07-16,South,Hyderabad,Sneha Rao,Individual,Marketplace,70,214.11,4,Yes,2024-07-29,13,
LEAD001199,2024-07-16,South,Hyderabad,Arjun Nair,SME,Referral,54,137.36,2,Yes,2024-07-20,4,
LEAD001200,2024-07-16,East,Kolkata,Vikram Sen,Corporate,Corporate Outreach,80,321.76,5,No,,,No Response
LEAD001201,2024-07-16,West,Ahmedabad,Dev Patel,Individual,Referral,54,114.73,2,No,,,Budget Delayed
LEAD001202,2024-07-17,North,Delhi,Karan Malhotra,Corporate,Corporate Outreach,38,258.35,1,No,,,Not Ready Yet
LEAD001203,2024-07-17,East,Bhubaneswar,Neha Das,SME,Google Ads,62,578.30,4,Yes,2024-07-31,14,
LEAD001204,2024-07-17,South,Bengaluru,Isha Reddy,Individual,Marketplace,52,179.97,1,No,,,Competitor Chosen
LEAD001205,2024-07-17,North,Jaipur,Aarav Sharma,SME,Organic Search,48,91.91,2,Yes,2024-07-31,14,
LEAD001206,2024-07-17,South,Hyderabad,Arjun Nair,Individual,Walk-in,42,46.27,1,No,,,No Response
LEAD001207,2024-07-17,North,Delhi,Karan Malhotra,Individual,Google Ads,36,588.37,3,Yes,2024-08-06,20,
LEAD001208,2024-07-17,North,Jaipur,Karan Malhotra,Individual,Referral,76,118.23,3,Yes,2024-07-21,4,
LEAD001209,2024-07-18,West,Ahmedabad,Rohan Mehta,Individual,Organic Search,65,78.42,1,Yes,2024-07-25,7,
LEAD001210,2024-07-18,South,Hyderabad,Sneha Rao,SME,Organic Search,66,96.80,2,Yes,2024-07-26,8,
LEAD001211,2024-07-18,West,Ahmedabad,Meera Joshi,Individual,Paid Social,49,386.78,4,No,,,Price Too High
LEAD001212,2024-07-18,West,Pune,Rohan Mehta,SME,Corporate Outreach,59,294.70,4,Yes,2024-08-03,16,
LEAD001213,2024-07-18,North,Lucknow,Karan Malhotra,Individual,Paid Social,37,486.24,2,No,,,Budget Delayed
LEAD001214,2024-07-19,East,Bhubaneswar,Kavya Roy,Individual,Organic Search,42,85.38,6,No,,,Budget Delayed
LEAD001215,2024-07-19,North,Lucknow,Karan Malhotra,SME,Referral,60,123.10,1,Yes,2024-07-22,3,
LEAD001216,2024-07-19,West,Mumbai,Meera Joshi,Individual,Google Ads,67,675.71,5,No,,,Competitor Chosen
LEAD001217,2024-07-19,North,Delhi,Aarav Sharma,Individual,Paid Social,39,429.54,6,No,,,Budget Delayed
LEAD001218,2024-07-19,West,Pune,Meera Joshi,Corporate,Google Ads,52,692.64,4,Yes,2024-08-08,20,
LEAD001219,2024-07-20,West,Ahmedabad,Meera Joshi,SME,Organic Search,46,92.40,4,No,,,Price Too High
LEAD001220,2024-07-20,West,Mumbai,Meera Joshi,Individual,Marketplace,65,169.33,3,Yes,2024-07-22,2,
LEAD001221,2024-07-20,South,Bengaluru,Sneha Rao,Individual,Google Ads,56,625.40,2,Yes,2024-07-25,5,
LEAD001222,2024-07-20,West,Pune,Meera Joshi,Individual,Marketplace,58,191.40,5,No,,,No Response
LEAD001223,2024-07-20,South,Chennai,Arjun Nair,Individual,Google Ads,53,689.69,3,Yes,2024-08-01,12,
LEAD001224,2024-07-20,East,Kolkata,Vikram Sen,Individual,Google Ads,79,600.57,1,Yes,2024-07-31,11,
LEAD001225,2024-07-20,East,Bhubaneswar,Kavya Roy,Individual,Referral,73,133.57,3,Yes,2024-07-24,4,
LEAD001226,2024-07-20,North,Jaipur,Karan Malhotra,SME,Walk-in,48,51.40,1,Yes,2024-07-24,4,
LEAD001227,2024-07-21,West,Mumbai,Dev Patel,Individual,Marketplace,80,167.19,3,Yes,2024-08-03,13,
LEAD001228,2024-07-21,North,Lucknow,Karan Malhotra,Individual,Organic Search,56,89.43,1,Yes,2024-08-07,17,
LEAD001229,2024-07-21,West,Ahmedabad,Meera Joshi,Individual,Referral,69,132.93,2,Yes,2024-07-31,10,
LEAD001230,2024-07-21,North,Delhi,Aarav Sharma,Individual,Paid Social,38,384.64,4,No,,,Not Ready Yet
LEAD001231,2024-07-21,South,Hyderabad,Sneha Rao,Individual,Walk-in,52,47.50,4,Yes,2024-08-02,12,
LEAD001232,2024-07-21,West,Mumbai,Dev Patel,Individual,Organic Search,64,89.23,6,No,,,Competitor Chosen
LEAD001233,2024-07-21,North,Lucknow,Aarav Sharma,Corporate,Referral,76,111.34,2,Yes,2024-08-17,27,
LEAD001234,2024-07-22,West,Mumbai,Rohan Mehta,Individual,Marketplace,54,178.41,2,Yes,2024-07-23,1,
LEAD001235,2024-07-22,North,Lucknow,Aarav Sharma,Corporate,Organic Search,69,83.66,2,Yes,2024-08-17,26,
LEAD001236,2024-07-22,North,Delhi,Priya Verma,Individual,Paid Social,55,452.55,5,No,,,Budget Delayed
LEAD001237,2024-07-23,South,Chennai,Isha Reddy,SME,Organic Search,69,80.30,6,No,,,Competitor Chosen
LEAD001238,2024-07-23,South,Hyderabad,Isha Reddy,Corporate,Corporate Outreach,18,319.67,1,No,,,Competitor Chosen
LEAD001239,2024-07-23,West,Mumbai,Meera Joshi,Individual,Marketplace,48,215.49,3,Yes,2024-07-27,4,
LEAD001240,2024-07-23,North,Lucknow,Karan Malhotra,Corporate,Corporate Outreach,85,266.29,7,Yes,2024-08-28,36,
LEAD001241,2024-07-23,South,Chennai,Sneha Rao,Individual,Organic Search,78,80.13,1,Yes,2024-07-29,6,
LEAD001242,2024-07-23,West,Ahmedabad,Rohan Mehta,Individual,Organic Search,57,87.52,3,Yes,2024-07-31,8,
LEAD001243,2024-07-23,West,Pune,Rohan Mehta,Individual,Paid Social,19,465.59,2,Yes,2024-08-07,15,
LEAD001244,2024-07-23,South,Hyderabad,Arjun Nair,Individual,Walk-in,67,45.66,3,Yes,2024-08-03,11,
LEAD001245,2024-07-23,North,Lucknow,Aarav Sharma,SME,Referral,65,127.80,3,Yes,2024-07-27,4,
LEAD001246,2024-07-24,East,Kolkata,Vikram Sen,Individual,Paid Social,70,468.33,5,No,,,Budget Delayed
LEAD001247,2024-07-24,East,Kolkata,Neha Das,SME,Corporate Outreach,53,274.91,1,Yes,2024-08-06,13,
LEAD001248,2024-07-24,South,Hyderabad,Arjun Nair,Individual,Paid Social,46,426.94,1,No,,,Budget Delayed
LEAD001249,2024-07-25,South,Hyderabad,Arjun Nair,Individual,Referral,83,115.91,1,Yes,2024-07-30,5,
LEAD001250,2024-07-25,South,Bengaluru,Arjun Nair,Individual,Referral,35,135.52,3,No,,,No Response
LEAD001251,2024-07-25,North,Delhi,Aarav Sharma,SME,Referral,60,134.93,3,No,,,Competitor Chosen
LEAD001252,2024-07-25,South,Bengaluru,Sneha Rao,Individual,Referral,52,130.60,1,Yes,2024-08-07,13,
LEAD001253,2024-07-25,North,Delhi,Aarav Sharma,Individual,Paid Social,42,469.65,6,No,,,Competitor Chosen
LEAD001254,2024-07-25,South,Bengaluru,Sneha Rao,Individual,Organic Search,57,98.04,3,No,,,Competitor Chosen
LEAD001255,2024-07-25,East,Bhubaneswar,Neha Das,Individual,Marketplace,40,189.66,1,Yes,2024-07-31,6,
LEAD001256,2024-07-26,North,Delhi,Priya Verma,Corporate,Organic Search,42,80.92,2,Yes,2024-09-01,37,
LEAD001257,2024-07-26,West,Mumbai,Rohan Mehta,Individual,Organic Search,48,99.45,4,Yes,2024-08-17,22,
LEAD001258,2024-07-26,North,Delhi,Karan Malhotra,Individual,Paid Social,32,422.62,3,No,,,No Response
LEAD001259,2024-07-26,East,Kolkata,Kavya Roy,SME,Referral,38,130.96,1,Yes,2024-08-03,8,
LEAD001260,2024-07-26,North,Delhi,Karan Malhotra,Individual,Paid Social,33,405.91,5,No,,,Budget Delayed
LEAD001261,2024-07-26,South,Hyderabad,Arjun Nair,Individual,Marketplace,40,185.10,3,Yes,2024-08-05,10,
LEAD001262,2024-07-26,North,Delhi,Priya Verma,Individual,Walk-in,70,42.76,2,Yes,2024-08-01,6,
LEAD001263,2024-07-27,North,Delhi,Karan Malhotra,Individual,Walk-in,72,51.39,2,Yes,2024-07-30,3,
LEAD001264,2024-07-27,North,Delhi,Priya Verma,Individual,Organic Search,74,82.78,4,Yes,2024-08-19,23,
LEAD001265,2024-07-27,North,Jaipur,Aarav Sharma,Individual,Organic Search,48,86.68,2,No,,,Price Too High
LEAD001266,2024-07-27,West,Mumbai,Dev Patel,Individual,Referral,57,128.06,2,Yes,2024-07-31,4,
LEAD001267,2024-07-27,North,Jaipur,Aarav Sharma,Individual,Paid Social,59,376.30,1,No,,,Budget Delayed
LEAD001268,2024-07-28,South,Bengaluru,Sneha Rao,SME,Paid Social,44,457.25,1,Yes,2024-08-20,23,
LEAD001269,2024-07-28,West,Ahmedabad,Dev Patel,Individual,Paid Social,27,407.65,5,No,,,Price Too High
LEAD001270,2024-07-28,West,Mumbai,Meera Joshi,Corporate,Organic Search,76,97.95,6,No,,,Price Too High
LEAD001271,2024-07-28,North,Lucknow,Priya Verma,Individual,Paid Social,53,447.78,6,No,,,Not Ready Yet
LEAD001272,2024-07-29,North,Lucknow,Karan Malhotra,Individual,Walk-in,71,45.77,2,Yes,2024-08-10,12,
LEAD001273,2024-07-29,South,Bengaluru,Sneha Rao,SME,Paid Social,56,371.37,1,Yes,2024-08-09,11,
LEAD001274,2024-07-29,North,Delhi,Aarav Sharma,SME,Organic Search,62,91.85,5,No,,,Not Ready Yet
LEAD001275,2024-07-30,South,Chennai,Sneha Rao,Individual,Referral,80,122.71,3,Yes,2024-08-09,10,
LEAD001276,2024-07-30,West,Pune,Dev Patel,Individual,Organic Search,78,100.13,2,Yes,2024-08-02,3,
LEAD001277,2024-07-31,West,Mumbai,Dev Patel,SME,Walk-in,70,45.40,3,Yes,2024-08-03,3,
LEAD001278,2024-08-01,West,Ahmedabad,Rohan Mehta,Individual,Organic Search,63,90.80,3,No,,,Price Too High
LEAD001279,2024-08-01,North,Jaipur,Priya Verma,Individual,Organic Search,34,78.11,1,Yes,2024-08-21,20,
LEAD001280,2024-08-01,West,Pune,Rohan Mehta,SME,Marketplace,71,193.18,2,No,,,Price Too High
LEAD001281,2024-08-01,East,Guwahati,Kavya Roy,Individual,Google Ads,67,694.42,4,Yes,2024-08-18,17,
LEAD001282,2024-08-01,North,Delhi,Aarav Sharma,SME,Corporate Outreach,21,276.21,4,No,,,Price Too High
LEAD001283,2024-08-01,North,Jaipur,Aarav Sharma,Individual,Organic Search,68,79.18,2,Yes,2024-08-10,9,
LEAD001284,2024-08-01,West,Pune,Rohan Mehta,Individual,Organic Search,72,90.77,6,No,,,Not Ready Yet
LEAD001285,2024-08-01,West,Ahmedabad,Dev Patel,Corporate,Corporate Outreach,74,301.46,4,Yes,2024-08-11,10,
LEAD001286,2024-08-01,South,Chennai,Sneha Rao,Individual,Marketplace,52,175.60,3,Yes,2024-08-03,2,
LEAD001287,2024-08-02,North,Delhi,Karan Malhotra,Individual,Google Ads,40,634.80,4,Yes,2024-08-22,20,
LEAD001288,2024-08-02,West,Mumbai,Dev Patel,Individual,Referral,70,137.66,1,Yes,2024-08-13,11,
LEAD001289,2024-08-02,South,Bengaluru,Arjun Nair,Individual,Referral,74,122.69,3,Yes,2024-08-12,10,
LEAD001290,2024-08-02,North,Delhi,Aarav Sharma,Individual,Paid Social,36,394.33,2,No,,,No Response
LEAD001291,2024-08-02,North,Delhi,Karan Malhotra,Individual,Paid Social,50,446.43,1,No,,,No Response
LEAD001292,2024-08-02,North,Jaipur,Priya Verma,Individual,Marketplace,65,189.11,4,Yes,2024-08-10,8,
LEAD001293,2024-08-02,West,Pune,Dev Patel,Individual,Referral,46,111.93,5,No,,,No Response
LEAD001294,2024-08-02,East,Kolkata,Kavya Roy,SME,Marketplace,58,177.97,2,Yes,2024-08-10,8,
LEAD001295,2024-08-02,West,Ahmedabad,Meera Joshi,Individual,Walk-in,39,50.51,3,No,,,Budget Delayed
LEAD001296,2024-08-02,North,Delhi,Karan Malhotra,Individual,Referral,61,108.15,1,No,,,No Response
LEAD001297,2024-08-02,South,Chennai,Sneha Rao,Individual,Marketplace,72,209.37,1,Yes,2024-08-03,1,
LEAD001298,2024-08-02,North,Jaipur,Priya Verma,Individual,Organic Search,61,100.12,2,Yes,2024-08-21,19,
LEAD001299,2024-08-03,South,Bengaluru,Arjun Nair,Individual,Paid Social,54,436.88,6,No,,,Not Ready Yet
LEAD001300,2024-08-03,West,Ahmedabad,Rohan Mehta,Individual,Marketplace,78,173.63,1,No,,,Price Too High
LEAD001301,2024-08-03,South,Chennai,Isha Reddy,Individual,Referral,79,115.95,3,Yes,2024-08-04,1,
LEAD001302,2024-08-03,North,Delhi,Karan Malhotra,Individual,Paid Social,38,438.96,3,No,,,No Response
LEAD001303,2024-08-03,West,Pune,Dev Patel,Corporate,Referral,57,124.72,1,No,,,Price Too High
LEAD001304,2024-08-03,North,Delhi,Karan Malhotra,Individual,Google Ads,56,573.88,3,No,,,Not Ready Yet
LEAD001305,2024-08-04,South,Chennai,Arjun Nair,Individual,Referral,84,135.84,3,No,,,Price Too High
LEAD001306,2024-08-04,West,Ahmedabad,Rohan Mehta,Individual,Marketplace,52,169.30,4,No,,,Not Ready Yet
LEAD001307,2024-08-04,East,Bhubaneswar,Vikram Sen,Corporate,Corporate Outreach,47,304.62,4,Yes,2024-08-30,26,
LEAD001308,2024-08-04,North,Delhi,Priya Verma,Individual,Google Ads,49,638.75,3,No,,,Competitor Chosen
LEAD001309,2024-08-04,West,Mumbai,Rohan Mehta,Individual,Google Ads,51,567.58,3,Yes,2024-08-16,12,
LEAD001310,2024-08-04,North,Lucknow,Karan Malhotra,Individual,Walk-in,58,56.70,2,Yes,2024-08-15,11,
LEAD001311,2024-08-04,East,Kolkata,Kavya Roy,SME,Google Ads,59,670.67,4,No,,,Price Too High
LEAD001312,2024-08-04,West,Pune,Rohan Mehta,Individual,Paid Social,44,387.56,3,No,,,Competitor Chosen
LEAD001313,2024-08-04,South,Bengaluru,Isha Reddy,SME,Organic Search,62,89.71,3,Yes,2024-08-22,18,
LEAD001314,2024-08-04,South,Hyderabad,Sneha Rao,Individual,Organic Search,52,92.68,1,No,,,No Response
LEAD001315,2024-08-05,North,Delhi,Priya Verma,Individual,Walk-in,48,44.18,3,Yes,2024-08-13,8,
LEAD001316,2024-08-05,South,Hyderabad,Arjun Nair,Individual,Referral,55,112.42,4,No,,,Price Too High
LEAD001317,2024-08-05,East,Kolkata,Neha Das,Individual,Paid Social,62,467.09,4,No,,,Price Too High
LEAD001318,2024-08-05,South,Bengaluru,Isha Reddy,Individual,Referral,67,120.22,4,Yes,2024-08-06,1,
LEAD001319,2024-08-05,East,Guwahati,Kavya Roy,Individual,Walk-in,41,45.26,4,Yes,2024-08-19,14,
LEAD001320,2024-08-06,South,Bengaluru,Sneha Rao,Individual,Google Ads,60,699.34,2,Yes,2024-08-29,23,
LEAD001321,2024-08-06,South,Hyderabad,Isha Reddy,Individual,Paid Social,62,477.65,2,No,,,No Response
LEAD001322,2024-08-06,West,Pune,Meera Joshi,SME,Corporate Outreach,47,243.49,4,No,,,Competitor Chosen
LEAD001323,2024-08-06,West,Mumbai,Meera Joshi,Individual,Referral,65,103.90,3,Yes,2024-08-11,5,
LEAD001324,2024-08-06,South,Hyderabad,Sneha Rao,Individual,Organic Search,72,89.45,3,Yes,2024-08-25,19,
LEAD001325,2024-08-06,South,Hyderabad,Sneha Rao,SME,Walk-in,54,52.45,4,Yes,2024-08-16,10,
LEAD001326,2024-08-07,West,Mumbai,Dev Patel,Individual,Google Ads,63,666.70,5,No,,,No Response
LEAD001327,2024-08-07,East,Bhubaneswar,Kavya Roy,Individual,Google Ads,73,645.13,3,Yes,2024-08-24,17,
LEAD001328,2024-08-07,South,Chennai,Sneha Rao,Corporate,Organic Search,86,78.43,1,No,,,Price Too High
LEAD001329,2024-08-07,South,Hyderabad,Isha Reddy,Individual,Marketplace,74,172.19,3,No,,,No Response
LEAD001330,2024-08-08,South,Chennai,Sneha Rao,Individual,Marketplace,34,216.53,5,No,,,No Response
LEAD001331,2024-08-08,East,Guwahati,Neha Das,SME,Google Ads,27,546.49,4,No,,,Not Ready Yet
LEAD001332,2024-08-08,North,Delhi,Aarav Sharma,Individual,Paid Social,53,376.07,5,No,,,Price Too High
LEAD001333,2024-08-08,North,Lucknow,Priya Verma,SME,Organic Search,70,99.00,2,Yes,2024-08-10,2,
LEAD001334,2024-08-09,West,Pune,Meera Joshi,Individual,Paid Social,48,394.01,4,No,,,Competitor Chosen
LEAD001335,2024-08-09,South,Bengaluru,Isha Reddy,Individual,Paid Social,53,473.36,6,No,,,Price Too High
LEAD001336,2024-08-09,West,Mumbai,Meera Joshi,Individual,Walk-in,32,42.66,1,Yes,2024-08-13,4,
LEAD001337,2024-08-09,East,Kolkata,Kavya Roy,Corporate,Corporate Outreach,50,286.21,1,Yes,2024-09-13,35,
LEAD001338,2024-08-09,South,Bengaluru,Isha Reddy,SME,Marketplace,47,164.98,1,No,,,No Response
LEAD001339,2024-08-09,North,Delhi,Priya Verma,Individual,Organic Search,45,96.95,4,No,,,Price Too High
LEAD001340,2024-08-09,North,Delhi,Aarav Sharma,Individual,Paid Social,72,411.07,5,No,,,Price Too High
LEAD001341,2024-08-09,South,Bengaluru,Sneha Rao,Individual,Paid Social,91,447.14,4,No,,,Price Too High
LEAD001342,2024-08-09,West,Pune,Rohan Mehta,Individual,Marketplace,51,193.88,2,No,,,Competitor Chosen
LEAD001343,2024-08-09,West,Ahmedabad,Rohan Mehta,Individual,Google Ads,40,614.71,2,Yes,2024-08-15,6,
LEAD001344,2024-08-09,North,Delhi,Aarav Sharma,Individual,Paid Social,67,409.76,4,No,,,No Response
LEAD001345,2024-08-09,North,Delhi,Aarav Sharma,Individual,Google Ads,79,642.96,1,Yes,2024-08-12,3,
LEAD001346,2024-08-10,South,Chennai,Arjun Nair,Individual,Organic Search,67,87.56,3,Yes,2024-09-01,22,
LEAD001347,2024-08-10,North,Lucknow,Aarav Sharma,Individual,Referral,58,119.52,1,No,,,No Response
LEAD001348,2024-08-10,North,Delhi,Karan Malhotra,SME,Google Ads,55,548.59,4,Yes,2024-08-20,10,
LEAD001349,2024-08-10,South,Bengaluru,Arjun Nair,SME,Corporate Outreach,40,259.85,4,Yes,2024-08-27,17,
LEAD001350,2024-08-10,South,Chennai,Isha Reddy,Individual,Referral,57,120.20,2,Yes,2024-08-13,3,
LEAD001351,2024-08-11,South,Bengaluru,Isha Reddy,Individual,Walk-in,75,54.97,2,Yes,2024-08-25,14,
LEAD001352,2024-08-11,South,Hyderabad,Arjun Nair,Individual,Paid Social,34,490.35,2,No,,,Price Too High
LEAD001353,2024-08-12,South,Chennai,Sneha Rao,SME,Marketplace,72,215.49,1,No,,,Price Too High
LEAD001354,2024-08-12,South,Chennai,Sneha Rao,Individual,Organic Search,34,102.47,6,No,,,Budget Delayed
LEAD001355,2024-08-12,North,Delhi,Priya Verma,Individual,Paid Social,64,445.83,1,Yes,2024-08-14,2,
LEAD001356,2024-08-12,North,Lucknow,Aarav Sharma,Individual,Referral,66,121.62,2,Yes,2024-08-13,1,
LEAD001357,2024-08-12,West,Mumbai,Rohan Mehta,Corporate,Walk-in,84,51.67,2,No,,,Not Ready Yet
LEAD001358,2024-08-13,South,Hyderabad,Arjun Nair,Individual,Google Ads,70,658.55,1,Yes,2024-08-15,2,
LEAD001359,2024-08-13,West,Pune,Dev Patel,Individual,Paid Social,60,373.18,5,No,,,Competitor Chosen
LEAD001360,2024-08-13,West,Pune,Rohan Mehta,Corporate,Walk-in,70,56.78,5,Yes,2024-09-07,25,
LEAD001361,2024-08-13,North,Jaipur,Karan Malhotra,Individual,Walk-in,87,45.16,2,Yes,2024-08-17,4,
LEAD001362,2024-08-13,North,Jaipur,Priya Verma,SME,Organic Search,54,81.15,2,Yes,2024-09-06,24,
LEAD001363,2024-08-13,North,Jaipur,Karan Malhotra,Individual,Organic Search,46,76.82,2,No,,,Price Too High
LEAD001364,2024-08-13,West,Pune,Dev Patel,Individual,Marketplace,68,195.39,1,Yes,2024-08-14,1,
LEAD001365,2024-08-13,South,Bengaluru,Arjun Nair,SME,Organic Search,48,89.05,1,No,,,Price Too High
LEAD001366,2024-08-13,South,Bengaluru,Sneha Rao,Individual,Organic Search,69,77.20,5,No,,,Not Ready Yet
LEAD001367,2024-08-14,West,Pune,Rohan Mehta,Individual,Walk-in,52,51.00,4,Yes,2024-08-18,4,
LEAD001368,2024-08-14,South,Hyderabad,Sneha Rao,Individual,Paid Social,45,406.29,3,Yes,2024-08-16,2,
LEAD001369,2024-08-14,East,Bhubaneswar,Kavya Roy,Individual,Organic Search,38,76.67,1,No,,,No Response
LEAD001370,2024-08-14,North,Delhi,Aarav Sharma,Corporate,Corporate Outreach,58,309.97,3,Yes,2024-09-10,27,
LEAD001371,2024-08-14,East,Kolkata,Neha Das,Individual,Referral,79,129.19,3,Yes,2024-08-24,10,
LEAD001372,2024-08-15,North,Jaipur,Karan Malhotra,SME,Referral,67,130.72,4,Yes,2024-08-29,14,
LEAD001373,2024-08-15,West,Mumbai,Dev Patel,Individual,Referral,47,118.93,2,Yes,2024-08-19,4,
LEAD001374,2024-08-15,North,Delhi,Priya Verma,SME,Organic Search,68,85.81,2,No,,,No Response
LEAD001375,2024-08-15,South,Hyderabad,Arjun Nair,Individual,Organic Search,73,81.11,1,Yes,2024-09-03,19,
LEAD001376,2024-08-16,West,Ahmedabad,Dev Patel,Individual,Referral,78,119.24,3,Yes,2024-08-23,7,
LEAD001377,2024-08-16,West,Ahmedabad,Dev Patel,Individual,Organic Search,18,84.92,5,No,,,No Response
LEAD001378,2024-08-16,North,Jaipur,Aarav Sharma,Individual,Referral,78,103.17,5,No,,,Price Too High
LEAD001379,2024-08-16,West,Ahmedabad,Rohan Mehta,Individual,Google Ads,76,669.95,5,No,,,Not Ready Yet
LEAD001380,2024-08-16,East,Kolkata,Kavya Roy,Corporate,Referral,72,112.03,3,No,,,Not Ready Yet
LEAD001381,2024-08-16,North,Delhi,Priya Verma,Corporate,Corporate Outreach,63,274.26,4,No,,,No Response
LEAD001382,2024-08-16,North,Lucknow,Aarav Sharma,Individual,Organic Search,66,96.55,4,No,,,Competitor Chosen
LEAD001383,2024-08-16,South,Hyderabad,Arjun Nair,Individual,Organic Search,59,83.21,4,Yes,2024-09-03,18,
LEAD001384,2024-08-17,West,Pune,Meera Joshi,Individual,Referral,71,106.37,1,Yes,2024-08-18,1,
LEAD001385,2024-08-17,North,Lucknow,Aarav Sharma,Individual,Marketplace,74,169.42,2,No,,,Budget Delayed
LEAD001386,2024-08-17,West,Ahmedabad,Dev Patel,SME,Walk-in,68,53.60,5,No,,,Budget Delayed
LEAD001387,2024-08-17,South,Hyderabad,Isha Reddy,SME,Google Ads,30,616.29,4,Yes,2024-09-05,19,
LEAD001388,2024-08-18,North,Delhi,Aarav Sharma,Individual,Referral,58,126.63,5,No,,,No Response
LEAD001389,2024-08-18,North,Delhi,Aarav Sharma,SME,Google Ads,25,650.16,1,No,,,No Response
LEAD001390,2024-08-18,West,Mumbai,Meera Joshi,Individual,Organic Search,69,102.77,2,Yes,2024-08-29,11,
LEAD001391,2024-08-19,North,Delhi,Karan Malhotra,Individual,Google Ads,53,596.76,1,No,,,No Response
LEAD001392,2024-08-19,South,Hyderabad,Arjun Nair,Individual,Referral,75,127.78,4,No,,,No Response
LEAD001393,2024-08-20,North,Jaipur,Priya Verma,SME,Marketplace,66,213.98,2,Yes,2024-08-22,2,
LEAD001394,2024-08-20,South,Hyderabad,Isha Reddy,Corporate,Corporate Outreach,36,240.83,2,Yes,2024-09-22,33,
LEAD001395,2024-08-20,West,Ahmedabad,Meera Joshi,Individual,Google Ads,65,603.55,6,No,,,Not Ready Yet
LEAD001396,2024-08-20,North,Lucknow,Priya Verma,Corporate,Corporate Outreach,66,245.95,5,Yes,2024-09-07,18,
LEAD001397,2024-08-20,South,Chennai,Isha Reddy,Individual,Organic Search,69,85.84,3,Yes,2024-08-27,7,
LEAD001398,2024-08-20,North,Jaipur,Priya Verma,Individual,Organic Search,68,78.00,2,Yes,2024-08-27,7,
LEAD001399,2024-08-21,West,Mumbai,Rohan Mehta,Individual,Google Ads,61,564.29,2,Yes,2024-09-15,25,
LEAD001400,2024-08-21,East,Bhubaneswar,Kavya Roy,Individual,Google Ads,63,703.05,3,Yes,2024-09-12,22,
LEAD001401,2024-08-21,South,Bengaluru,Isha Reddy,Individual,Walk-in,62,53.38,3,No,,,No Response
LEAD001402,2024-08-21,East,Kolkata,Vikram Sen,SME,Corporate Outreach,85,270.16,3,Yes,2024-08-30,9,
LEAD001403,2024-08-21,East,Kolkata,Vikram Sen,Individual,Organic Search,33,84.85,2,No,,,Not Ready Yet
LEAD001404,2024-08-21,South,Bengaluru,Arjun Nair,Individual,Paid Social,53,386.55,4,No,,,No Response
LEAD001405,2024-08-21,West,Mumbai,Dev Patel,Individual,Paid Social,67,419.46,5,No,,,No Response
LEAD001406,2024-08-21,South,Chennai,Isha Reddy,SME,Corporate Outreach,53,318.34,3,No,,,Not Ready Yet
LEAD001407,2024-08-21,South,Hyderabad,Arjun Nair,SME,Paid Social,60,375.89,4,No,,,No Response
LEAD001408,2024-08-21,North,Delhi,Aarav Sharma,Individual,Organic Search,48,84.69,1,No,,,Budget Delayed
LEAD001409,2024-08-22,West,Ahmedabad,Rohan Mehta,Individual,Google Ads,56,690.44,4,Yes,2024-09-16,25,
LEAD001410,2024-08-22,South,Hyderabad,Sneha Rao,Individual,Google Ads,68,666.73,3,No,,,Competitor Chosen
LEAD001411,2024-08-22,North,Delhi,Aarav Sharma,Individual,Google Ads,48,545.80,1,No,,,Budget Delayed
LEAD001412,2024-08-22,South,Hyderabad,Sneha Rao,Individual,Organic Search,32,99.64,1,Yes,2024-08-31,9,
LEAD001413,2024-08-22,West,Mumbai,Meera Joshi,Individual,Walk-in,28,50.25,6,No,,,Price Too High
LEAD001414,2024-08-23,South,Hyderabad,Sneha Rao,Corporate,Corporate Outreach,57,246.26,1,No,,,No Response
LEAD001415,2024-08-23,North,Delhi,Aarav Sharma,Individual,Marketplace,49,175.59,2,Yes,2024-09-05,13,
LEAD001416,2024-08-23,North,Jaipur,Aarav Sharma,Individual,Walk-in,78,49.95,2,Yes,2024-08-24,1,
LEAD001417,2024-08-23,North,Jaipur,Karan Malhotra,Individual,Marketplace,59,192.89,1,No,,,Competitor Chosen
LEAD001418,2024-08-23,South,Hyderabad,Sneha Rao,Individual,Walk-in,63,46.97,2,Yes,2024-08-24,1,
LEAD001419,2024-08-23,East,Guwahati,Vikram Sen,Individual,Referral,65,103.64,4,Yes,2024-09-03,11,
LEAD001420,2024-08-23,South,Chennai,Arjun Nair,SME,Organic Search,37,93.15,3,No,,,Competitor Chosen
LEAD001421,2024-08-23,South,Bengaluru,Isha Reddy,Individual,Paid Social,43,412.54,5,No,,,No Response
LEAD001422,2024-08-23,North,Delhi,Aarav Sharma,Corporate,Corporate Outreach,96,248.03,6,Yes,2024-09-10,18,
LEAD001423,2024-08-23,West,Mumbai,Dev Patel,Individual,Walk-in,56,53.23,1,Yes,2024-08-31,8,
LEAD001424,2024-08-23,West,Ahmedabad,Rohan Mehta,Individual,Paid Social,52,473.19,5,No,,,No Response
LEAD001425,2024-08-24,North,Delhi,Karan Malhotra,SME,Referral,77,119.47,2,Yes,2024-08-26,2,
LEAD001426,2024-08-24,South,Bengaluru,Arjun Nair,Individual,Organic Search,57,91.27,2,No,,,Budget Delayed
LEAD001427,2024-08-24,South,Chennai,Arjun Nair,SME,Paid Social,56,390.55,3,Yes,2024-09-03,10,
LEAD001428,2024-08-24,South,Bengaluru,Arjun Nair,Corporate,Corporate Outreach,57,304.30,4,No,,,Competitor Chosen
LEAD001429,2024-08-24,West,Pune,Meera Joshi,Individual,Walk-in,56,52.73,4,Yes,2024-09-06,13,
LEAD001430,2024-08-24,West,Pune,Dev Patel,Individual,Paid Social,75,486.71,3,No,,,Competitor Chosen
LEAD001431,2024-08-24,East,Kolkata,Vikram Sen,SME,Marketplace,80,214.38,4,Yes,2024-08-25,1,
LEAD001432,2024-08-24,North,Delhi,Karan Malhotra,Individual,Google Ads,40,657.72,3,No,,,Budget Delayed
LEAD001433,2024-08-24,South,Hyderabad,Sneha Rao,Individual,Google Ads,68,696.79,3,Yes,2024-08-26,2,
LEAD001434,2024-08-24,South,Hyderabad,Sneha Rao,SME,Google Ads,43,595.50,1,Yes,2024-08-30,6,
LEAD001435,2024-08-25,North,Jaipur,Priya Verma,SME,Walk-in,81,45.97,2,Yes,2024-09-07,13,
LEAD001436,2024-08-25,South,Hyderabad,Arjun Nair,Individual,Paid Social,51,471.30,1,Yes,2024-09-06,12,
LEAD001437,2024-08-25,East,Kolkata,Neha Das,Individual,Walk-in,67,44.33,4,No,,,Not Ready Yet
LEAD001438,2024-08-25,West,Pune,Meera Joshi,SME,Corporate Outreach,72,314.09,1,Yes,2024-09-13,19,
LEAD001439,2024-08-25,East,Kolkata,Vikram Sen,Individual,Referral,67,107.57,3,Yes,2024-08-31,6,
LEAD001440,2024-08-25,South,Hyderabad,Isha Reddy,SME,Paid Social,35,403.64,4,No,,,Price Too High
LEAD001441,2024-08-26,West,Ahmedabad,Meera Joshi,SME,Paid Social,44,424.93,4,No,,,Price Too High
LEAD001442,2024-08-26,North,Jaipur,Aarav Sharma,Individual,Walk-in,59,52.12,4,No,,,No Response
LEAD001443,2024-08-26,North,Jaipur,Aarav Sharma,Individual,Paid Social,49,403.75,4,Yes,2024-09-02,7,
LEAD001444,2024-08-26,North,Delhi,Priya Verma,Individual,Referral,76,113.96,2,Yes,2024-08-29,3,
LEAD001445,2024-08-26,South,Hyderabad,Isha Reddy,Individual,Organic Search,39,88.07,1,No,,,No Response
LEAD001446,2024-08-27,North,Delhi,Priya Verma,Individual,Organic Search,63,85.63,6,No,,,Price Too High
LEAD001447,2024-08-27,South,Chennai,Arjun Nair,Individual,Referral,61,132.09,4,No,,,Budget Delayed
LEAD001448,2024-08-27,South,Hyderabad,Isha Reddy,Individual,Walk-in,64,51.37,4,Yes,2024-09-05,9,
LEAD001449,2024-08-28,North,Delhi,Priya Verma,SME,Marketplace,57,188.53,2,Yes,2024-09-06,9,
LEAD001450,2024-08-28,South,Chennai,Arjun Nair,Individual,Paid Social,66,453.45,1,No,,,No Response
LEAD001451,2024-08-28,South,Hyderabad,Sneha Rao,SME,Referral,79,117.71,2,Yes,2024-09-02,5,
LEAD001452,2024-08-28,North,Jaipur,Aarav Sharma,Individual,Walk-in,46,49.65,2,Yes,2024-09-11,14,
LEAD001453,2024-08-28,South,Chennai,Sneha Rao,Individual,Organic Search,66,79.37,2,No,,,No Response
LEAD001454,2024-08-28,North,Delhi,Priya Verma,Individual,Paid Social,56,386.71,4,No,,,Price Too High
LEAD001455,2024-08-28,South,Bengaluru,Isha Reddy,Individual,Google Ads,65,701.84,1,No,,,No Response
LEAD001456,2024-08-29,South,Chennai,Sneha Rao,Individual,Marketplace,44,204.07,2,Yes,2024-08-30,1,
LEAD001457,2024-08-29,East,Guwahati,Kavya Roy,Individual,Marketplace,65,164.95,1,Yes,2024-09-06,8,
LEAD001458,2024-08-29,West,Ahmedabad,Meera Joshi,Individual,Marketplace,51,184.30,1,Yes,2024-09-02,4,
LEAD001459,2024-08-29,North,Lucknow,Aarav Sharma,SME,Walk-in,69,55.03,4,Yes,2024-09-01,3,
LEAD001460,2024-08-29,North,Lucknow,Priya Verma,Individual,Marketplace,53,177.38,4,No,,,Price Too High
LEAD001461,2024-08-30,West,Ahmedabad,Dev Patel,Individual,Organic Search,35,80.72,3,No,,,No Response
LEAD001462,2024-08-30,West,Pune,Dev Patel,Individual,Referral,56,106.58,2,Yes,2024-09-09,10,
LEAD001463,2024-08-30,South,Chennai,Arjun Nair,Individual,Marketplace,68,164.22,2,No,,,No Response
LEAD001464,2024-08-30,East,Bhubaneswar,Neha Das,Individual,Walk-in,74,52.19,4,Yes,2024-09-07,8,
LEAD001465,2024-08-30,South,Hyderabad,Sneha Rao,Individual,Google Ads,77,531.35,3,Yes,2024-09-24,25,
LEAD001466,2024-08-30,South,Hyderabad,Isha Reddy,Individual,Walk-in,55,53.80,3,Yes,2024-09-07,8,
LEAD001467,2024-08-31,South,Bengaluru,Sneha Rao,Individual,Referral,83,107.97,1,Yes,2024-09-03,3,
LEAD001468,2024-08-31,South,Chennai,Arjun Nair,SME,Google Ads,48,635.77,1,Yes,2024-09-10,10,
LEAD001469,2024-08-31,North,Delhi,Aarav Sharma,Individual,Organic Search,68,100.96,3,Yes,2024-09-06,6,
LEAD001470,2024-09-01,South,Hyderabad,Sneha Rao,Individual,Marketplace,55,180.23,3,Yes,2024-09-07,6,
LEAD001471,2024-09-01,South,Chennai,Sneha Rao,SME,Referral,76,124.46,2,Yes,2024-09-14,13,
LEAD001472,2024-09-01,South,Bengaluru,Sneha Rao,Individual,Google Ads,32,528.35,5,No,,,No Response
LEAD001473,2024-09-01,West,Mumbai,Dev Patel,SME,Corporate Outreach,58,245.60,3,No,,,Budget Delayed
LEAD001474,2024-09-02,South,Bengaluru,Arjun Nair,SME,Paid Social,60,382.77,5,No,,,Competitor Chosen
LEAD001475,2024-09-02,North,Delhi,Priya Verma,Individual,Organic Search,38,86.87,1,Yes,2024-09-06,4,
LEAD001476,2024-09-02,South,Chennai,Isha Reddy,Individual,Organic Search,62,92.32,1,Yes,2024-09-23,21,
LEAD001477,2024-09-02,North,Delhi,Karan Malhotra,Individual,Paid Social,54,385.00,3,No,,,No Response
LEAD001478,2024-09-02,South,Hyderabad,Arjun Nair,Individual,Organic Search,73,93.26,6,No,,,Price Too High
LEAD001479,2024-09-02,North,Lucknow,Aarav Sharma,Individual,Paid Social,66,383.23,3,No,,,No Response
LEAD001480,2024-09-02,North,Delhi,Aarav Sharma,Individual,Referral,86,105.39,3,No,,,Price Too High
LEAD001481,2024-09-02,North,Lucknow,Aarav Sharma,Individual,Organic Search,60,92.46,4,No,,,No Response
LEAD001482,2024-09-02,South,Bengaluru,Isha Reddy,Corporate,Corporate Outreach,86,245.85,2,No,,,Price Too High
LEAD001483,2024-09-02,West,Pune,Meera Joshi,Individual,Referral,60,112.89,1,Yes,2024-09-05,3,
LEAD001484,2024-09-03,West,Pune,Meera Joshi,Individual,Google Ads,40,667.90,2,No,,,Not Ready Yet
LEAD001485,2024-09-03,South,Chennai,Arjun Nair,Individual,Google Ads,54,705.57,3,Yes,2024-09-27,24,
LEAD001486,2024-09-03,North,Lucknow,Priya Verma,Individual,Walk-in,54,54.94,2,Yes,2024-09-12,9,
LEAD001487,2024-09-03,West,Ahmedabad,Meera Joshi,Individual,Referral,50,116.32,3,Yes,2024-09-15,12,
LEAD001488,2024-09-03,North,Jaipur,Aarav Sharma,Individual,Marketplace,60,203.52,6,No,,,Not Ready Yet
LEAD001489,2024-09-03,North,Jaipur,Aarav Sharma,Individual,Organic Search,59,96.19,3,Yes,2024-09-10,7,
LEAD001490,2024-09-03,South,Hyderabad,Sneha Rao,SME,Corporate Outreach,56,253.85,4,Yes,2024-09-22,19,
LEAD001491,2024-09-04,South,Chennai,Isha Reddy,Individual,Marketplace,62,194.18,1,No,,,No Response
LEAD001492,2024-09-04,South,Chennai,Isha Reddy,Individual,Paid Social,60,370.63,4,Yes,2024-09-28,24,
LEAD001493,2024-09-04,West,Mumbai,Meera Joshi,SME,Organic Search,44,93.97,3,Yes,2024-09-21,17,
LEAD001494,2024-09-04,North,Delhi,Aarav Sharma,Individual,Walk-in,50,53.95,3,Yes,2024-09-08,4,
LEAD001495,2024-09-05,West,Mumbai,Rohan Mehta,Individual,Paid Social,70,419.66,1,Yes,2024-09-07,2,
LEAD001496,2024-09-05,North,Jaipur,Priya Verma,Individual,Organic Search,68,101.43,1,Yes,2024-09-19,14,
LEAD001497,2024-09-05,South,Chennai,Sneha Rao,Individual,Paid Social,61,366.83,6,No,,,Not Ready Yet
LEAD001498,2024-09-06,South,Bengaluru,Sneha Rao,Individual,Paid Social,61,476.10,4,No,,,Competitor Chosen
LEAD001499,2024-09-06,South,Bengaluru,Sneha Rao,SME,Organic Search,41,102.55,1,Yes,2024-09-30,24,
LEAD001500,2024-09-06,West,Ahmedabad,Dev Patel,Individual,Google Ads,37,666.29,3,No,,,Price Too High
LEAD001501,2024-09-06,West,Pune,Dev Patel,SME,Referral,50,126.93,1,No,,,No Response
LEAD001502,2024-09-06,South,Hyderabad,Sneha Rao,Individual,Organic Search,60,89.28,1,Yes,2024-09-21,15,
LEAD001503,2024-09-06,South,Bengaluru,Isha Reddy,Individual,Marketplace,67,201.25,2,No,,,Price Too High
LEAD001504,2024-09-06,North,Delhi,Karan Malhotra,Individual,Google Ads,42,558.29,1,No,,,Budget Delayed
LEAD001505,2024-09-06,North,Delhi,Priya Verma,SME,Referral,57,114.92,2,Yes,2024-09-07,1,
LEAD001506,2024-09-06,West,Pune,Dev Patel,Individual,Walk-in,65,46.71,1,Yes,2024-09-15,9,
LEAD001507,2024-09-07,West,Mumbai,Meera Joshi,SME,Google Ads,34,620.16,2,Yes,2024-09-19,12,
LEAD001508,2024-09-07,West,Ahmedabad,Meera Joshi,SME,Google Ads,23,570.61,3,Yes,2024-10-02,25,
LEAD001509,2024-09-07,South,Hyderabad,Sneha Rao,Individual,Organic Search,46,99.35,4,Yes,2024-09-18,11,
LEAD001510,2024-09-07,South,Chennai,Arjun Nair,Individual,Paid Social,50,424.46,3,No,,,No Response
LEAD001511,2024-09-07,West,Mumbai,Dev Patel,SME,Marketplace,71,168.99,4,Yes,2024-09-14,7,
LEAD001512,2024-09-07,South,Chennai,Arjun Nair,Individual,Walk-in,54,46.95,1,No,,,No Response
LEAD001513,2024-09-07,South,Hyderabad,Isha Reddy,SME,Referral,73,122.77,2,Yes,2024-09-19,12,
LEAD001514,2024-09-08,North,Lucknow,Priya Verma,Individual,Referral,62,102.74,4,Yes,2024-09-22,14,
LEAD001515,2024-09-08,East,Kolkata,Neha Das,Individual,Marketplace,59,173.54,2,Yes,2024-09-15,7,
LEAD001516,2024-09-08,West,Pune,Dev Patel,Individual,Walk-in,69,50.72,1,Yes,2024-09-21,13,
LEAD001517,2024-09-08,North,Jaipur,Priya Verma,Individual,Marketplace,76,190.68,5,No,,,Price Too High
LEAD001518,2024-09-08,West,Pune,Meera Joshi,Individual,Walk-in,46,53.77,1,No,,,No Response
LEAD001519,2024-09-08,South,Bengaluru,Isha Reddy,SME,Walk-in,47,42.86,4,Yes,2024-09-16,8,
LEAD001520,2024-09-08,South,Chennai,Isha Reddy,Individual,Organic Search,29,80.25,3,No,,,Competitor Chosen
LEAD001521,2024-09-08,North,Delhi,Priya Verma,Individual,Paid Social,55,422.62,4,No,,,Competitor Chosen
LEAD001522,2024-09-08,West,Mumbai,Rohan Mehta,SME,Paid Social,27,426.72,1,Yes,2024-10-01,23,
LEAD001523,2024-09-08,East,Bhubaneswar,Vikram Sen,SME,Referral,49,119.66,2,Yes,2024-09-17,9,
LEAD001524,2024-09-08,West,Pune,Meera Joshi,Corporate,Organic Search,43,88.85,2,No,,,No Response
LEAD001525,2024-09-08,East,Kolkata,Neha Das,SME,Google Ads,56,660.54,2,Yes,2024-09-10,2,
LEAD001526,2024-09-08,South,Chennai,Isha Reddy,Individual,Marketplace,73,178.74,2,No,,,Not Ready Yet
LEAD001527,2024-09-09,East,Bhubaneswar,Vikram Sen,Individual,Google Ads,19,538.81,4,No,,,Competitor Chosen
LEAD001528,2024-09-09,West,Pune,Rohan Mehta,Individual,Google Ads,41,577.51,2,No,,,Not Ready Yet
LEAD001529,2024-09-09,West,Pune,Meera Joshi,Individual,Google Ads,65,541.01,6,No,,,Budget Delayed
LEAD001530,2024-09-09,South,Bengaluru,Arjun Nair,Individual,Marketplace,60,199.31,3,Yes,2024-09-16,7,
LEAD001531,2024-09-09,South,Hyderabad,Isha Reddy,Individual,Marketplace,59,211.80,3,Yes,2024-09-20,11,
LEAD001532,2024-09-10,South,Chennai,Sneha Rao,SME,Walk-in,24,56.59,2,Yes,2024-09-11,1,
LEAD001533,2024-09-10,South,Bengaluru,Sneha Rao,Corporate,Walk-in,47,42.97,2,Yes,2024-09-21,11,
LEAD001534,2024-09-10,South,Bengaluru,Isha Reddy,SME,Corporate Outreach,64,250.62,4,Yes,2024-09-17,7,
LEAD001535,2024-09-10,North,Lucknow,Karan Malhotra,Individual,Marketplace,54,162.60,1,No,,,Competitor Chosen
LEAD001536,2024-09-11,North,Jaipur,Karan Malhotra,Corporate,Walk-in,70,46.63,6,Yes,2024-10-18,37,
LEAD001537,2024-09-11,North,Jaipur,Priya Verma,Corporate,Referral,60,130.79,2,Yes,2024-09-26,15,
LEAD001538,2024-09-11,West,Mumbai,Dev Patel,Individual,Organic Search,27,88.82,1,Yes,2024-10-02,21,
LEAD001539,2024-09-11,South,Chennai,Arjun Nair,Individual,Marketplace,56,197.42,4,Yes,2024-09-21,10,
LEAD001540,2024-09-12,North,Delhi,Karan Malhotra,Individual,Marketplace,69,203.44,1,No,,,Price Too High
LEAD001541,2024-09-12,West,Pune,Dev Patel,Individual,Organic Search,65,101.50,5,No,,,Price Too High
LEAD001542,2024-09-12,East,Kolkata,Vikram Sen,Individual,Paid Social,45,470.81,4,No,,,No Response
LEAD001543,2024-09-12,South,Bengaluru,Arjun Nair,Individual,Paid Social,69,474.44,2,Yes,2024-09-24,12,
LEAD001544,2024-09-12,East,Kolkata,Neha Das,Individual,Referral,84,127.20,1,Yes,2024-09-21,9,
LEAD001545,2024-09-12,South,Chennai,Arjun Nair,Individual,Marketplace,77,168.27,2,Yes,2024-09-21,9,
LEAD001546,2024-09-13,South,Hyderabad,Arjun Nair,Individual,Google Ads,37,712.83,4,No,,,No Response
LEAD001547,2024-09-13,East,Kolkata,Vikram Sen,Individual,Walk-in,41,44.44,3,No,,,Competitor Chosen
LEAD001548,2024-09-13,South,Hyderabad,Arjun Nair,Corporate,Google Ads,45,536.39,2,No,,,Price Too High
LEAD001549,2024-09-14,North,Jaipur,Priya Verma,Individual,Marketplace,50,216.59,1,Yes,2024-09-21,7,
LEAD001550,2024-09-14,East,Bhubaneswar,Neha Das,Individual,Marketplace,54,195.02,2,Yes,2024-09-24,10,
LEAD001551,2024-09-14,South,Chennai,Isha Reddy,Individual,Organic Search,58,89.03,4,No,,,Competitor Chosen
LEAD001552,2024-09-14,West,Pune,Meera Joshi,Corporate,Corporate Outreach,33,282.12,3,Yes,2024-10-07,23,
LEAD001553,2024-09-14,North,Lucknow,Priya Verma,SME,Marketplace,66,170.32,1,Yes,2024-09-18,4,
LEAD001554,2024-09-14,North,Delhi,Aarav Sharma,SME,Google Ads,63,699.97,4,Yes,2024-10-07,23,
LEAD001555,2024-09-14,North,Jaipur,Karan Malhotra,Corporate,Walk-in,50,46.76,7,Yes,2024-09-24,10,
LEAD001556,2024-09-15,East,Kolkata,Neha Das,Individual,Organic Search,78,100.83,4,No,,,No Response
LEAD001557,2024-09-15,South,Hyderabad,Sneha Rao,Individual,Paid Social,35,451.56,2,No,,,Budget Delayed
LEAD001558,2024-09-15,South,Bengaluru,Sneha Rao,Individual,Marketplace,35,174.81,1,No,,,No Response
LEAD001559,2024-09-15,South,Bengaluru,Arjun Nair,Corporate,Corporate Outreach,64,271.66,5,No,,,Not Ready Yet
LEAD001560,2024-09-15,East,Bhubaneswar,Kavya Roy,Corporate,Walk-in,55,50.51,4,Yes,2024-10-16,31,
LEAD001561,2024-09-16,South,Bengaluru,Isha Reddy,Individual,Referral,86,122.59,4,Yes,2024-09-25,9,
LEAD001562,2024-09-16,East,Kolkata,Kavya Roy,Corporate,Referral,66,130.63,1,No,,,No Response
LEAD001563,2024-09-16,West,Mumbai,Dev Patel,Individual,Organic Search,66,79.12,3,No,,,Not Ready Yet
LEAD001564,2024-09-16,North,Jaipur,Aarav Sharma,Individual,Organic Search,62,87.81,3,No,,,Price Too High
LEAD001565,2024-09-16,South,Chennai,Sneha Rao,Corporate,Corporate Outreach,47,287.63,5,No,,,Budget Delayed
LEAD001566,2024-09-16,West,Mumbai,Meera Joshi,Individual,Google Ads,76,578.16,3,Yes,2024-09-27,11,
LEAD001567,2024-09-16,West,Pune,Rohan Mehta,SME,Referral,90,129.88,2,Yes,2024-09-30,14,
LEAD001568,2024-09-16,West,Mumbai,Rohan Mehta,Individual,Paid Social,57,466.95,1,Yes,2024-10-07,21,
LEAD001569,2024-09-17,South,Chennai,Isha Reddy,Individual,Walk-in,47,55.46,2,Yes,2024-09-28,11,
LEAD001570,2024-09-17,South,Bengaluru,Arjun Nair,Individual,Marketplace,71,193.33,1,Yes,2024-10-01,14,
LEAD001571,2024-09-17,West,Mumbai,Meera Joshi,Individual,Organic Search,57,95.89,4,No,,,No Response
LEAD001572,2024-09-17,South,Chennai,Sneha Rao,Individual,Organic Search,51,98.67,4,Yes,2024-10-09,22,
LEAD001573,2024-09-17,North,Delhi,Karan Malhotra,Individual,Walk-in,70,57.27,1,No,,,No Response
LEAD001574,2024-09-17,East,Kolkata,Kavya Roy,Individual,Organic Search,59,92.39,1,No,,,Competitor Chosen
LEAD001575,2024-09-17,West,Mumbai,Dev Patel,SME,Google Ads,38,643.87,6,No,,,Not Ready Yet
LEAD001576,2024-09-17,South,Bengaluru,Arjun Nair,Individual,Organic Search,78,78.94,3,Yes,2024-09-24,7,
LEAD001577,2024-09-18,East,Kolkata,Neha Das,Individual,Organic Search,61,101.68,2,No,,,Price Too High
LEAD001578,2024-09-18,South,Hyderabad,Arjun Nair,SME,Referral,76,119.55,4,Yes,2024-09-19,1,
LEAD001579,2024-09-18,West,Ahmedabad,Dev Patel,Individual,Marketplace,54,196.56,1,No,,,Competitor Chosen
LEAD001580,2024-09-18,West,Pune,Dev Patel,Individual,Marketplace,55,200.30,1,No,,,Price Too High
LEAD001581,2024-09-18,East,Guwahati,Neha Das,Individual,Google Ads,55,571.82,4,Yes,2024-09-25,7,
LEAD001582,2024-09-18,South,Bengaluru,Isha Reddy,Individual,Google Ads,71,554.29,2,Yes,2024-10-11,23,
LEAD001583,2024-09-18,West,Pune,Meera Joshi,Individual,Paid Social,66,476.90,1,Yes,2024-10-05,17,
LEAD001584,2024-09-18,South,Chennai,Sneha Rao,Corporate,Google Ads,53,599.61,3,Yes,2024-09-30,12,
LEAD001585,2024-09-18,North,Jaipur,Priya Verma,SME,Referral,42,116.67,4,No,,,Price Too High
LEAD001586,2024-09-19,North,Jaipur,Karan Malhotra,Individual,Organic Search,70,96.72,2,Yes,2024-09-21,2,
LEAD001587,2024-09-19,North,Jaipur,Aarav Sharma,Individual,Paid Social,37,371.75,4,No,,,No Response
LEAD001588,2024-09-19,East,Kolkata,Vikram Sen,Individual,Google Ads,52,551.04,1,No,,,No Response
LEAD001589,2024-09-19,West,Pune,Dev Patel,Individual,Google Ads,76,637.18,1,Yes,2024-09-27,8,
LEAD001590,2024-09-19,East,Kolkata,Kavya Roy,Individual,Organic Search,58,85.65,3,Yes,2024-09-21,2,
LEAD001591,2024-09-19,South,Chennai,Arjun Nair,SME,Referral,61,108.72,5,No,,,Competitor Chosen
LEAD001592,2024-09-19,West,Mumbai,Dev Patel,Individual,Organic Search,44,98.50,4,No,,,No Response
LEAD001593,2024-09-19,West,Mumbai,Meera Joshi,Individual,Google Ads,32,655.99,3,Yes,2024-09-30,11,
LEAD001594,2024-09-19,East,Kolkata,Vikram Sen,Individual,Organic Search,31,87.01,6,No,,,Competitor Chosen
LEAD001595,2024-09-19,South,Hyderabad,Arjun Nair,SME,Marketplace,59,195.54,2,Yes,2024-10-03,14,
LEAD001596,2024-09-19,South,Bengaluru,Arjun Nair,Individual,Organic Search,42,102.68,4,No,,,Price Too High
LEAD001597,2024-09-19,West,Ahmedabad,Rohan Mehta,Individual,Paid Social,41,481.83,2,No,,,Budget Delayed
LEAD001598,2024-09-20,West,Mumbai,Meera Joshi,SME,Organic Search,62,86.61,1,Yes,2024-09-22,2,
LEAD001599,2024-09-20,North,Delhi,Priya Verma,Individual,Referral,80,103.94,4,Yes,2024-09-26,6,
LEAD001600,2024-09-20,West,Pune,Meera Joshi,Individual,Google Ads,53,584.21,3,Yes,2024-09-29,9,
LEAD001601,2024-09-20,West,Mumbai,Meera Joshi,Corporate,Organic Search,53,101.28,6,No,,,Not Ready Yet
LEAD001602,2024-09-20,South,Bengaluru,Arjun Nair,Individual,Marketplace,63,186.28,4,Yes,2024-10-01,11,
LEAD001603,2024-09-20,South,Bengaluru,Isha Reddy,Individual,Organic Search,42,95.76,2,No,,,Not Ready Yet
LEAD001604,2024-09-20,West,Pune,Dev Patel,Individual,Paid Social,80,371.84,4,Yes,2024-10-13,23,
LEAD001605,2024-09-21,North,Delhi,Karan Malhotra,Individual,Walk-in,60,54.59,1,Yes,2024-10-05,14,
LEAD001606,2024-09-21,North,Delhi,Aarav Sharma,Individual,Paid Social,46,454.54,2,Yes,2024-09-29,8,
LEAD001607,2024-09-21,South,Hyderabad,Isha Reddy,Individual,Paid Social,60,407.06,2,Yes,2024-10-10,19,
LEAD001608,2024-09-21,South,Chennai,Arjun Nair,Individual,Marketplace,48,188.48,3,No,,,Price Too High
LEAD001609,2024-09-21,North,Lucknow,Aarav Sharma,Individual,Paid Social,48,368.30,2,Yes,2024-10-14,23,
LEAD001610,2024-09-21,North,Jaipur,Aarav Sharma,Individual,Referral,73,120.59,2,Yes,2024-10-04,13,
LEAD001611,2024-09-22,West,Mumbai,Meera Joshi,Individual,Organic Search,50,98.64,6,No,,,No Response
LEAD001612,2024-09-22,South,Bengaluru,Arjun Nair,Individual,Organic Search,53,88.28,3,Yes,2024-10-08,16,
LEAD001613,2024-09-22,South,Hyderabad,Sneha Rao,Individual,Organic Search,81,82.26,2,Yes,2024-10-03,11,
LEAD001614,2024-09-22,North,Lucknow,Priya Verma,Corporate,Referral,70,118.18,4,Yes,2024-10-08,16,
LEAD001615,2024-09-22,West,Mumbai,Rohan Mehta,Individual,Referral,64,103.02,4,Yes,2024-09-27,5,
LEAD001616,2024-09-22,South,Bengaluru,Isha Reddy,Individual,Google Ads,54,558.52,3,No,,,Competitor Chosen
LEAD001617,2024-09-23,West,Mumbai,Dev Patel,Individual,Referral,82,106.76,1,Yes,2024-10-05,12,
LEAD001618,2024-09-23,West,Mumbai,Dev Patel,SME,Referral,69,117.41,2,Yes,2024-10-02,9,
LEAD001619,2024-09-23,West,Mumbai,Rohan Mehta,SME,Paid Social,68,469.33,2,Yes,2024-10-07,14,
LEAD001620,2024-09-23,South,Hyderabad,Arjun Nair,SME,Marketplace,82,194.20,6,No,,,Price Too High
LEAD001621,2024-09-23,North,Jaipur,Karan Malhotra,Individual,Organic Search,95,96.71,5,No,,,Competitor Chosen
LEAD001622,2024-09-23,South,Chennai,Isha Reddy,SME,Google Ads,38,636.61,5,No,,,No Response
LEAD001623,2024-09-24,South,Bengaluru,Arjun Nair,Individual,Google Ads,51,582.17,4,Yes,2024-10-09,15,
LEAD001624,2024-09-24,North,Jaipur,Karan Malhotra,Individual,Google Ads,36,649.86,1,Yes,2024-10-01,7,
LEAD001625,2024-09-24,East,Kolkata,Neha Das,Individual,Google Ads,57,608.27,4,Yes,2024-10-17,23,
LEAD001626,2024-09-24,South,Chennai,Sneha Rao,Individual,Organic Search,59,84.71,5,No,,,Competitor Chosen
LEAD001627,2024-09-25,West,Mumbai,Dev Patel,Individual,Google Ads,40,624.90,5,No,,,Budget Delayed
LEAD001628,2024-09-25,East,Kolkata,Neha Das,Individual,Paid Social,57,490.96,3,No,,,Competitor Chosen
LEAD001629,2024-09-25,West,Mumbai,Rohan Mehta,Individual,Organic Search,55,87.32,3,Yes,2024-10-17,22,
LEAD001630,2024-09-25,West,Ahmedabad,Dev Patel,Individual,Marketplace,34,190.87,3,Yes,2024-09-26,1,
LEAD001631,2024-09-25,South,Hyderabad,Isha Reddy,SME,Paid Social,66,422.88,5,No,,,Not Ready Yet
LEAD001632,2024-09-25,North,Lucknow,Aarav Sharma,SME,Organic Search,45,87.32,4,No,,,Price Too High
LEAD001633,2024-09-25,North,Delhi,Priya Verma,SME,Marketplace,51,179.88,4,Yes,2024-10-03,8,
LEAD001634,2024-09-25,South,Hyderabad,Arjun Nair,Individual,Marketplace,43,177.15,4,Yes,2024-10-03,8,
LEAD001635,2024-09-26,North,Delhi,Priya Verma,Individual,Walk-in,42,47.86,1,Yes,2024-10-07,11,
LEAD001636,2024-09-26,West,Mumbai,Meera Joshi,Individual,Organic Search,67,78.36,3,Yes,2024-10-07,11,
LEAD001637,2024-09-26,West,Pune,Meera Joshi,Individual,Walk-in,63,42.75,4,Yes,2024-10-05,9,
LEAD001638,2024-09-26,South,Chennai,Arjun Nair,SME,Marketplace,49,172.56,4,Yes,2024-09-30,4,
LEAD001639,2024-09-27,East,Kolkata,Neha Das,Individual,Organic Search,54,96.25,3,Yes,2024-10-21,24,
LEAD001640,2024-09-27,West,Pune,Rohan Mehta,Individual,Referral,61,111.69,6,No,,,Price Too High
LEAD001641,2024-09-27,South,Hyderabad,Arjun Nair,Individual,Walk-in,40,44.52,5,No,,,Not Ready Yet
LEAD001642,2024-09-27,North,Lucknow,Karan Malhotra,Individual,Organic Search,60,84.57,1,Yes,2024-10-07,10,
LEAD001643,2024-09-27,East,Kolkata,Neha Das,SME,Paid Social,48,429.78,1,No,,,Competitor Chosen
LEAD001644,2024-09-27,South,Bengaluru,Arjun Nair,Individual,Marketplace,46,164.07,6,No,,,Budget Delayed
LEAD001645,2024-09-27,South,Hyderabad,Sneha Rao,SME,Google Ads,76,592.80,2,No,,,Not Ready Yet
LEAD001646,2024-09-28,West,Ahmedabad,Rohan Mehta,Individual,Google Ads,82,684.06,1,No,,,No Response
LEAD001647,2024-09-28,North,Delhi,Karan Malhotra,SME,Walk-in,39,56.84,3,Yes,2024-10-08,10,
LEAD001648,2024-09-28,North,Delhi,Karan Malhotra,SME,Marketplace,61,170.56,6,No,,,No Response
LEAD001649,2024-09-28,North,Jaipur,Karan Malhotra,Individual,Referral,70,105.82,3,Yes,2024-10-07,9,
LEAD001650,2024-09-28,West,Mumbai,Rohan Mehta,Individual,Marketplace,40,202.69,3,Yes,2024-10-09,11,
LEAD001651,2024-09-29,West,Pune,Meera Joshi,Individual,Paid Social,18,365.82,4,No,,,Price Too High
LEAD001652,2024-09-29,West,Ahmedabad,Rohan Mehta,Individual,Referral,70,137.34,1,Yes,2024-10-05,6,
LEAD001653,2024-09-29,West,Ahmedabad,Rohan Mehta,Individual,Paid Social,50,438.14,3,No,,,Budget Delayed
LEAD001654,2024-09-29,West,Pune,Rohan Mehta,Corporate,Walk-in,66,44.67,6,Yes,2024-11-05,37,
LEAD001655,2024-09-29,South,Bengaluru,Isha Reddy,Individual,Paid Social,83,370.13,1,Yes,2024-10-22,23,
LEAD001656,2024-09-29,South,Chennai,Arjun Nair,Individual,Google Ads,54,610.33,5,No,,,Competitor Chosen
LEAD001657,2024-09-29,South,Hyderabad,Arjun Nair,Corporate,Referral,64,113.30,4,No,,,No Response
LEAD001658,2024-09-29,South,Bengaluru,Isha Reddy,Individual,Referral,60,120.51,6,No,,,Price Too High
LEAD001659,2024-09-29,West,Mumbai,Meera Joshi,Individual,Paid Social,47,387.13,6,No,,,Competitor Chosen
LEAD001660,2024-09-29,South,Bengaluru,Arjun Nair,Individual,Paid Social,69,489.27,2,Yes,2024-10-01,2,
LEAD001661,2024-09-30,South,Hyderabad,Sneha Rao,Individual,Google Ads,63,644.56,6,No,,,Competitor Chosen
LEAD001662,2024-09-30,West,Mumbai,Dev Patel,Individual,Marketplace,62,183.56,5,No,,,No Response
LEAD001663,2024-09-30,South,Chennai,Isha Reddy,SME,Marketplace,85,202.27,4,Yes,2024-10-07,7,
LEAD001664,2024-09-30,South,Hyderabad,Sneha Rao,Individual,Paid Social,57,415.50,2,Yes,2024-10-06,6,
LEAD001665,2024-09-30,South,Bengaluru,Arjun Nair,SME,Referral,80,110.73,1,Yes,2024-10-08,8,
LEAD001666,2024-09-30,West,Pune,Meera Joshi,Individual,Referral,59,137.88,6,No,,,Not Ready Yet
LEAD001667,2024-09-30,North,Delhi,Priya Verma,Individual,Paid Social,53,378.42,2,Yes,2024-10-23,23,
LEAD001668,2024-09-30,West,Pune,Dev Patel,SME,Google Ads,64,646.73,1,No,,,No Response
LEAD001669,2024-10-01,West,Pune,Dev Patel,SME,Google Ads,53,709.63,3,Yes,2024-10-12,11,
LEAD001670,2024-10-01,West,Mumbai,Rohan Mehta,Individual,Google Ads,85,666.97,1,Yes,2024-10-04,3,
LEAD001671,2024-10-01,East,Guwahati,Neha Das,SME,Google Ads,42,665.32,1,Yes,2024-10-15,14,
LEAD001672,2024-10-01,South,Hyderabad,Arjun Nair,Individual,Paid Social,49,491.08,2,No,,,Price Too High
LEAD001673,2024-10-01,South,Hyderabad,Arjun Nair,Individual,Google Ads,43,711.08,1,No,,,Not Ready Yet
LEAD001674,2024-10-01,South,Hyderabad,Arjun Nair,Corporate,Organic Search,66,93.06,2,Yes,2024-10-22,21,
LEAD001675,2024-10-01,West,Ahmedabad,Dev Patel,Individual,Marketplace,35,195.78,2,Yes,2024-10-13,12,
LEAD001676,2024-10-01,South,Bengaluru,Arjun Nair,Individual,Paid Social,81,370.37,6,No,,,Price Too High
LEAD001677,2024-10-02,West,Mumbai,Dev Patel,Individual,Referral,62,105.26,2,No,,,Price Too High
LEAD001678,2024-10-02,South,Chennai,Sneha Rao,Individual,Referral,74,130.70,4,Yes,2024-10-06,4,
LEAD001679,2024-10-02,North,Delhi,Aarav Sharma,Individual,Walk-in,71,47.68,1,Yes,2024-10-14,12,
LEAD001680,2024-10-02,South,Hyderabad,Arjun Nair,Individual,Marketplace,38,185.71,1,Yes,2024-10-14,12,
LEAD001681,2024-10-02,West,Mumbai,Rohan Mehta,SME,Organic Search,50,84.24,6,No,,,Budget Delayed
LEAD001682,2024-10-02,East,Kolkata,Neha Das,SME,Walk-in,44,54.76,3,Yes,2024-10-03,1,
LEAD001683,2024-10-03,North,Jaipur,Priya Verma,Individual,Walk-in,76,52.47,5,No,,,No Response
LEAD001684,2024-10-03,East,Guwahati,Vikram Sen,SME,Paid Social,72,462.13,3,No,,,Not Ready Yet
LEAD001685,2024-10-03,South,Hyderabad,Arjun Nair,Individual,Organic Search,48,92.69,1,Yes,2024-10-19,16,
LEAD001686,2024-10-03,West,Pune,Meera Joshi,Corporate,Corporate Outreach,54,258.20,6,No,,,No Response
LEAD001687,2024-10-03,North,Lucknow,Aarav Sharma,Individual,Walk-in,73,50.66,3,No,,,Competitor Chosen
LEAD001688,2024-10-03,North,Lucknow,Karan Malhotra,Individual,Paid Social,69,411.69,4,Yes,2024-10-18,15,
LEAD001689,2024-10-03,South,Bengaluru,Arjun Nair,Individual,Google Ads,50,532.00,3,Yes,2024-10-13,10,
LEAD001690,2024-10-03,North,Delhi,Priya Verma,Individual,Google Ads,48,690.99,4,Yes,2024-10-16,13,
LEAD001691,2024-10-03,North,Lucknow,Aarav Sharma,Individual,Google Ads,50,663.72,3,Yes,2024-10-23,20,
LEAD001692,2024-10-03,South,Chennai,Isha Reddy,Individual,Paid Social,53,453.90,4,Yes,2024-10-10,7,
LEAD001693,2024-10-04,West,Ahmedabad,Rohan Mehta,Individual,Organic Search,64,102.77,5,No,,,No Response
LEAD001694,2024-10-04,South,Hyderabad,Sneha Rao,SME,Corporate Outreach,86,315.73,3,No,,,Budget Delayed
LEAD001695,2024-10-04,North,Jaipur,Priya Verma,Individual,Paid Social,33,374.03,2,No,,,Not Ready Yet
LEAD001696,2024-10-04,East,Kolkata,Kavya Roy,SME,Organic Search,53,81.85,3,No,,,Competitor Chosen
LEAD001697,2024-10-04,West,Mumbai,Dev Patel,SME,Paid Social,33,454.28,1,No,,,Price Too High
LEAD001698,2024-10-04,North,Jaipur,Priya Verma,Individual,Paid Social,50,372.18,1,No,,,No Response
LEAD001699,2024-10-04,West,Mumbai,Rohan Mehta,Individual,Referral,28,113.68,1,Yes,2024-10-08,4,
LEAD001700,2024-10-05,East,Kolkata,Neha Das,Individual,Paid Social,44,436.26,1,No,,,No Response
LEAD001701,2024-10-05,West,Mumbai,Dev Patel,Individual,Referral,60,116.64,1,Yes,2024-10-13,8,
LEAD001702,2024-10-05,West,Ahmedabad,Rohan Mehta,SME,Marketplace,69,182.72,1,Yes,2024-10-09,4,
LEAD001703,2024-10-05,North,Jaipur,Aarav Sharma,Individual,Organic Search,59,102.87,4,No,,,Not Ready Yet
LEAD001704,2024-10-05,South,Hyderabad,Isha Reddy,Individual,Google Ads,62,544.78,2,No,,,No Response
LEAD001705,2024-10-05,North,Delhi,Priya Verma,Individual,Organic Search,53,79.08,5,No,,,Price Too High
LEAD001706,2024-10-05,South,Hyderabad,Sneha Rao,Individual,Walk-in,68,46.67,2,Yes,2024-10-08,3,
LEAD001707,2024-10-05,North,Delhi,Karan Malhotra,Individual,Referral,79,132.61,1,Yes,2024-10-07,2,
LEAD001708,2024-10-05,North,Delhi,Karan Malhotra,Individual,Organic Search,62,86.32,2,Yes,2024-10-14,9,
LEAD001709,2024-10-06,West,Ahmedabad,Rohan Mehta,SME,Organic Search,56,85.50,4,No,,,Competitor Chosen
LEAD001710,2024-10-06,North,Delhi,Priya Verma,Individual,Walk-in,46,45.10,1,Yes,2024-10-13,7,
LEAD001711,2024-10-06,South,Hyderabad,Sneha Rao,Individual,Walk-in,55,52.05,4,Yes,2024-10-13,7,
LEAD001712,2024-10-06,West,Ahmedabad,Rohan Mehta,Individual,Paid Social,33,426.37,3,No,,,Price Too High
LEAD001713,2024-10-06,North,Delhi,Aarav Sharma,Individual,Organic Search,29,78.29,3,No,,,Competitor Chosen
LEAD001714,2024-10-06,West,Ahmedabad,Rohan Mehta,Individual,Google Ads,83,604.48,1,No,,,Competitor Chosen
LEAD001715,2024-10-06,West,Mumbai,Meera Joshi,Individual,Google Ads,45,698.83,3,Yes,2024-10-22,16,
LEAD001716,2024-10-06,West,Pune,Dev Patel,Individual,Organic Search,50,87.51,6,No,,,Competitor Chosen
LEAD001717,2024-10-06,South,Chennai,Isha Reddy,Individual,Google Ads,58,599.22,6,No,,,Budget Delayed
LEAD001718,2024-10-07,East,Kolkata,Vikram Sen,Individual,Organic Search,70,87.80,6,No,,,Competitor Chosen
LEAD001719,2024-10-07,North,Jaipur,Aarav Sharma,Individual,Organic Search,49,83.15,4,Yes,2024-11-01,25,
LEAD001720,2024-10-07,South,Hyderabad,Sneha Rao,Individual,Paid Social,40,444.95,2,Yes,2024-10-24,17,
LEAD001721,2024-10-07,South,Chennai,Isha Reddy,Individual,Organic Search,72,100.72,4,Yes,2024-10-12,5,
LEAD001722,2024-10-07,West,Mumbai,Meera Joshi,Individual,Google Ads,40,597.59,2,No,,,No Response
LEAD001723,2024-10-07,West,Mumbai,Rohan Mehta,Corporate,Corporate Outreach,37,313.28,6,No,,,Price Too High
LEAD001724,2024-10-07,West,Mumbai,Rohan Mehta,Individual,Marketplace,39,195.25,4,No,,,Budget Delayed
LEAD001725,2024-10-07,West,Ahmedabad,Meera Joshi,Individual,Referral,79,132.33,6,No,,,Price Too High
LEAD001726,2024-10-08,West,Ahmedabad,Rohan Mehta,Corporate,Corporate Outreach,36,316.18,6,Yes,2024-10-24,16,
LEAD001727,2024-10-08,South,Hyderabad,Arjun Nair,Individual,Google Ads,42,646.42,6,No,,,Price Too High
LEAD001728,2024-10-08,South,Hyderabad,Arjun Nair,Individual,Organic Search,50,87.62,1,Yes,2024-10-31,23,
LEAD001729,2024-10-08,East,Kolkata,Neha Das,Individual,Organic Search,69,79.57,1,Yes,2024-10-28,20,
LEAD001730,2024-10-08,South,Bengaluru,Isha Reddy,Individual,Paid Social,62,395.38,1,No,,,Price Too High
LEAD001731,2024-10-08,East,Kolkata,Kavya Roy,Individual,Paid Social,64,471.99,1,No,,,No Response
LEAD001732,2024-10-09,West,Pune,Rohan Mehta,SME,Corporate Outreach,22,241.17,4,No,,,Competitor Chosen
LEAD001733,2024-10-09,East,Guwahati,Vikram Sen,Individual,Organic Search,53,77.17,6,No,,,Price Too High
LEAD001734,2024-10-09,South,Hyderabad,Sneha Rao,SME,Organic Search,79,101.50,4,Yes,2024-10-24,15,
LEAD001735,2024-10-09,West,Pune,Rohan Mehta,SME,Organic Search,54,83.46,2,Yes,2024-10-14,5,
LEAD001736,2024-10-09,East,Guwahati,Neha Das,Individual,Marketplace,55,165.76,2,No,,,No Response
LEAD001737,2024-10-09,North,Jaipur,Karan Malhotra,Individual,Walk-in,64,47.36,4,No,,,Price Too High
LEAD001738,2024-10-09,West,Ahmedabad,Rohan Mehta,SME,Organic Search,55,94.91,6,No,,,Price Too High
LEAD001739,2024-10-09,East,Guwahati,Vikram Sen,Individual,Paid Social,58,376.89,5,No,,,Budget Delayed
LEAD001740,2024-10-09,North,Delhi,Karan Malhotra,Individual,Referral,59,129.81,1,Yes,2024-10-17,8,
LEAD001741,2024-10-10,South,Chennai,Arjun Nair,SME,Paid Social,31,467.23,1,No,,,Price Too High
LEAD001742,2024-10-10,North,Lucknow,Priya Verma,Individual,Marketplace,78,206.10,1,Yes,2024-10-17,7,
LEAD001743,2024-10-10,East,Kolkata,Kavya Roy,Individual,Google Ads,62,588.66,2,Yes,2024-10-22,12,
LEAD001744,2024-10-10,West,Pune,Dev Patel,Individual,Organic Search,53,103.46,3,No,,,No Response
LEAD001745,2024-10-10,North,Jaipur,Karan Malhotra,Individual,Organic Search,67,92.26,4,Yes,2024-10-14,4,
LEAD001746,2024-10-10,South,Hyderabad,Isha Reddy,Individual,Marketplace,68,190.38,3,Yes,2024-10-20,10,
LEAD001747,2024-10-10,East,Bhubaneswar,Vikram Sen,Individual,Organic Search,81,101.86,3,Yes,2024-10-26,16,
LEAD001748,2024-10-10,East,Kolkata,Neha Das,SME,Google Ads,56,645.70,4,Yes,2024-10-17,7,
LEAD001749,2024-10-10,North,Delhi,Priya Verma,Individual,Referral,63,102.81,4,Yes,2024-10-11,1,
LEAD001750,2024-10-10,North,Delhi,Karan Malhotra,Corporate,Corporate Outreach,59,292.46,5,Yes,2024-11-11,32,
LEAD001751,2024-10-10,East,Guwahati,Neha Das,Individual,Referral,40,137.30,1,No,,,Not Ready Yet
LEAD001752,2024-10-11,West,Pune,Rohan Mehta,Individual,Marketplace,67,192.07,1,No,,,No Response
LEAD001753,2024-10-11,North,Delhi,Aarav Sharma,Individual,Organic Search,42,91.41,2,Yes,2024-10-20,9,
LEAD001754,2024-10-11,North,Jaipur,Priya Verma,Individual,Google Ads,79,593.57,2,Yes,2024-10-17,6,
LEAD001755,2024-10-11,South,Hyderabad,Sneha Rao,Individual,Organic Search,55,86.57,2,Yes,2024-10-16,5,
LEAD001756,2024-10-11,South,Chennai,Sneha Rao,Individual,Organic Search,39,102.61,3,No,,,Price Too High
LEAD001757,2024-10-11,East,Guwahati,Vikram Sen,SME,Referral,85,106.24,3,Yes,2024-10-18,7,
LEAD001758,2024-10-11,South,Hyderabad,Arjun Nair,Individual,Organic Search,78,79.95,5,No,,,Price Too High
LEAD001759,2024-10-11,West,Ahmedabad,Rohan Mehta,SME,Organic Search,50,93.06,2,No,,,No Response
LEAD001760,2024-10-11,South,Bengaluru,Isha Reddy,SME,Organic Search,87,91.50,4,Yes,2024-10-22,11,
LEAD001761,2024-10-11,South,Bengaluru,Isha Reddy,Individual,Organic Search,73,77.11,2,Yes,2024-11-01,21,
LEAD001762,2024-10-11,North,Delhi,Karan Malhotra,Individual,Marketplace,67,194.86,2,No,,,No Response
LEAD001763,2024-10-11,North,Delhi,Aarav Sharma,SME,Walk-in,71,48.54,2,No,,,Budget Delayed
LEAD001764,2024-10-12,South,Bengaluru,Arjun Nair,Individual,Marketplace,48,178.95,3,No,,,Competitor Chosen
LEAD001765,2024-10-12,South,Hyderabad,Arjun Nair,Individual,Marketplace,73,200.80,5,No,,,Competitor Chosen
LEAD001766,2024-10-12,West,Mumbai,Dev Patel,SME,Paid Social,53,408.27,6,No,,,Price Too High
LEAD001767,2024-10-12,West,Mumbai,Meera Joshi,Individual,Marketplace,69,185.34,2,Yes,2024-10-14,2,
LEAD001768,2024-10-12,West,Mumbai,Dev Patel,Individual,Google Ads,64,616.08,5,No,,,No Response
LEAD001769,2024-10-12,West,Pune,Dev Patel,Individual,Google Ads,55,690.02,2,No,,,No Response
LEAD001770,2024-10-12,North,Delhi,Aarav Sharma,Individual,Organic Search,74,90.33,3,Yes,2024-10-20,8,
LEAD001771,2024-10-12,South,Bengaluru,Arjun Nair,Individual,Google Ads,55,587.94,4,No,,,Competitor Chosen
LEAD001772,2024-10-12,West,Pune,Dev Patel,Corporate,Corporate Outreach,44,239.26,5,No,,,Budget Delayed
LEAD001773,2024-10-12,North,Delhi,Aarav Sharma,Individual,Walk-in,59,47.88,6,No,,,Competitor Chosen
LEAD001774,2024-10-12,East,Guwahati,Neha Das,Individual,Marketplace,66,164.13,2,Yes,2024-10-19,7,
LEAD001775,2024-10-12,North,Lucknow,Karan Malhotra,Individual,Organic Search,73,89.61,1,Yes,2024-10-19,7,
LEAD001776,2024-10-13,East,Bhubaneswar,Vikram Sen,Individual,Organic Search,43,86.20,2,No,,,Not Ready Yet
LEAD001777,2024-10-13,North,Delhi,Priya Verma,Individual,Organic Search,75,96.79,3,Yes,2024-10-19,6,
LEAD001778,2024-10-13,East,Kolkata,Vikram Sen,Individual,Paid Social,30,385.01,3,No,,,Price Too High
LEAD001779,2024-10-13,West,Pune,Rohan Mehta,Individual,Google Ads,58,542.76,4,Yes,2024-11-03,21,
LEAD001780,2024-10-13,North,Delhi,Aarav Sharma,Individual,Paid Social,67,384.36,4,Yes,2024-10-18,5,
LEAD001781,2024-10-13,South,Hyderabad,Isha Reddy,Individual,Referral,88,102.09,3,Yes,2024-10-23,10,
LEAD001782,2024-10-13,West,Ahmedabad,Rohan Mehta,Individual,Google Ads,67,567.40,6,No,,,Budget Delayed
LEAD001783,2024-10-14,South,Bengaluru,Arjun Nair,Individual,Paid Social,69,402.86,4,Yes,2024-10-26,12,
LEAD001784,2024-10-14,South,Chennai,Arjun Nair,Individual,Walk-in,48,51.71,3,No,,,Price Too High
LEAD001785,2024-10-14,East,Guwahati,Kavya Roy,Individual,Paid Social,76,426.25,3,No,,,Price Too High
LEAD001786,2024-10-14,East,Kolkata,Vikram Sen,Individual,Paid Social,48,427.01,6,No,,,Competitor Chosen
LEAD001787,2024-10-14,North,Jaipur,Karan Malhotra,Individual,Organic Search,58,77.15,4,Yes,2024-11-05,22,
LEAD001788,2024-10-14,South,Hyderabad,Arjun Nair,Individual,Google Ads,80,549.90,4,Yes,2024-11-06,23,
LEAD001789,2024-10-15,West,Mumbai,Rohan Mehta,Individual,Referral,62,105.02,4,Yes,2024-10-19,4,
LEAD001790,2024-10-15,North,Delhi,Priya Verma,Individual,Organic Search,36,85.59,2,No,,,No Response
LEAD001791,2024-10-15,East,Bhubaneswar,Kavya Roy,Individual,Referral,82,117.74,3,Yes,2024-10-18,3,
LEAD001792,2024-10-15,South,Hyderabad,Arjun Nair,Individual,Organic Search,41,79.29,5,No,,,Competitor Chosen
LEAD001793,2024-10-15,South,Bengaluru,Isha Reddy,Individual,Google Ads,96,544.53,5,No,,,Price Too High
LEAD001794,2024-10-15,South,Chennai,Sneha Rao,SME,Marketplace,76,178.19,4,Yes,2024-10-22,7,
LEAD001795,2024-10-15,West,Ahmedabad,Rohan Mehta,SME,Paid Social,58,393.96,3,No,,,Not Ready Yet
LEAD001796,2024-10-15,South,Bengaluru,Arjun Nair,Individual,Google Ads,41,603.40,5,No,,,No Response
LEAD001797,2024-10-16,West,Pune,Dev Patel,Individual,Organic Search,65,87.48,1,No,,,Price Too High
LEAD001798,2024-10-16,North,Delhi,Priya Verma,Individual,Marketplace,39,210.45,3,Yes,2024-10-23,7,
LEAD001799,2024-10-16,North,Jaipur,Priya Verma,SME,Marketplace,74,201.52,3,Yes,2024-10-20,4,
LEAD001800,2024-10-16,South,Hyderabad,Sneha Rao,Individual,Marketplace,41,167.78,1,No,,,Price Too High
LEAD001801,2024-10-16,West,Ahmedabad,Meera Joshi,SME,Organic Search,60,84.25,1,Yes,2024-11-04,19,
LEAD001802,2024-10-17,West,Pune,Dev Patel,Individual,Marketplace,45,201.29,3,Yes,2024-10-31,14,
LEAD001803,2024-10-17,North,Delhi,Aarav Sharma,Individual,Paid Social,66,390.41,2,No,,,Budget Delayed
LEAD001804,2024-10-17,South,Chennai,Isha Reddy,Individual,Paid Social,62,484.51,3,No,,,Price Too High
LEAD001805,2024-10-17,West,Ahmedabad,Meera Joshi,Individual,Organic Search,42,76.62,5,No,,,No Response
LEAD001806,2024-10-17,North,Delhi,Aarav Sharma,Individual,Marketplace,41,190.19,3,Yes,2024-10-29,12,
LEAD001807,2024-10-17,North,Delhi,Priya Verma,SME,Corporate Outreach,71,239.93,4,Yes,2024-11-02,16,
LEAD001808,2024-10-18,South,Bengaluru,Isha Reddy,Individual,Google Ads,96,565.47,6,No,,,Price Too High
LEAD001809,2024-10-18,North,Delhi,Karan Malhotra,Individual,Marketplace,81,213.78,3,Yes,2024-10-19,1,
LEAD001810,2024-10-18,North,Jaipur,Aarav Sharma,Individual,Organic Search,38,101.02,1,Yes,2024-10-31,13,
LEAD001811,2024-10-18,East,Kolkata,Kavya Roy,Corporate,Google Ads,86,591.17,4,Yes,2024-11-02,15,
LEAD001812,2024-10-18,East,Bhubaneswar,Kavya Roy,Individual,Paid Social,68,402.37,1,Yes,2024-11-05,18,
LEAD001813,2024-10-18,South,Bengaluru,Sneha Rao,Individual,Organic Search,31,99.01,2,Yes,2024-11-10,23,
LEAD001814,2024-10-18,North,Jaipur,Aarav Sharma,Individual,Referral,83,114.68,3,Yes,2024-10-26,8,
LEAD001815,2024-10-18,North,Delhi,Karan Malhotra,Individual,Marketplace,44,209.43,4,Yes,2024-10-20,2,
LEAD001816,2024-10-18,West,Mumbai,Rohan Mehta,Corporate,Referral,64,134.83,7,Yes,2024-11-24,37,
LEAD001817,2024-10-19,North,Lucknow,Karan Malhotra,Individual,Referral,72,120.57,3,Yes,2024-10-21,2,
LEAD001818,2024-10-19,West,Ahmedabad,Dev Patel,Corporate,Corporate Outreach,80,270.37,4,No,,,Budget Delayed
LEAD001819,2024-10-19,West,Pune,Dev Patel,Individual,Organic Search,43,85.49,1,Yes,2024-10-31,12,
LEAD001820,2024-10-19,East,Kolkata,Vikram Sen,Individual,Referral,74,113.78,4,Yes,2024-10-25,6,
LEAD001821,2024-10-19,South,Hyderabad,Sneha Rao,Individual,Google Ads,58,556.62,5,No,,,Price Too High
LEAD001822,2024-10-19,West,Mumbai,Meera Joshi,SME,Walk-in,79,52.72,1,Yes,2024-10-20,1,
LEAD001823,2024-10-19,West,Mumbai,Meera Joshi,Individual,Paid Social,53,467.24,2,No,,,Price Too High
LEAD001824,2024-10-19,West,Mumbai,Meera Joshi,Individual,Walk-in,56,46.33,2,Yes,2024-10-28,9,
LEAD001825,2024-10-19,North,Delhi,Karan Malhotra,SME,Organic Search,70,82.94,4,No,,,Price Too High
LEAD001826,2024-10-20,South,Hyderabad,Sneha Rao,Corporate,Corporate Outreach,70,298.65,4,No,,,Price Too High
LEAD001827,2024-10-20,North,Delhi,Aarav Sharma,Individual,Referral,74,106.35,1,Yes,2024-10-28,8,
LEAD001828,2024-10-20,South,Bengaluru,Arjun Nair,Individual,Walk-in,72,42.52,2,Yes,2024-10-27,7,
LEAD001829,2024-10-20,South,Bengaluru,Sneha Rao,Individual,Organic Search,76,89.70,3,Yes,2024-10-31,11,
LEAD001830,2024-10-20,East,Guwahati,Neha Das,SME,Referral,89,137.48,4,Yes,2024-10-31,11,
LEAD001831,2024-10-20,North,Jaipur,Karan Malhotra,SME,Corporate Outreach,49,289.23,4,No,,,No Response
LEAD001832,2024-10-20,West,Mumbai,Meera Joshi,Individual,Organic Search,40,99.58,6,No,,,No Response
LEAD001833,2024-10-20,North,Lucknow,Aarav Sharma,Individual,Referral,86,126.56,4,Yes,2024-10-23,3,
LEAD001834,2024-10-21,West,Ahmedabad,Dev Patel,Individual,Referral,94,129.37,1,Yes,2024-10-23,2,
LEAD001835,2024-10-21,North,Jaipur,Aarav Sharma,Individual,Google Ads,53,673.68,1,No,,,No Response
LEAD001836,2024-10-21,South,Bengaluru,Arjun Nair,Individual,Referral,87,117.09,2,Yes,2024-10-28,7,
LEAD001837,2024-10-21,North,Delhi,Priya Verma,Individual,Paid Social,55,476.89,3,No,,,Competitor Chosen
LEAD001838,2024-10-21,East,Kolkata,Neha Das,Individual,Paid Social,64,442.92,1,Yes,2024-11-07,17,
LEAD001839,2024-10-21,North,Jaipur,Priya Verma,Individual,Walk-in,28,48.31,4,No,,,Not Ready Yet
LEAD001840,2024-10-21,North,Lucknow,Aarav Sharma,Individual,Organic Search,84,98.57,4,No,,,Competitor Chosen
LEAD001841,2024-10-22,West,Mumbai,Dev Patel,Individual,Google Ads,43,619.64,2,No,,,Not Ready Yet
LEAD001842,2024-10-22,North,Delhi,Aarav Sharma,Individual,Walk-in,83,52.46,4,Yes,2024-10-23,1,
LEAD001843,2024-10-22,North,Jaipur,Priya Verma,SME,Google Ads,41,619.16,2,Yes,2024-10-30,8,
LEAD001844,2024-10-22,North,Lucknow,Aarav Sharma,SME,Corporate Outreach,47,264.90,2,No,,,Not Ready Yet
LEAD001845,2024-10-22,West,Pune,Rohan Mehta,Individual,Referral,70,128.01,1,Yes,2024-10-23,1,
LEAD001846,2024-10-22,South,Hyderabad,Isha Reddy,Individual,Organic Search,49,98.36,1,Yes,2024-10-27,5,
LEAD001847,2024-10-22,West,Ahmedabad,Rohan Mehta,Individual,Referral,78,133.71,1,No,,,No Response
LEAD001848,2024-10-22,South,Bengaluru,Isha Reddy,Individual,Walk-in,53,52.00,2,Yes,2024-10-27,5,
LEAD001849,2024-10-23,West,Mumbai,Meera Joshi,Individual,Paid Social,41,452.49,2,No,,,Not Ready Yet
LEAD001850,2024-10-23,West,Mumbai,Dev Patel,Individual,Paid Social,38,474.74,3,No,,,Budget Delayed
LEAD001851,2024-10-23,South,Chennai,Sneha Rao,Individual,Walk-in,62,52.62,2,Yes,2024-11-01,9,
LEAD001852,2024-10-23,South,Bengaluru,Isha Reddy,Individual,Marketplace,57,217.29,5,No,,,No Response
LEAD001853,2024-10-23,North,Jaipur,Aarav Sharma,SME,Organic Search,48,93.99,6,No,,,Not Ready Yet
LEAD001854,2024-10-23,South,Bengaluru,Arjun Nair,Individual,Referral,71,116.33,4,Yes,2024-10-31,8,
LEAD001855,2024-10-23,East,Bhubaneswar,Kavya Roy,SME,Google Ads,72,531.57,6,No,,,Competitor Chosen
LEAD001856,2024-10-23,South,Hyderabad,Isha Reddy,Individual,Marketplace,50,185.73,2,Yes,2024-10-26,3,
LEAD001857,2024-10-23,West,Pune,Dev Patel,Individual,Paid Social,46,407.41,4,No,,,Not Ready Yet
LEAD001858,2024-10-24,North,Lucknow,Karan Malhotra,Individual,Referral,50,122.91,1,No,,,No Response
LEAD001859,2024-10-24,North,Delhi,Karan Malhotra,Individual,Google Ads,45,597.71,4,Yes,2024-11-05,12,
LEAD001860,2024-10-24,North,Lucknow,Karan Malhotra,Individual,Walk-in,46,56.28,1,Yes,2024-10-25,1,
LEAD001861,2024-10-24,East,Kolkata,Neha Das,Individual,Marketplace,44,208.41,5,No,,,Price Too High
LEAD001862,2024-10-24,South,Chennai,Arjun Nair,SME,Google Ads,69,541.93,4,Yes,2024-11-12,19,
LEAD001863,2024-10-24,North,Lucknow,Karan Malhotra,Individual,Organic Search,42,83.57,2,Yes,2024-11-14,21,
LEAD001864,2024-10-24,South,Hyderabad,Isha Reddy,Corporate,Referral,44,137.73,3,No,,,Competitor Chosen
LEAD001865,2024-10-24,South,Hyderabad,Sneha Rao,Individual,Organic Search,82,93.88,1,Yes,2024-10-26,2,
LEAD001866,2024-10-24,West,Pune,Meera Joshi,Individual,Paid Social,71,442.99,4,No,,,Competitor Chosen
LEAD001867,2024-10-24,North,Delhi,Aarav Sharma,SME,Paid Social,54,370.90,4,No,,,Price Too High
LEAD001868,2024-10-24,South,Hyderabad,Sneha Rao,Individual,Organic Search,65,94.08,4,Yes,2024-10-31,7,
LEAD001869,2024-10-24,West,Mumbai,Dev Patel,Individual,Google Ads,81,619.04,3,Yes,2024-10-26,2,
LEAD001870,2024-10-25,South,Bengaluru,Isha Reddy,SME,Google Ads,49,602.89,5,No,,,No Response
LEAD001871,2024-10-25,South,Hyderabad,Sneha Rao,SME,Referral,55,109.88,3,Yes,2024-10-30,5,
LEAD001872,2024-10-25,West,Mumbai,Meera Joshi,Individual,Marketplace,58,181.67,6,No,,,Budget Delayed
LEAD001873,2024-10-25,South,Bengaluru,Isha Reddy,SME,Referral,70,114.71,6,No,,,Not Ready Yet
LEAD001874,2024-10-25,West,Pune,Rohan Mehta,SME,Marketplace,39,191.00,3,Yes,2024-11-01,7,
LEAD001875,2024-10-25,North,Delhi,Karan Malhotra,SME,Referral,64,110.77,3,Yes,2024-11-04,10,
LEAD001876,2024-10-25,South,Hyderabad,Isha Reddy,Individual,Referral,65,133.37,2,Yes,2024-10-30,5,
LEAD001877,2024-10-26,South,Chennai,Isha Reddy,Individual,Paid Social,37,412.09,3,No,,,Budget Delayed
LEAD001878,2024-10-26,South,Hyderabad,Isha Reddy,Individual,Paid Social,73,390.92,1,No,,,Price Too High
LEAD001879,2024-10-26,North,Lucknow,Karan Malhotra,SME,Referral,60,132.40,4,No,,,Not Ready Yet
LEAD001880,2024-10-26,South,Bengaluru,Arjun Nair,Individual,Marketplace,42,165.12,1,Yes,2024-11-04,9,
LEAD001881,2024-10-26,North,Jaipur,Priya Verma,Individual,Organic Search,73,94.26,1,Yes,2024-11-07,12,
LEAD001882,2024-10-26,East,Kolkata,Vikram Sen,Individual,Marketplace,75,205.49,3,Yes,2024-11-03,8,
LEAD001883,2024-10-26,South,Chennai,Sneha Rao,SME,Walk-in,64,44.18,1,Yes,2024-11-07,12,
LEAD001884,2024-10-27,North,Delhi,Aarav Sharma,Individual,Marketplace,46,208.08,4,Yes,2024-10-30,3,
LEAD001885,2024-10-27,North,Delhi,Karan Malhotra,Individual,Organic Search,54,82.53,4,Yes,2024-11-09,13,
LEAD001886,2024-10-27,North,Jaipur,Priya Verma,Individual,Google Ads,51,708.68,4,Yes,2024-11-18,22,
LEAD001887,2024-10-27,South,Chennai,Isha Reddy,Individual,Google Ads,72,593.49,3,No,,,No Response
LEAD001888,2024-10-27,South,Bengaluru,Arjun Nair,Individual,Marketplace,67,192.50,2,Yes,2024-11-04,8,
LEAD001889,2024-10-27,North,Delhi,Aarav Sharma,Individual,Google Ads,66,596.67,4,Yes,2024-11-08,12,
LEAD001890,2024-10-27,West,Pune,Dev Patel,Individual,Paid Social,52,369.21,2,No,,,Budget Delayed
LEAD001891,2024-10-27,North,Delhi,Karan Malhotra,Individual,Organic Search,28,98.97,2,No,,,Price Too High
LEAD001892,2024-10-27,North,Lucknow,Aarav Sharma,Corporate,Referral,47,135.88,4,No,,,Budget Delayed
LEAD001893,2024-10-28,West,Mumbai,Meera Joshi,SME,Marketplace,25,186.62,4,Yes,2024-11-08,11,
LEAD001894,2024-10-28,South,Bengaluru,Sneha Rao,Corporate,Corporate Outreach,49,282.57,5,No,,,Not Ready Yet
LEAD001895,2024-10-28,North,Jaipur,Aarav Sharma,Individual,Referral,79,115.19,3,Yes,2024-11-04,7,
LEAD001896,2024-10-28,South,Bengaluru,Sneha Rao,SME,Google Ads,63,594.30,4,Yes,2024-11-03,6,
LEAD001897,2024-10-28,West,Mumbai,Rohan Mehta,Individual,Organic Search,55,81.74,3,Yes,2024-11-08,11,
LEAD001898,2024-10-28,North,Lucknow,Aarav Sharma,Individual,Google Ads,45,674.97,3,No,,,Price Too High
LEAD001899,2024-10-29,East,Bhubaneswar,Vikram Sen,Individual,Paid Social,30,453.65,1,No,,,No Response
LEAD001900,2024-10-29,North,Jaipur,Priya Verma,Individual,Google Ads,60,696.20,3,No,,,Budget Delayed
LEAD001901,2024-10-29,North,Delhi,Aarav Sharma,SME,Organic Search,39,93.20,4,No,,,Price Too High
LEAD001902,2024-10-29,North,Jaipur,Aarav Sharma,Individual,Marketplace,41,187.75,4,No,,,Price Too High
LEAD001903,2024-10-30,South,Bengaluru,Sneha Rao,Individual,Paid Social,45,442.24,3,No,,,No Response
LEAD001904,2024-10-30,South,Chennai,Arjun Nair,SME,Organic Search,42,98.34,1,Yes,2024-11-02,3,
LEAD001905,2024-10-30,North,Delhi,Karan Malhotra,Individual,Walk-in,58,47.15,2,No,,,Budget Delayed
LEAD001906,2024-10-30,West,Mumbai,Dev Patel,Individual,Google Ads,75,671.91,1,No,,,Price Too High
LEAD001907,2024-10-30,North,Jaipur,Karan Malhotra,SME,Google Ads,51,659.24,6,No,,,Price Too High
LEAD001908,2024-10-30,North,Lucknow,Karan Malhotra,Individual,Organic Search,42,88.55,5,No,,,Competitor Chosen
LEAD001909,2024-10-30,North,Lucknow,Priya Verma,Individual,Google Ads,53,545.33,1,Yes,2024-11-05,6,
LEAD001910,2024-10-30,West,Pune,Meera Joshi,SME,Organic Search,62,96.24,6,No,,,Price Too High
LEAD001911,2024-10-30,East,Bhubaneswar,Kavya Roy,Individual,Walk-in,44,52.23,1,Yes,2024-11-08,9,
LEAD001912,2024-10-30,South,Chennai,Isha Reddy,Individual,Organic Search,66,94.00,5,No,,,Competitor Chosen
LEAD001913,2024-10-31,West,Mumbai,Rohan Mehta,Individual,Organic Search,56,88.83,4,No,,,Not Ready Yet
LEAD001914,2024-10-31,West,Mumbai,Meera Joshi,SME,Organic Search,81,79.31,3,Yes,2024-11-19,19,
LEAD001915,2024-10-31,North,Delhi,Priya Verma,Individual,Organic Search,62,83.51,6,No,,,No Response
LEAD001916,2024-10-31,West,Pune,Rohan Mehta,Individual,Google Ads,33,611.35,1,No,,,Competitor Chosen
LEAD001917,2024-10-31,West,Mumbai,Meera Joshi,SME,Marketplace,49,209.75,2,Yes,2024-11-13,13,
LEAD001918,2024-10-31,North,Delhi,Aarav Sharma,Individual,Google Ads,37,701.83,4,No,,,Competitor Chosen
LEAD001919,2024-10-31,West,Pune,Meera Joshi,Individual,Paid Social,63,459.60,2,Yes,2024-11-03,3,
LEAD001920,2024-10-31,North,Jaipur,Karan Malhotra,SME,Google Ads,44,673.47,1,No,,,No Response
LEAD001921,2024-10-31,East,Kolkata,Neha Das,Individual,Organic Search,51,97.54,4,Yes,2024-11-16,16,
LEAD001922,2024-10-31,South,Bengaluru,Isha Reddy,Individual,Organic Search,79,103.24,4,Yes,2024-11-05,5,
LEAD001923,2024-10-31,South,Bengaluru,Arjun Nair,Individual,Organic Search,57,90.28,5,No,,,No Response
LEAD001924,2024-11-01,West,Mumbai,Meera Joshi,Individual,Walk-in,71,50.62,3,Yes,2024-11-02,1,
LEAD001925,2024-11-01,West,Pune,Dev Patel,Individual,Referral,63,130.06,2,Yes,2024-11-04,3,
LEAD001926,2024-11-01,South,Chennai,Sneha Rao,Individual,Organic Search,52,82.52,4,No,,,No Response
LEAD001927,2024-11-01,North,Lucknow,Aarav Sharma,Individual,Marketplace,62,190.77,2,Yes,2024-11-04,3,
LEAD001928,2024-11-01,North,Delhi,Aarav Sharma,Individual,Paid Social,58,487.53,5,No,,,Budget Delayed
LEAD001929,2024-11-01,South,Chennai,Arjun Nair,Individual,Paid Social,32,439.88,6,No,,,No Response
LEAD001930,2024-11-01,East,Bhubaneswar,Neha Das,Individual,Organic Search,40,89.74,1,Yes,2024-11-07,6,
LEAD001931,2024-11-01,North,Jaipur,Priya Verma,SME,Corporate Outreach,42,321.57,5,No,,,Competitor Chosen
LEAD001932,2024-11-01,East,Kolkata,Vikram Sen,Individual,Referral,85,116.63,3,Yes,2024-11-15,14,
LEAD001933,2024-11-01,North,Lucknow,Aarav Sharma,SME,Organic Search,21,96.61,4,No,,,Budget Delayed
LEAD001934,2024-11-01,South,Bengaluru,Isha Reddy,Individual,Paid Social,62,376.94,5,No,,,No Response
LEAD001935,2024-11-01,South,Bengaluru,Isha Reddy,SME,Walk-in,61,44.21,1,Yes,2024-11-04,3,
LEAD001936,2024-11-01,North,Lucknow,Priya Verma,Individual,Marketplace,54,168.05,2,Yes,2024-11-14,13,
LEAD001937,2024-11-01,North,Lucknow,Aarav Sharma,Individual,Organic Search,61,92.12,5,No,,,No Response
LEAD001938,2024-11-01,South,Bengaluru,Isha Reddy,Individual,Organic Search,52,96.74,2,No,,,Competitor Chosen
LEAD001939,2024-11-01,West,Ahmedabad,Dev Patel,Individual,Referral,88,107.51,1,Yes,2024-11-11,10,
LEAD001940,2024-11-02,South,Chennai,Sneha Rao,Individual,Organic Search,42,98.34,3,No,,,Price Too High
LEAD001941,2024-11-02,North,Jaipur,Karan Malhotra,Individual,Paid Social,68,477.43,3,No,,,Budget Delayed
LEAD001942,2024-11-02,East,Guwahati,Vikram Sen,SME,Corporate Outreach,43,248.21,4,No,,,Budget Delayed
LEAD001943,2024-11-02,West,Mumbai,Dev Patel,Individual,Google Ads,68,585.39,3,No,,,Price Too High
LEAD001944,2024-11-02,North,Delhi,Aarav Sharma,Individual,Walk-in,36,54.13,3,Yes,2024-11-09,7,
LEAD001945,2024-11-02,South,Hyderabad,Arjun Nair,Individual,Google Ads,72,697.13,3,Yes,2024-11-24,22,
LEAD001946,2024-11-02,North,Lucknow,Karan Malhotra,Individual,Organic Search,44,85.37,2,Yes,2024-11-19,17,
LEAD001947,2024-11-03,East,Guwahati,Neha Das,Individual,Organic Search,65,88.73,2,No,,,Not Ready Yet
LEAD001948,2024-11-03,West,Mumbai,Meera Joshi,Individual,Referral,58,113.00,6,No,,,Not Ready Yet
LEAD001949,2024-11-03,South,Hyderabad,Isha Reddy,SME,Google Ads,51,677.54,6,No,,,Price Too High
LEAD001950,2024-11-03,West,Ahmedabad,Rohan Mehta,SME,Paid Social,36,435.71,1,No,,,Price Too High
LEAD001951,2024-11-03,South,Bengaluru,Arjun Nair,Individual,Walk-in,30,44.86,1,Yes,2024-11-14,11,
LEAD001952,2024-11-03,North,Lucknow,Priya Verma,Individual,Referral,56,106.25,1,Yes,2024-11-09,6,
LEAD001953,2024-11-03,South,Hyderabad,Sneha Rao,Corporate,Corporate Outreach,54,267.53,1,No,,,No Response
LEAD001954,2024-11-03,South,Hyderabad,Sneha Rao,SME,Paid Social,73,404.21,2,Yes,2024-11-25,22,
LEAD001955,2024-11-03,West,Mumbai,Dev Patel,Individual,Paid Social,59,448.45,1,Yes,2024-11-07,4,
LEAD001956,2024-11-03,West,Mumbai,Meera Joshi,Individual,Paid Social,39,388.01,1,No,,,Competitor Chosen
LEAD001957,2024-11-03,West,Pune,Meera Joshi,Individual,Marketplace,49,174.71,2,Yes,2024-11-09,6,
LEAD001958,2024-11-03,West,Pune,Rohan Mehta,SME,Walk-in,62,51.63,2,Yes,2024-11-16,13,
LEAD001959,2024-11-04,North,Jaipur,Aarav Sharma,SME,Google Ads,53,605.98,4,Yes,2024-11-06,2,
LEAD001960,2024-11-04,North,Jaipur,Priya Verma,Individual,Organic Search,78,102.21,2,Yes,2024-11-22,18,
LEAD001961,2024-11-04,North,Jaipur,Aarav Sharma,Corporate,Organic Search,34,88.24,5,Yes,2024-11-14,10,
LEAD001962,2024-11-04,South,Chennai,Sneha Rao,Individual,Referral,87,121.96,2,Yes,2024-11-14,10,
LEAD001963,2024-11-04,West,Pune,Rohan Mehta,Individual,Walk-in,45,56.54,5,No,,,Competitor Chosen
LEAD001964,2024-11-04,South,Chennai,Isha Reddy,Individual,Marketplace,51,175.68,6,No,,,Not Ready Yet
LEAD001965,2024-11-04,West,Ahmedabad,Meera Joshi,Individual,Organic Search,34,88.86,3,No,,,Price Too High
LEAD001966,2024-11-04,South,Hyderabad,Sneha Rao,Individual,Referral,48,121.82,2,Yes,2024-11-09,5,
LEAD001967,2024-11-04,East,Kolkata,Neha Das,Corporate,Organic Search,46,92.40,4,No,,,No Response
LEAD001968,2024-11-04,South,Bengaluru,Sneha Rao,Individual,Organic Search,48,99.81,6,No,,,Price Too High
LEAD001969,2024-11-04,South,Hyderabad,Sneha Rao,SME,Walk-in,63,46.41,2,No,,,Budget Delayed
LEAD001970,2024-11-05,East,Bhubaneswar,Neha Das,Individual,Google Ads,54,587.60,4,No,,,No Response
LEAD001971,2024-11-05,South,Bengaluru,Isha Reddy,Individual,Marketplace,52,202.72,3,No,,,Competitor Chosen
LEAD001972,2024-11-05,North,Delhi,Aarav Sharma,Corporate,Corporate Outreach,44,265.52,4,No,,,Competitor Chosen
LEAD001973,2024-11-05,East,Guwahati,Neha Das,Individual,Marketplace,42,189.11,2,Yes,2024-11-17,12,
LEAD001974,2024-11-05,West,Mumbai,Dev Patel,SME,Google Ads,37,540.41,4,Yes,2024-11-24,19,
LEAD001975,2024-11-05,South,Hyderabad,Sneha Rao,SME,Marketplace,84,217.38,1,Yes,2024-11-11,6,
LEAD001976,2024-11-05,South,Bengaluru,Arjun Nair,SME,Corporate Outreach,84,311.46,4,Yes,2024-11-12,7,
LEAD001977,2024-11-05,West,Ahmedabad,Rohan Mehta,Individual,Walk-in,58,55.39,4,Yes,2024-11-18,13,
LEAD001978,2024-11-06,South,Chennai,Sneha Rao,Individual,Google Ads,79,670.18,1,Yes,2024-11-10,4,
LEAD001979,2024-11-06,South,Bengaluru,Isha Reddy,Individual,Referral,89,125.14,3,Yes,2024-11-07,1,
LEAD001980,2024-11-06,West,Mumbai,Dev Patel,Individual,Google Ads,71,692.83,1,Yes,2024-11-23,17,
LEAD001981,2024-11-06,West,Pune,Rohan Mehta,Corporate,Organic Search,60,90.23,4,Yes,2024-11-30,24,
LEAD001982,2024-11-06,South,Chennai,Isha Reddy,Individual,Organic Search,70,82.50,2,Yes,2024-11-12,6,
LEAD001983,2024-11-06,West,Pune,Meera Joshi,SME,Marketplace,87,177.46,3,Yes,2024-11-14,8,
LEAD001984,2024-11-06,West,Pune,Meera Joshi,Individual,Paid Social,62,422.84,4,Yes,2024-11-15,9,
LEAD001985,2024-11-06,West,Mumbai,Dev Patel,SME,Referral,79,136.78,4,Yes,2024-11-19,13,
LEAD001986,2024-11-06,South,Hyderabad,Isha Reddy,Individual,Google Ads,46,552.73,3,Yes,2024-11-24,18,
LEAD001987,2024-11-06,West,Mumbai,Dev Patel,Individual,Google Ads,59,613.63,2,No,,,No Response
LEAD001988,2024-11-06,West,Mumbai,Meera Joshi,SME,Organic Search,54,78.67,4,No,,,No Response
LEAD001989,2024-11-07,South,Hyderabad,Arjun Nair,Individual,Google Ads,47,537.82,1,No,,,Competitor Chosen
LEAD001990,2024-11-07,North,Jaipur,Karan Malhotra,SME,Marketplace,59,202.88,3,No,,,No Response
LEAD001991,2024-11-07,North,Jaipur,Karan Malhotra,Individual,Google Ads,84,590.60,4,No,,,No Response
LEAD001992,2024-11-07,North,Delhi,Karan Malhotra,Individual,Paid Social,50,483.59,6,No,,,Competitor Chosen
LEAD001993,2024-11-07,South,Chennai,Sneha Rao,Individual,Organic Search,82,98.50,2,Yes,2024-12-02,25,
LEAD001994,2024-11-07,South,Chennai,Arjun Nair,SME,Organic Search,57,92.47,5,No,,,No Response
LEAD001995,2024-11-07,West,Mumbai,Rohan Mehta,Individual,Organic Search,71,83.97,4,No,,,Budget Delayed
LEAD001996,2024-11-07,West,Mumbai,Meera Joshi,Individual,Paid Social,41,431.43,4,Yes,2024-11-29,22,
LEAD001997,2024-11-07,South,Bengaluru,Arjun Nair,SME,Paid Social,38,456.85,5,No,,,Not Ready Yet
LEAD001998,2024-11-07,North,Delhi,Aarav Sharma,Individual,Google Ads,31,646.39,3,No,,,Price Too High
LEAD001999,2024-11-07,North,Jaipur,Karan Malhotra,Individual,Google Ads,55,686.10,3,Yes,2024-11-22,15,
LEAD002000,2024-11-07,West,Ahmedabad,Dev Patel,Individual,Paid Social,33,372.57,2,No,,,Price Too High
LEAD002001,2024-11-07,North,Lucknow,Karan Malhotra,Individual,Organic Search,41,83.34,1,Yes,2024-11-26,19,
LEAD002002,2024-11-08,South,Hyderabad,Sneha Rao,Individual,Google Ads,59,561.96,1,Yes,2024-11-14,6,
LEAD002003,2024-11-08,South,Bengaluru,Sneha Rao,Corporate,Organic Search,42,93.92,4,Yes,2024-12-18,40,
LEAD002004,2024-11-08,South,Chennai,Isha Reddy,Corporate,Referral,36,135.32,4,No,,,No Response
LEAD002005,2024-11-08,South,Hyderabad,Sneha Rao,Individual,Marketplace,63,181.75,2,Yes,2024-11-09,1,
LEAD002006,2024-11-08,West,Mumbai,Meera Joshi,SME,Referral,63,124.96,3,Yes,2024-11-12,4,
LEAD002007,2024-11-08,South,Hyderabad,Isha Reddy,Individual,Marketplace,59,213.75,1,Yes,2024-11-13,5,
LEAD002008,2024-11-09,East,Bhubaneswar,Neha Das,Individual,Walk-in,53,47.68,1,No,,,No Response
LEAD002009,2024-11-09,South,Bengaluru,Sneha Rao,Corporate,Corporate Outreach,61,298.18,1,No,,,Competitor Chosen
LEAD002010,2024-11-09,North,Delhi,Aarav Sharma,Corporate,Corporate Outreach,76,259.77,2,Yes,2024-12-11,32,
LEAD002011,2024-11-09,South,Chennai,Sneha Rao,Individual,Organic Search,46,102.91,6,No,,,Budget Delayed
LEAD002012,2024-11-09,South,Chennai,Isha Reddy,Corporate,Corporate Outreach,29,254.23,2,No,,,No Response
LEAD002013,2024-11-09,North,Delhi,Karan Malhotra,Individual,Organic Search,84,102.21,1,Yes,2024-11-17,8,
LEAD002014,2024-11-09,West,Mumbai,Rohan Mehta,SME,Google Ads,73,651.94,1,Yes,2024-11-28,19,
LEAD002015,2024-11-09,North,Delhi,Karan Malhotra,Individual,Referral,57,110.55,4,Yes,2024-11-16,7,
LEAD002016,2024-11-09,South,Bengaluru,Arjun Nair,Individual,Paid Social,77,383.74,5,No,,,Competitor Chosen
LEAD002017,2024-11-09,East,Guwahati,Kavya Roy,Individual,Organic Search,38,77.12,6,No,,,Budget Delayed
LEAD002018,2024-11-09,East,Guwahati,Kavya Roy,Individual,Referral,77,104.12,1,Yes,2024-11-11,2,
LEAD002019,2024-11-09,South,Chennai,Isha Reddy,SME,Walk-in,64,44.62,1,No,,,No Response
LEAD002020,2024-11-09,South,Chennai,Sneha Rao,Individual,Referral,75,108.14,4,Yes,2024-11-20,11,
LEAD002021,2024-11-10,South,Chennai,Isha Reddy,SME,Corporate Outreach,67,300.64,1,Yes,2024-11-30,20,
LEAD002022,2024-11-10,North,Jaipur,Aarav Sharma,Individual,Referral,67,106.66,6,No,,,No Response
LEAD002023,2024-11-10,North,Jaipur,Aarav Sharma,Individual,Organic Search,95,93.12,3,Yes,2024-11-20,10,
LEAD002024,2024-11-10,South,Bengaluru,Sneha Rao,Individual,Marketplace,65,178.33,1,Yes,2024-11-16,6,
LEAD002025,2024-11-10,North,Jaipur,Aarav Sharma,Individual,Marketplace,78,162.41,4,Yes,2024-11-13,3,
LEAD002026,2024-11-10,West,Mumbai,Rohan Mehta,Individual,Marketplace,40,206.14,4,Yes,2024-11-11,1,
LEAD002027,2024-11-10,South,Chennai,Arjun Nair,Individual,Walk-in,50,46.36,1,Yes,2024-11-22,12,
LEAD002028,2024-11-10,North,Jaipur,Karan Malhotra,Individual,Google Ads,38,533.56,6,No,,,No Response
LEAD002029,2024-11-10,East,Kolkata,Neha Das,Individual,Organic Search,40,100.26,5,No,,,No Response
LEAD002030,2024-11-10,West,Pune,Dev Patel,Individual,Google Ads,56,604.50,1,Yes,2024-12-03,23,
LEAD002031,2024-11-10,North,Lucknow,Karan Malhotra,Individual,Organic Search,77,101.40,1,Yes,2024-11-24,14,
LEAD002032,2024-11-10,West,Pune,Dev Patel,SME,Corporate Outreach,71,256.00,1,Yes,2024-11-30,20,
LEAD002033,2024-11-10,North,Delhi,Karan Malhotra,SME,Marketplace,31,171.10,6,No,,,Price Too High
LEAD002034,2024-11-10,South,Bengaluru,Sneha Rao,Individual,Walk-in,54,56.86,1,Yes,2024-11-23,13,
LEAD002035,2024-11-11,North,Delhi,Karan Malhotra,Individual,Google Ads,78,679.53,1,Yes,2024-12-03,22,
LEAD002036,2024-11-11,West,Mumbai,Dev Patel,SME,Referral,79,131.33,4,Yes,2024-11-16,5,
LEAD002037,2024-11-11,West,Ahmedabad,Meera Joshi,Individual,Referral,58,108.68,6,No,,,No Response
LEAD002038,2024-11-11,East,Kolkata,Vikram Sen,SME,Corporate Outreach,53,250.96,1,No,,,No Response
LEAD002039,2024-11-11,West,Mumbai,Dev Patel,Individual,Paid Social,49,447.95,4,No,,,Not Ready Yet
LEAD002040,2024-11-11,West,Pune,Meera Joshi,Individual,Walk-in,35,51.12,3,Yes,2024-11-16,5,
LEAD002041,2024-11-11,South,Hyderabad,Sneha Rao,Individual,Google Ads,68,638.54,3,Yes,2024-11-24,13,
LEAD002042,2024-11-11,North,Jaipur,Karan Malhotra,Individual,Paid Social,86,453.97,3,No,,,Price Too High
LEAD002043,2024-11-12,South,Bengaluru,Isha Reddy,Individual,Marketplace,72,206.52,1,Yes,2024-11-14,2,
LEAD002044,2024-11-12,South,Hyderabad,Arjun Nair,Individual,Referral,59,129.63,1,Yes,2024-11-18,6,
LEAD002045,2024-11-12,South,Hyderabad,Sneha Rao,Individual,Paid Social,44,392.14,1,No,,,Competitor Chosen
LEAD002046,2024-11-12,South,Chennai,Sneha Rao,SME,Paid Social,46,463.36,1,Yes,2024-11-15,3,
LEAD002047,2024-11-12,West,Pune,Dev Patel,Individual,Marketplace,69,205.52,6,No,,,Price Too High
LEAD002048,2024-11-12,South,Hyderabad,Arjun Nair,Individual,Paid Social,67,455.05,3,No,,,No Response
LEAD002049,2024-11-12,East,Bhubaneswar,Kavya Roy,Corporate,Corporate Outreach,60,309.76,1,No,,,Price Too High
LEAD002050,2024-11-12,South,Hyderabad,Sneha Rao,Individual,Marketplace,48,167.45,4,Yes,2024-11-24,12,
LEAD002051,2024-11-12,West,Mumbai,Meera Joshi,SME,Google Ads,30,686.18,4,Yes,2024-11-27,15,
LEAD002052,2024-11-12,East,Guwahati,Neha Das,Individual,Organic Search,41,96.73,3,Yes,2024-12-04,22,
LEAD002053,2024-11-12,West,Pune,Meera Joshi,Individual,Organic Search,50,88.50,4,Yes,2024-11-25,13,
LEAD002054,2024-11-12,South,Chennai,Isha Reddy,Individual,Organic Search,52,96.01,3,No,,,Not Ready Yet
LEAD002055,2024-11-13,South,Hyderabad,Isha Reddy,Individual,Google Ads,75,543.62,2,Yes,2024-11-25,12,
LEAD002056,2024-11-13,North,Delhi,Priya Verma,Individual,Referral,68,112.39,3,Yes,2024-11-24,11,
LEAD002057,2024-11-13,West,Pune,Dev Patel,SME,Organic Search,44,101.83,5,No,,,Competitor Chosen
LEAD002058,2024-11-13,South,Bengaluru,Arjun Nair,Individual,Organic Search,59,79.09,6,No,,,No Response
LEAD002059,2024-11-13,West,Ahmedabad,Meera Joshi,Individual,Organic Search,76,90.47,2,Yes,2024-12-06,23,
LEAD002060,2024-11-13,South,Hyderabad,Arjun Nair,Individual,Paid Social,42,370.23,3,No,,,Competitor Chosen
LEAD002061,2024-11-13,North,Delhi,Karan Malhotra,Individual,Referral,60,121.33,4,Yes,2024-11-26,13,
LEAD002062,2024-11-13,South,Bengaluru,Arjun Nair,SME,Organic Search,37,97.23,3,Yes,2024-11-15,2,
LEAD002063,2024-11-13,South,Bengaluru,Arjun Nair,Corporate,Referral,63,106.50,4,Yes,2024-12-20,37,
LEAD002064,2024-11-13,North,Delhi,Aarav Sharma,Corporate,Referral,72,112.36,7,Yes,2024-12-05,22,
LEAD002065,2024-11-13,East,Kolkata,Vikram Sen,SME,Walk-in,52,56.93,4,Yes,2024-11-19,6,
LEAD002066,2024-11-13,West,Mumbai,Rohan Mehta,Individual,Referral,49,116.17,4,No,,,No Response
LEAD002067,2024-11-14,West,Pune,Meera Joshi,Individual,Referral,83,121.90,3,Yes,2024-11-20,6,
LEAD002068,2024-11-14,South,Chennai,Isha Reddy,SME,Marketplace,82,208.97,3,Yes,2024-11-24,10,
LEAD002069,2024-11-14,West,Pune,Dev Patel,Individual,Organic Search,65,79.67,3,No,,,Competitor Chosen
LEAD002070,2024-11-14,North,Delhi,Aarav Sharma,SME,Walk-in,25,47.01,3,No,,,No Response
LEAD002071,2024-11-14,West,Mumbai,Dev Patel,Corporate,Corporate Outreach,55,298.51,6,No,,,Competitor Chosen
LEAD002072,2024-11-14,South,Chennai,Arjun Nair,Individual,Google Ads,46,623.39,1,Yes,2024-11-26,12,
LEAD002073,2024-11-14,North,Lucknow,Priya Verma,SME,Paid Social,55,375.54,4,No,,,Price Too High
LEAD002074,2024-11-14,West,Pune,Dev Patel,SME,Marketplace,60,187.72,4,Yes,2024-11-15,1,
LEAD002075,2024-11-14,South,Bengaluru,Sneha Rao,Individual,Paid Social,23,482.10,6,No,,,Price Too High
LEAD002076,2024-11-15,North,Jaipur,Priya Verma,Individual,Walk-in,37,48.53,5,No,,,No Response
LEAD002077,2024-11-15,North,Lucknow,Priya Verma,Individual,Google Ads,77,617.96,5,No,,,No Response
LEAD002078,2024-11-15,West,Mumbai,Dev Patel,Individual,Walk-in,39,54.80,2,No,,,Budget Delayed
LEAD002079,2024-11-15,South,Hyderabad,Sneha Rao,Individual,Organic Search,28,102.84,3,Yes,2024-12-07,22,
LEAD002080,2024-11-15,North,Delhi,Karan Malhotra,Corporate,Corporate Outreach,63,275.10,6,No,,,Competitor Chosen
LEAD002081,2024-11-15,South,Bengaluru,Isha Reddy,Individual,Marketplace,66,164.44,6,No,,,Price Too High
LEAD002082,2024-11-15,West,Pune,Meera Joshi,SME,Paid Social,77,471.84,4,Yes,2024-11-21,6,
LEAD002083,2024-11-15,West,Ahmedabad,Meera Joshi,Individual,Marketplace,30,201.83,5,No,,,Not Ready Yet
LEAD002084,2024-11-15,South,Bengaluru,Isha Reddy,SME,Referral,82,105.18,1,Yes,2024-11-25,10,
LEAD002085,2024-11-16,North,Delhi,Aarav Sharma,SME,Organic Search,56,78.73,4,Yes,2024-11-23,7,
LEAD002086,2024-11-16,North,Jaipur,Karan Malhotra,Individual,Walk-in,79,48.41,3,Yes,2024-11-22,6,
LEAD002087,2024-11-16,South,Bengaluru,Arjun Nair,Individual,Google Ads,78,579.11,3,Yes,2024-12-09,23,
LEAD002088,2024-11-16,East,Kolkata,Vikram Sen,SME,Walk-in,46,45.71,6,No,,,No Response
LEAD002089,2024-11-16,East,Kolkata,Vikram Sen,Individual,Organic Search,65,82.34,1,No,,,Competitor Chosen
LEAD002090,2024-11-16,South,Chennai,Isha Reddy,Individual,Organic Search,84,101.86,3,No,,,Not Ready Yet
LEAD002091,2024-11-16,North,Jaipur,Aarav Sharma,Individual,Organic Search,52,100.78,1,Yes,2024-11-26,10,
LEAD002092,2024-11-16,North,Delhi,Karan Malhotra,Individual,Google Ads,48,690.39,4,Yes,2024-12-04,18,
LEAD002093,2024-11-16,West,Mumbai,Meera Joshi,Individual,Paid Social,75,465.54,2,Yes,2024-11-21,5,
LEAD002094,2024-11-17,West,Ahmedabad,Meera Joshi,Individual,Paid Social,51,389.43,1,No,,,Competitor Chosen
LEAD002095,2024-11-17,North,Delhi,Priya Verma,Individual,Walk-in,54,54.71,4,Yes,2024-11-26,9,
LEAD002096,2024-11-17,North,Delhi,Karan Malhotra,Individual,Walk-in,60,48.94,4,No,,,No Response
LEAD002097,2024-11-17,West,Pune,Rohan Mehta,Individual,Google Ads,78,672.94,4,Yes,2024-11-19,2,
LEAD002098,2024-11-17,North,Lucknow,Aarav Sharma,Corporate,Referral,52,112.74,6,No,,,Price Too High
LEAD002099,2024-11-17,West,Pune,Rohan Mehta,Individual,Referral,62,122.11,3,Yes,2024-12-01,14,
LEAD002100,2024-11-17,North,Delhi,Karan Malhotra,Individual,Google Ads,50,548.92,4,No,,,No Response
LEAD002101,2024-11-17,West,Mumbai,Dev Patel,Individual,Marketplace,54,206.87,4,Yes,2024-11-20,3,
LEAD002102,2024-11-17,North,Delhi,Karan Malhotra,SME,Marketplace,32,206.68,5,No,,,No Response
LEAD002103,2024-11-17,West,Mumbai,Dev Patel,Individual,Walk-in,50,52.74,2,Yes,2024-11-22,5,
LEAD002104,2024-11-17,South,Bengaluru,Arjun Nair,Individual,Google Ads,66,589.88,1,No,,,No Response
LEAD002105,2024-11-17,North,Jaipur,Karan Malhotra,Individual,Organic Search,75,101.09,2,Yes,2024-11-21,4,
LEAD002106,2024-11-17,North,Delhi,Priya Verma,Individual,Marketplace,40,162.18,4,No,,,Competitor Chosen
LEAD002107,2024-11-18,North,Lucknow,Karan Malhotra,Individual,Paid Social,23,418.49,2,No,,,Price Too High
LEAD002108,2024-11-18,West,Mumbai,Dev Patel,Individual,Organic Search,59,85.41,6,No,,,No Response
LEAD002109,2024-11-18,East,Kolkata,Vikram Sen,SME,Walk-in,49,44.23,3,Yes,2024-11-27,9,
LEAD002110,2024-11-18,West,Ahmedabad,Meera Joshi,Individual,Marketplace,52,183.60,1,Yes,2024-11-19,1,
LEAD002111,2024-11-18,North,Delhi,Karan Malhotra,SME,Corporate Outreach,63,291.68,2,No,,,Budget Delayed
LEAD002112,2024-11-18,West,Mumbai,Rohan Mehta,Individual,Google Ads,42,661.90,6,No,,,Budget Delayed
LEAD002113,2024-11-18,West,Ahmedabad,Meera Joshi,SME,Google Ads,63,693.82,3,Yes,2024-12-07,19,
LEAD002114,2024-11-18,South,Hyderabad,Isha Reddy,SME,Paid Social,47,493.32,1,No,,,Competitor Chosen
LEAD002115,2024-11-18,West,Ahmedabad,Meera Joshi,Individual,Organic Search,33,95.89,3,No,,,Budget Delayed
LEAD002116,2024-11-18,West,Pune,Rohan Mehta,Individual,Organic Search,41,84.78,5,No,,,No Response
LEAD002117,2024-11-19,West,Mumbai,Dev Patel,Individual,Google Ads,69,654.06,4,Yes,2024-11-26,7,
LEAD002118,2024-11-19,North,Jaipur,Priya Verma,Corporate,Referral,81,120.27,5,Yes,2024-11-27,8,
LEAD002119,2024-11-19,East,Kolkata,Neha Das,SME,Organic Search,35,102.25,2,No,,,Not Ready Yet
LEAD002120,2024-11-19,South,Hyderabad,Sneha Rao,Individual,Marketplace,67,205.25,4,No,,,Price Too High
LEAD002121,2024-11-19,West,Pune,Meera Joshi,Individual,Google Ads,79,596.98,2,Yes,2024-12-04,15,
LEAD002122,2024-11-19,West,Pune,Dev Patel,SME,Corporate Outreach,63,317.49,1,Yes,2024-11-23,4,
LEAD002123,2024-11-19,South,Chennai,Sneha Rao,Individual,Referral,76,112.35,2,Yes,2024-11-28,9,
LEAD002124,2024-11-19,North,Delhi,Aarav Sharma,Individual,Organic Search,77,86.74,2,No,,,No Response
LEAD002125,2024-11-19,South,Chennai,Sneha Rao,SME,Corporate Outreach,26,238.19,2,No,,,Competitor Chosen
LEAD002126,2024-11-20,South,Hyderabad,Sneha Rao,Individual,Paid Social,83,377.15,3,Yes,2024-11-26,6,
LEAD002127,2024-11-20,West,Mumbai,Dev Patel,SME,Organic Search,31,84.26,3,Yes,2024-12-09,19,
LEAD002128,2024-11-20,West,Ahmedabad,Rohan Mehta,Individual,Marketplace,81,176.09,1,Yes,2024-12-03,13,
LEAD002129,2024-11-20,West,Ahmedabad,Rohan Mehta,Individual,Organic Search,58,86.36,3,No,,,Not Ready Yet
LEAD002130,2024-11-20,South,Hyderabad,Arjun Nair,Individual,Referral,82,126.43,1,Yes,2024-11-27,7,
LEAD002131,2024-11-20,North,Jaipur,Aarav Sharma,Individual,Google Ads,73,660.38,1,No,,,Competitor Chosen
LEAD002132,2024-11-20,West,Pune,Meera Joshi,Corporate,Walk-in,65,54.67,6,No,,,Price Too High
LEAD002133,2024-11-20,West,Ahmedabad,Rohan Mehta,Corporate,Corporate Outreach,65,264.02,7,Yes,2024-12-08,18,
LEAD002134,2024-11-21,West,Pune,Dev Patel,SME,Referral,91,112.82,3,Yes,2024-11-28,7,
LEAD002135,2024-11-21,West,Mumbai,Rohan Mehta,Individual,Paid Social,50,433.49,2,Yes,2024-11-24,3,
LEAD002136,2024-11-21,West,Pune,Rohan Mehta,Corporate,Corporate Outreach,58,298.75,1,Yes,2024-11-29,8,
LEAD002137,2024-11-21,West,Mumbai,Meera Joshi,Individual,Google Ads,49,692.18,1,No,,,Price Too High
LEAD002138,2024-11-21,West,Mumbai,Meera Joshi,Individual,Walk-in,58,52.71,3,No,,,Price Too High
LEAD002139,2024-11-21,South,Bengaluru,Sneha Rao,SME,Google Ads,57,627.97,3,No,,,No Response
LEAD002140,2024-11-21,East,Kolkata,Vikram Sen,Individual,Google Ads,53,655.12,2,No,,,Not Ready Yet
LEAD002141,2024-11-22,North,Jaipur,Karan Malhotra,Individual,Organic Search,67,82.69,2,Yes,2024-12-13,21,
LEAD002142,2024-11-22,West,Mumbai,Dev Patel,Individual,Google Ads,64,528.30,5,No,,,Competitor Chosen
LEAD002143,2024-11-22,West,Pune,Dev Patel,Individual,Referral,75,114.61,2,Yes,2024-12-02,10,
LEAD002144,2024-11-22,South,Bengaluru,Isha Reddy,Individual,Referral,51,127.38,2,Yes,2024-11-26,4,
LEAD002145,2024-11-22,East,Kolkata,Vikram Sen,SME,Referral,80,123.36,2,Yes,2024-12-01,9,
LEAD002146,2024-11-22,North,Jaipur,Karan Malhotra,SME,Corporate Outreach,37,255.73,1,No,,,No Response
LEAD002147,2024-11-22,South,Hyderabad,Arjun Nair,Individual,Marketplace,71,210.48,4,No,,,No Response
LEAD002148,2024-11-22,East,Guwahati,Vikram Sen,Individual,Walk-in,48,48.28,5,No,,,No Response
LEAD002149,2024-11-22,West,Mumbai,Dev Patel,Individual,Organic Search,51,82.86,4,No,,,Budget Delayed
LEAD002150,2024-11-22,East,Kolkata,Neha Das,Individual,Marketplace,76,172.76,3,Yes,2024-11-26,4,
LEAD002151,2024-11-23,East,Guwahati,Kavya Roy,SME,Referral,86,114.15,1,Yes,2024-12-01,8,
LEAD002152,2024-11-23,West,Pune,Meera Joshi,Individual,Paid Social,87,444.63,1,No,,,Budget Delayed
LEAD002153,2024-11-23,South,Chennai,Sneha Rao,Individual,Paid Social,65,489.47,4,Yes,2024-12-13,20,
LEAD002154,2024-11-23,South,Chennai,Isha Reddy,Individual,Referral,67,110.21,4,Yes,2024-11-29,6,
LEAD002155,2024-11-23,West,Mumbai,Rohan Mehta,Individual,Referral,93,135.22,2,Yes,2024-11-28,5,
LEAD002156,2024-11-23,North,Lucknow,Aarav Sharma,Individual,Walk-in,52,51.94,3,No,,,Not Ready Yet
LEAD002157,2024-11-23,North,Delhi,Priya Verma,Individual,Google Ads,64,584.80,4,Yes,2024-11-30,7,
LEAD002158,2024-11-23,North,Jaipur,Priya Verma,Individual,Marketplace,55,191.24,1,Yes,2024-11-24,1,
LEAD002159,2024-11-23,North,Jaipur,Aarav Sharma,Individual,Google Ads,33,633.99,3,No,,,Price Too High
LEAD002160,2024-11-23,South,Chennai,Isha Reddy,SME,Walk-in,53,49.65,6,No,,,No Response
LEAD002161,2024-11-23,East,Guwahati,Vikram Sen,SME,Organic Search,65,96.17,6,No,,,No Response
LEAD002162,2024-11-24,North,Delhi,Aarav Sharma,SME,Organic Search,71,95.49,1,Yes,2024-12-14,20,
LEAD002163,2024-11-24,South,Hyderabad,Arjun Nair,Individual,Marketplace,50,209.50,2,Yes,2024-12-02,8,
LEAD002164,2024-11-24,South,Bengaluru,Isha Reddy,Corporate,Referral,55,116.42,1,Yes,2024-12-17,23,
LEAD002165,2024-11-24,West,Mumbai,Dev Patel,SME,Marketplace,44,172.70,5,No,,,Price Too High
LEAD002166,2024-11-24,East,Bhubaneswar,Neha Das,Individual,Google Ads,63,636.73,6,No,,,Budget Delayed
LEAD002167,2024-11-24,North,Lucknow,Priya Verma,Individual,Paid Social,48,480.56,1,Yes,2024-12-12,18,
LEAD002168,2024-11-25,North,Lucknow,Aarav Sharma,Individual,Google Ads,45,560.63,6,No,,,Price Too High
LEAD002169,2024-11-25,North,Delhi,Aarav Sharma,Individual,Walk-in,60,53.22,2,Yes,2024-12-01,6,
LEAD002170,2024-11-25,West,Mumbai,Rohan Mehta,Individual,Google Ads,56,573.23,2,Yes,2024-11-28,3,
LEAD002171,2024-11-25,North,Delhi,Aarav Sharma,Individual,Organic Search,70,102.31,1,No,,,Budget Delayed
LEAD002172,2024-11-25,North,Lucknow,Aarav Sharma,Individual,Organic Search,53,102.05,6,No,,,Competitor Chosen
LEAD002173,2024-11-25,West,Mumbai,Dev Patel,Individual,Google Ads,53,702.10,1,Yes,2024-12-13,18,
LEAD002174,2024-11-25,South,Bengaluru,Sneha Rao,SME,Marketplace,62,181.41,3,No,,,Not Ready Yet
LEAD002175,2024-11-26,South,Chennai,Arjun Nair,Individual,Google Ads,58,655.71,4,No,,,Price Too High
LEAD002176,2024-11-26,South,Bengaluru,Arjun Nair,Corporate,Google Ads,52,705.34,2,Yes,2024-12-18,22,
LEAD002177,2024-11-26,South,Bengaluru,Arjun Nair,Individual,Organic Search,59,100.58,3,Yes,2024-11-30,4,
LEAD002178,2024-11-26,South,Bengaluru,Sneha Rao,Individual,Walk-in,50,43.12,3,Yes,2024-11-28,2,
LEAD002179,2024-11-26,North,Delhi,Karan Malhotra,Individual,Paid Social,39,404.98,4,No,,,Not Ready Yet
LEAD002180,2024-11-26,South,Chennai,Arjun Nair,Individual,Marketplace,74,167.73,1,Yes,2024-12-09,13,
LEAD002181,2024-11-27,North,Delhi,Priya Verma,SME,Marketplace,55,192.16,1,Yes,2024-12-06,9,
LEAD002182,2024-11-27,North,Delhi,Priya Verma,Individual,Google Ads,37,602.82,1,Yes,2024-12-15,18,
LEAD002183,2024-11-27,West,Pune,Dev Patel,Individual,Paid Social,39,446.47,1,No,,,Not Ready Yet
LEAD002184,2024-11-27,South,Hyderabad,Arjun Nair,SME,Referral,34,120.86,2,Yes,2024-12-05,8,
LEAD002185,2024-11-27,North,Lucknow,Karan Malhotra,Individual,Walk-in,51,49.21,3,Yes,2024-12-08,11,
LEAD002186,2024-11-27,South,Hyderabad,Arjun Nair,Individual,Organic Search,18,97.59,6,No,,,Budget Delayed
LEAD002187,2024-11-27,East,Kolkata,Neha Das,Individual,Marketplace,37,198.07,5,No,,,No Response
LEAD002188,2024-11-27,West,Mumbai,Dev Patel,Individual,Paid Social,50,399.48,4,Yes,2024-12-11,14,
LEAD002189,2024-11-27,North,Delhi,Karan Malhotra,Individual,Paid Social,31,376.34,4,No,,,Not Ready Yet
LEAD002190,2024-11-27,West,Pune,Meera Joshi,Individual,Walk-in,79,46.23,3,Yes,2024-12-01,4,
LEAD002191,2024-11-27,South,Hyderabad,Isha Reddy,Individual,Organic Search,60,88.07,3,Yes,2024-12-10,13,
LEAD002192,2024-11-27,South,Bengaluru,Arjun Nair,Individual,Paid Social,51,378.33,2,Yes,2024-12-20,23,
LEAD002193,2024-11-27,West,Pune,Rohan Mehta,Individual,Organic Search,45,99.51,6,No,,,Price Too High
LEAD002194,2024-11-27,North,Jaipur,Aarav Sharma,Corporate,Walk-in,65,52.37,1,Yes,2024-12-25,28,
LEAD002195,2024-11-28,East,Kolkata,Vikram Sen,Individual,Walk-in,76,49.94,2,No,,,Competitor Chosen
LEAD002196,2024-11-28,South,Bengaluru,Isha Reddy,Individual,Google Ads,62,564.61,1,Yes,2024-12-06,8,
LEAD002197,2024-11-28,South,Bengaluru,Isha Reddy,Individual,Referral,85,124.14,2,Yes,2024-12-04,6,
LEAD002198,2024-11-28,South,Bengaluru,Sneha Rao,Individual,Marketplace,61,179.40,4,Yes,2024-12-06,8,
LEAD002199,2024-11-28,North,Jaipur,Aarav Sharma,Individual,Paid Social,55,408.95,4,No,,,Price Too High
LEAD002200,2024-11-28,West,Mumbai,Meera Joshi,Individual,Organic Search,64,100.71,2,Yes,2024-12-04,6,
LEAD002201,2024-11-28,North,Delhi,Karan Malhotra,Individual,Marketplace,64,191.06,3,Yes,2024-12-09,11,
LEAD002202,2024-11-29,South,Chennai,Sneha Rao,Corporate,Google Ads,56,589.65,1,Yes,2025-01-08,40,
LEAD002203,2024-11-29,West,Pune,Dev Patel,Individual,Organic Search,66,97.33,3,Yes,2024-12-18,19,
LEAD002204,2024-11-29,West,Pune,Dev Patel,Individual,Walk-in,75,49.60,2,Yes,2024-12-05,6,
LEAD002205,2024-11-29,South,Chennai,Arjun Nair,Individual,Organic Search,74,83.28,2,Yes,2024-12-18,19,
LEAD002206,2024-11-29,West,Mumbai,Dev Patel,Individual,Marketplace,79,182.42,3,Yes,2024-12-01,2,
LEAD002207,2024-11-29,North,Delhi,Aarav Sharma,Corporate,Corporate Outreach,71,304.19,1,No,,,Not Ready Yet
LEAD002208,2024-11-29,South,Bengaluru,Isha Reddy,Individual,Google Ads,76,689.44,1,Yes,2024-12-15,16,
LEAD002209,2024-11-29,West,Ahmedabad,Rohan Mehta,SME,Marketplace,39,200.06,4,No,,,Not Ready Yet
LEAD002210,2024-11-29,North,Delhi,Priya Verma,Individual,Paid Social,36,371.34,3,No,,,Price Too High
LEAD002211,2024-11-29,North,Delhi,Aarav Sharma,SME,Referral,88,113.23,1,Yes,2024-12-10,11,
LEAD002212,2024-11-30,East,Kolkata,Vikram Sen,Individual,Google Ads,77,689.54,4,Yes,2024-12-05,5,
LEAD002213,2024-11-30,South,Bengaluru,Arjun Nair,Individual,Google Ads,82,582.04,4,No,,,No Response
LEAD002214,2024-11-30,South,Hyderabad,Sneha Rao,Individual,Organic Search,58,83.84,4,Yes,2024-12-13,13,
LEAD002215,2024-11-30,West,Ahmedabad,Rohan Mehta,Individual,Referral,54,102.98,3,Yes,2024-12-12,12,
LEAD002216,2024-11-30,North,Lucknow,Priya Verma,Individual,Referral,68,102.13,4,Yes,2024-12-09,9,
LEAD002217,2024-11-30,East,Kolkata,Vikram Sen,Individual,Google Ads,78,706.21,4,Yes,2024-12-22,22,
LEAD002218,2024-11-30,North,Lucknow,Aarav Sharma,Individual,Paid Social,49,373.93,3,No,,,Price Too High
LEAD002219,2024-12-01,South,Bengaluru,Arjun Nair,Corporate,Corporate Outreach,82,265.91,6,Yes,2025-01-03,33,
LEAD002220,2024-12-01,West,Mumbai,Meera Joshi,Individual,Organic Search,72,88.40,1,No,,,Price Too High
LEAD002221,2024-12-01,East,Kolkata,Kavya Roy,Individual,Paid Social,56,398.05,5,No,,,No Response
LEAD002222,2024-12-01,North,Delhi,Karan Malhotra,Individual,Walk-in,36,54.47,4,Yes,2024-12-02,1,
LEAD002223,2024-12-01,North,Delhi,Priya Verma,Corporate,Organic Search,61,98.34,3,No,,,Competitor Chosen
LEAD002224,2024-12-01,South,Chennai,Arjun Nair,Individual,Organic Search,74,95.49,4,No,,,Price Too High
LEAD002225,2024-12-01,West,Mumbai,Rohan Mehta,Individual,Organic Search,68,99.43,3,Yes,2024-12-14,13,
LEAD002226,2024-12-01,West,Mumbai,Rohan Mehta,Individual,Referral,60,137.46,4,Yes,2024-12-11,10,
LEAD002227,2024-12-01,East,Kolkata,Vikram Sen,Individual,Marketplace,35,175.40,6,No,,,Price Too High
LEAD002228,2024-12-01,North,Lucknow,Aarav Sharma,Individual,Referral,68,124.55,4,Yes,2024-12-04,3,
LEAD002229,2024-12-02,East,Kolkata,Neha Das,SME,Corporate Outreach,41,256.18,1,No,,,Not Ready Yet
LEAD002230,2024-12-02,West,Mumbai,Meera Joshi,Individual,Organic Search,43,101.59,6,No,,,Budget Delayed
LEAD002231,2024-12-02,North,Jaipur,Karan Malhotra,SME,Marketplace,48,188.81,5,No,,,Price Too High
LEAD002232,2024-12-02,South,Hyderabad,Isha Reddy,Individual,Referral,75,109.23,2,No,,,No Response
LEAD002233,2024-12-02,North,Lucknow,Karan Malhotra,Individual,Marketplace,45,174.55,1,No,,,No Response
LEAD002234,2024-12-02,West,Pune,Rohan Mehta,SME,Organic Search,64,95.33,4,Yes,2024-12-04,2,
LEAD002235,2024-12-02,South,Hyderabad,Arjun Nair,SME,Paid Social,30,378.61,5,No,,,No Response
LEAD002236,2024-12-02,West,Ahmedabad,Dev Patel,Individual,Paid Social,69,396.12,2,No,,,Competitor Chosen
LEAD002237,2024-12-02,South,Hyderabad,Sneha Rao,SME,Corporate Outreach,38,288.76,3,No,,,No Response
LEAD002238,2024-12-02,South,Bengaluru,Sneha Rao,Individual,Organic Search,72,78.67,1,No,,,Price Too High
LEAD002239,2024-12-03,East,Guwahati,Kavya Roy,SME,Organic Search,64,81.70,4,Yes,2024-12-23,20,
LEAD002240,2024-12-03,North,Delhi,Karan Malhotra,Individual,Paid Social,38,365.66,1,No,,,Not Ready Yet
LEAD002241,2024-12-03,South,Hyderabad,Sneha Rao,Individual,Organic Search,71,97.13,1,Yes,2024-12-23,20,
LEAD002242,2024-12-03,South,Chennai,Isha Reddy,SME,Marketplace,40,173.93,2,No,,,Competitor Chosen
LEAD002243,2024-12-03,North,Jaipur,Karan Malhotra,Individual,Referral,81,132.82,4,Yes,2024-12-14,11,
LEAD002244,2024-12-03,East,Guwahati,Kavya Roy,Individual,Referral,60,133.64,2,Yes,2024-12-05,2,
LEAD002245,2024-12-04,North,Delhi,Aarav Sharma,Individual,Marketplace,61,208.72,2,Yes,2024-12-15,11,
LEAD002246,2024-12-04,North,Delhi,Aarav Sharma,Individual,Paid Social,46,406.38,2,Yes,2024-12-22,18,
LEAD002247,2024-12-04,South,Hyderabad,Arjun Nair,SME,Paid Social,64,457.48,1,Yes,2024-12-24,20,
LEAD002248,2024-12-04,South,Hyderabad,Arjun Nair,Individual,Marketplace,59,207.39,4,Yes,2024-12-15,11,
LEAD002249,2024-12-04,East,Kolkata,Kavya Roy,Individual,Paid Social,36,405.88,2,No,,,Not Ready Yet
LEAD002250,2024-12-04,East,Kolkata,Neha Das,Individual,Referral,53,129.60,4,Yes,2024-12-08,4,
LEAD002251,2024-12-05,South,Hyderabad,Sneha Rao,SME,Corporate Outreach,81,259.63,4,Yes,2024-12-08,3,
LEAD002252,2024-12-05,South,Hyderabad,Arjun Nair,Individual,Paid Social,64,442.10,3,No,,,Competitor Chosen
LEAD002253,2024-12-05,South,Chennai,Isha Reddy,SME,Walk-in,66,45.08,1,Yes,2024-12-15,10,
LEAD002254,2024-12-05,West,Mumbai,Rohan Mehta,Individual,Referral,80,106.18,2,No,,,No Response
LEAD002255,2024-12-05,North,Jaipur,Priya Verma,Individual,Organic Search,66,81.23,1,Yes,2024-12-24,19,
LEAD002256,2024-12-05,West,Pune,Dev Patel,Individual,Paid Social,63,483.79,6,No,,,No Response
LEAD002257,2024-12-05,South,Hyderabad,Arjun Nair,Corporate,Google Ads,52,574.40,6,No,,,Budget Delayed
LEAD002258,2024-12-05,West,Pune,Rohan Mehta,Individual,Referral,78,127.58,4,No,,,Price Too High
LEAD002259,2024-12-05,West,Ahmedabad,Meera Joshi,Corporate,Corporate Outreach,51,309.41,6,Yes,2024-12-31,26,
LEAD002260,2024-12-05,North,Delhi,Aarav Sharma,Individual,Google Ads,60,621.52,1,No,,,Budget Delayed
LEAD002261,2024-12-06,North,Lucknow,Karan Malhotra,Individual,Referral,76,103.42,2,No,,,Budget Delayed
LEAD002262,2024-12-06,West,Pune,Dev Patel,Individual,Organic Search,70,103.00,4,Yes,2024-12-30,24,
LEAD002263,2024-12-06,South,Bengaluru,Arjun Nair,Individual,Organic Search,61,80.22,3,Yes,2024-12-08,2,
LEAD002264,2024-12-06,West,Ahmedabad,Rohan Mehta,Individual,Referral,70,129.43,4,Yes,2024-12-18,12,
LEAD002265,2024-12-06,North,Delhi,Aarav Sharma,Individual,Walk-in,51,47.95,1,No,,,Price Too High
LEAD002266,2024-12-06,North,Jaipur,Karan Malhotra,Individual,Paid Social,64,420.88,2,Yes,2024-12-12,6,
LEAD002267,2024-12-07,North,Jaipur,Aarav Sharma,Individual,Organic Search,50,76.58,2,Yes,2024-12-13,6,
LEAD002268,2024-12-07,East,Bhubaneswar,Kavya Roy,Individual,Walk-in,60,54.60,3,Yes,2024-12-15,8,
LEAD002269,2024-12-07,South,Chennai,Isha Reddy,Individual,Marketplace,78,168.57,6,No,,,No Response
LEAD002270,2024-12-07,South,Chennai,Isha Reddy,Individual,Paid Social,56,392.12,3,No,,,Price Too High
LEAD002271,2024-12-07,North,Delhi,Priya Verma,Individual,Organic Search,70,95.02,1,Yes,2024-12-09,2,
LEAD002272,2024-12-08,North,Lucknow,Priya Verma,Individual,Organic Search,66,84.58,1,No,,,No Response
LEAD002273,2024-12-08,South,Hyderabad,Isha Reddy,Individual,Organic Search,62,94.16,1,Yes,2024-12-20,12,
LEAD002274,2024-12-08,East,Kolkata,Kavya Roy,Corporate,Corporate Outreach,62,308.26,2,No,,,Price Too High
LEAD002275,2024-12-08,South,Hyderabad,Isha Reddy,Individual,Organic Search,35,91.30,3,No,,,No Response
LEAD002276,2024-12-08,East,Bhubaneswar,Kavya Roy,Individual,Google Ads,22,685.25,1,No,,,Not Ready Yet
LEAD002277,2024-12-08,West,Ahmedabad,Rohan Mehta,Corporate,Organic Search,48,79.63,1,Yes,2024-12-22,14,
LEAD002278,2024-12-08,West,Mumbai,Meera Joshi,Individual,Referral,47,121.56,4,No,,,No Response
LEAD002279,2024-12-08,West,Pune,Rohan Mehta,Individual,Paid Social,50,469.00,3,Yes,2024-12-18,10,
LEAD002280,2024-12-09,West,Ahmedabad,Rohan Mehta,Individual,Referral,65,104.43,4,Yes,2024-12-18,9,
LEAD002281,2024-12-09,East,Guwahati,Vikram Sen,Individual,Marketplace,65,199.16,3,Yes,2024-12-21,12,
LEAD002282,2024-12-09,West,Ahmedabad,Rohan Mehta,Individual,Walk-in,95,49.17,3,Yes,2024-12-17,8,
LEAD002283,2024-12-09,South,Chennai,Sneha Rao,Individual,Organic Search,38,96.98,1,No,,,Competitor Chosen
LEAD002284,2024-12-09,West,Ahmedabad,Meera Joshi,SME,Google Ads,64,599.36,1,No,,,Price Too High
LEAD002285,2024-12-09,West,Ahmedabad,Meera Joshi,Corporate,Referral,69,135.42,6,Yes,2025-01-08,30,
LEAD002286,2024-12-09,North,Delhi,Aarav Sharma,Individual,Referral,63,102.28,1,Yes,2024-12-16,7,
LEAD002287,2024-12-09,West,Mumbai,Meera Joshi,Individual,Organic Search,47,82.64,5,No,,,Competitor Chosen
LEAD002288,2024-12-09,South,Chennai,Arjun Nair,Individual,Organic Search,39,92.09,4,Yes,2024-12-18,9,
LEAD002289,2024-12-09,South,Hyderabad,Arjun Nair,Individual,Marketplace,50,173.54,2,Yes,2024-12-22,13,
LEAD002290,2024-12-10,South,Chennai,Isha Reddy,Individual,Marketplace,71,190.71,4,Yes,2024-12-16,6,
LEAD002291,2024-12-10,North,Lucknow,Priya Verma,SME,Corporate Outreach,35,292.18,1,Yes,2024-12-30,20,
LEAD002292,2024-12-10,West,Pune,Meera Joshi,Individual,Marketplace,62,178.44,6,No,,,Competitor Chosen
LEAD002293,2024-12-10,North,Delhi,Karan Malhotra,Individual,Marketplace,55,213.12,4,No,,,No Response
LEAD002294,2024-12-10,North,Delhi,Priya Verma,Individual,Marketplace,64,205.31,3,Yes,2024-12-14,4,
LEAD002295,2024-12-10,South,Chennai,Sneha Rao,Individual,Organic Search,61,101.36,2,Yes,2025-01-01,22,
LEAD002296,2024-12-10,West,Ahmedabad,Dev Patel,SME,Referral,54,115.10,4,Yes,2024-12-23,13,
LEAD002297,2024-12-11,South,Hyderabad,Sneha Rao,Corporate,Corporate Outreach,19,263.99,4,No,,,No Response
LEAD002298,2024-12-11,South,Chennai,Isha Reddy,Individual,Walk-in,79,52.28,4,Yes,2024-12-12,1,
LEAD002299,2024-12-11,North,Jaipur,Priya Verma,Individual,Google Ads,74,646.40,3,No,,,Competitor Chosen
LEAD002300,2024-12-11,North,Jaipur,Aarav Sharma,Individual,Organic Search,42,84.13,3,Yes,2025-01-04,24,
LEAD002301,2024-12-11,North,Delhi,Karan Malhotra,Individual,Google Ads,70,543.18,6,No,,,Price Too High
LEAD002302,2024-12-12,East,Kolkata,Kavya Roy,SME,Google Ads,54,656.15,3,Yes,2024-12-21,9,
LEAD002303,2024-12-12,South,Chennai,Arjun Nair,Individual,Organic Search,53,83.73,2,Yes,2024-12-18,6,
LEAD002304,2024-12-12,West,Mumbai,Dev Patel,Individual,Organic Search,55,86.44,3,Yes,2024-12-25,13,
LEAD002305,2024-12-12,South,Chennai,Sneha Rao,Corporate,Corporate Outreach,65,319.85,4,Yes,2025-01-01,20,
LEAD002306,2024-12-12,North,Lucknow,Priya Verma,Individual,Walk-in,59,44.12,1,No,,,Budget Delayed
LEAD002307,2024-12-12,West,Ahmedabad,Dev Patel,Individual,Referral,41,117.75,4,No,,,No Response
LEAD002308,2024-12-13,West,Ahmedabad,Rohan Mehta,SME,Corporate Outreach,61,291.11,2,No,,,Competitor Chosen
LEAD002309,2024-12-13,West,Mumbai,Meera Joshi,Individual,Google Ads,41,635.00,3,Yes,2024-12-25,12,
LEAD002310,2024-12-14,North,Lucknow,Aarav Sharma,Individual,Paid Social,21,443.64,4,No,,,Budget Delayed
LEAD002311,2024-12-14,South,Chennai,Sneha Rao,Individual,Organic Search,20,94.82,5,No,,,Price Too High
LEAD002312,2024-12-14,West,Mumbai,Rohan Mehta,Individual,Walk-in,81,56.72,2,Yes,2024-12-21,7,
LEAD002313,2024-12-14,West,Ahmedabad,Rohan Mehta,Individual,Referral,77,116.41,1,Yes,2024-12-20,6,
LEAD002314,2024-12-14,West,Pune,Meera Joshi,Individual,Marketplace,73,216.00,1,Yes,2024-12-26,12,
LEAD002315,2024-12-15,South,Bengaluru,Sneha Rao,Individual,Walk-in,57,55.91,4,Yes,2024-12-25,10,
LEAD002316,2024-12-15,East,Kolkata,Kavya Roy,Individual,Referral,86,123.17,2,Yes,2024-12-28,13,
LEAD002317,2024-12-15,South,Chennai,Isha Reddy,Individual,Paid Social,37,394.44,1,No,,,Not Ready Yet
LEAD002318,2024-12-15,West,Mumbai,Meera Joshi,Individual,Organic Search,73,94.11,2,Yes,2024-12-21,6,
LEAD002319,2024-12-15,West,Mumbai,Meera Joshi,SME,Google Ads,48,673.81,5,No,,,Not Ready Yet
LEAD002320,2024-12-15,East,Guwahati,Vikram Sen,Individual,Organic Search,48,96.68,5,No,,,Budget Delayed
LEAD002321,2024-12-15,North,Delhi,Aarav Sharma,Individual,Paid Social,64,440.27,4,No,,,No Response
LEAD002322,2024-12-15,North,Lucknow,Priya Verma,Individual,Walk-in,62,52.20,1,Yes,2024-12-27,12,
LEAD002323,2024-12-15,East,Guwahati,Neha Das,Individual,Referral,98,118.31,2,Yes,2024-12-23,8,
LEAD002324,2024-12-15,West,Mumbai,Meera Joshi,Individual,Paid Social,24,419.24,3,Yes,2024-12-17,2,
LEAD002325,2024-12-15,West,Pune,Rohan Mehta,Corporate,Corporate Outreach,72,251.03,2,No,,,Competitor Chosen
LEAD002326,2024-12-15,West,Ahmedabad,Rohan Mehta,Individual,Marketplace,47,201.82,6,No,,,Competitor Chosen
LEAD002327,2024-12-15,South,Bengaluru,Arjun Nair,Individual,Google Ads,61,599.02,4,No,,,Price Too High
LEAD002328,2024-12-16,South,Hyderabad,Sneha Rao,SME,Organic Search,53,84.75,6,No,,,No Response
LEAD002329,2024-12-16,West,Ahmedabad,Meera Joshi,Individual,Organic Search,49,80.11,3,Yes,2024-12-23,7,
LEAD002330,2024-12-17,South,Bengaluru,Arjun Nair,Individual,Google Ads,53,639.33,1,No,,,Price Too High
LEAD002331,2024-12-17,East,Bhubaneswar,Neha Das,Individual,Paid Social,76,458.89,6,No,,,No Response
LEAD002332,2024-12-17,West,Ahmedabad,Rohan Mehta,Individual,Organic Search,58,89.22,1,Yes,2024-12-22,5,
LEAD002333,2024-12-17,North,Delhi,Aarav Sharma,Individual,Paid Social,41,483.15,6,No,,,Price Too High
LEAD002334,2024-12-17,West,Pune,Meera Joshi,Corporate,Corporate Outreach,69,242.30,5,No,,,Not Ready Yet
LEAD002335,2024-12-17,West,Ahmedabad,Meera Joshi,Individual,Google Ads,57,632.15,3,Yes,2024-12-30,13,
LEAD002336,2024-12-17,North,Lucknow,Karan Malhotra,Individual,Referral,63,137.63,1,Yes,2024-12-19,2,
LEAD002337,2024-12-18,North,Lucknow,Priya Verma,Individual,Referral,56,125.04,3,Yes,2024-12-30,12,
LEAD002338,2024-12-18,South,Hyderabad,Isha Reddy,SME,Corporate Outreach,50,252.03,3,No,,,Budget Delayed
LEAD002339,2024-12-18,North,Jaipur,Karan Malhotra,Individual,Walk-in,53,44.20,3,Yes,2024-12-25,7,
LEAD002340,2024-12-18,South,Bengaluru,Arjun Nair,Individual,Walk-in,50,55.97,3,No,,,Price Too High
LEAD002341,2024-12-18,North,Delhi,Karan Malhotra,SME,Corporate Outreach,64,295.69,5,No,,,Budget Delayed
LEAD002342,2024-12-18,West,Pune,Dev Patel,Individual,Google Ads,32,619.33,5,No,,,No Response
LEAD002343,2024-12-18,North,Lucknow,Priya Verma,Individual,Organic Search,49,83.93,5,No,,,No Response
LEAD002344,2024-12-19,South,Bengaluru,Sneha Rao,Individual,Walk-in,67,46.75,2,Yes,2024-12-26,7,
LEAD002345,2024-12-19,North,Delhi,Priya Verma,Individual,Organic Search,43,97.15,3,Yes,2024-12-29,10,
LEAD002346,2024-12-19,West,Ahmedabad,Dev Patel,Individual,Organic Search,45,101.10,1,Yes,2025-01-12,24,
LEAD002347,2024-12-19,West,Ahmedabad,Rohan Mehta,Corporate,Corporate Outreach,43,265.01,6,No,,,Not Ready Yet
LEAD002348,2024-12-19,North,Delhi,Aarav Sharma,Individual,Paid Social,24,471.12,6,No,,,Price Too High
LEAD002349,2024-12-19,West,Pune,Dev Patel,Individual,Marketplace,27,198.93,2,Yes,2024-12-22,3,
LEAD002350,2024-12-20,West,Mumbai,Dev Patel,Corporate,Corporate Outreach,51,265.88,1,No,,,No Response
LEAD002351,2024-12-20,West,Mumbai,Dev Patel,Individual,Marketplace,31,216.70,6,No,,,Competitor Chosen
LEAD002352,2024-12-20,South,Chennai,Arjun Nair,Corporate,Corporate Outreach,60,270.47,3,No,,,No Response
LEAD002353,2024-12-20,West,Pune,Meera Joshi,Corporate,Corporate Outreach,47,274.10,2,No,,,Price Too High
LEAD002354,2024-12-21,West,Pune,Dev Patel,Individual,Google Ads,54,560.65,5,No,,,Budget Delayed
LEAD002355,2024-12-21,West,Ahmedabad,Meera Joshi,Individual,Paid Social,43,426.21,5,No,,,No Response
LEAD002356,2024-12-21,West,Mumbai,Meera Joshi,SME,Marketplace,44,168.09,2,No,,,No Response
LEAD002357,2024-12-21,South,Chennai,Isha Reddy,Corporate,Walk-in,73,56.94,1,No,,,Competitor Chosen
LEAD002358,2024-12-21,West,Pune,Meera Joshi,Individual,Organic Search,56,100.69,2,No,,,No Response
LEAD002359,2024-12-21,West,Mumbai,Rohan Mehta,SME,Marketplace,32,206.43,2,No,,,No Response
LEAD002360,2024-12-21,West,Mumbai,Rohan Mehta,Corporate,Corporate Outreach,53,296.90,2,No,,,Competitor Chosen
LEAD002361,2024-12-21,North,Lucknow,Priya Verma,Individual,Paid Social,39,370.03,2,No,,,Price Too High
LEAD002362,2024-12-21,South,Hyderabad,Arjun Nair,Individual,Organic Search,46,100.39,6,No,,,Price Too High
LEAD002363,2024-12-21,South,Chennai,Arjun Nair,Individual,Paid Social,45,476.64,3,No,,,No Response
LEAD002364,2024-12-22,South,Bengaluru,Isha Reddy,Individual,Paid Social,43,437.43,2,Yes,2025-01-10,19,
LEAD002365,2024-12-22,West,Ahmedabad,Rohan Mehta,SME,Paid Social,39,417.27,5,No,,,No Response
LEAD002366,2024-12-22,North,Delhi,Karan Malhotra,SME,Organic Search,86,91.38,2,No,,,Competitor Chosen
LEAD002367,2024-12-22,West,Mumbai,Rohan Mehta,Corporate,Walk-in,39,55.01,3,Yes,2025-01-01,10,
LEAD002368,2024-12-22,South,Hyderabad,Isha Reddy,Individual,Walk-in,55,57.40,2,Yes,2024-12-31,9,
LEAD002369,2024-12-22,South,Chennai,Arjun Nair,SME,Google Ads,63,678.50,2,Yes,2025-01-14,23,
LEAD002370,2024-12-22,West,Ahmedabad,Meera Joshi,Individual,Walk-in,59,56.27,2,No,,,Budget Delayed
LEAD002371,2024-12-22,North,Delhi,Priya Verma,Individual,Marketplace,69,169.26,4,No,,,Competitor Chosen
LEAD002372,2024-12-23,East,Bhubaneswar,Neha Das,Individual,Organic Search,69,96.00,1,Yes,2025-01-06,14,
LEAD002373,2024-12-23,North,Jaipur,Priya Verma,Individual,Organic Search,53,94.48,1,No,,,No Response
LEAD002374,2024-12-23,North,Delhi,Karan Malhotra,Individual,Walk-in,96,49.71,3,Yes,2025-01-03,11,
LEAD002375,2024-12-23,West,Pune,Rohan Mehta,Corporate,Corporate Outreach,67,242.70,6,No,,,Budget Delayed
LEAD002376,2024-12-23,West,Mumbai,Meera Joshi,Individual,Paid Social,25,393.96,4,Yes,2024-12-29,6,
LEAD002377,2024-12-23,South,Chennai,Sneha Rao,Individual,Walk-in,70,54.33,2,Yes,2025-01-04,12,
LEAD002378,2024-12-24,North,Jaipur,Aarav Sharma,Individual,Google Ads,26,673.89,5,No,,,Competitor Chosen
LEAD002379,2024-12-24,South,Chennai,Arjun Nair,SME,Corporate Outreach,50,268.21,1,Yes,2025-01-10,17,
LEAD002380,2024-12-24,South,Hyderabad,Arjun Nair,Individual,Referral,55,115.68,3,Yes,2024-12-31,7,
LEAD002381,2024-12-24,North,Lucknow,Priya Verma,Individual,Marketplace,55,172.18,2,Yes,2024-12-28,4,
LEAD002382,2024-12-24,North,Lucknow,Karan Malhotra,Individual,Paid Social,75,454.44,5,No,,,No Response
LEAD002383,2024-12-24,North,Jaipur,Priya Verma,SME,Google Ads,31,578.90,5,No,,,Competitor Chosen
LEAD002384,2024-12-24,North,Delhi,Priya Verma,Individual,Referral,42,105.07,1,Yes,2024-12-28,4,
LEAD002385,2024-12-24,East,Kolkata,Vikram Sen,Individual,Organic Search,75,80.38,4,Yes,2024-12-28,4,
LEAD002386,2024-12-25,North,Delhi,Karan Malhotra,Individual,Google Ads,74,652.30,1,No,,,Price Too High
LEAD002387,2024-12-25,East,Kolkata,Vikram Sen,Individual,Google Ads,62,610.67,2,No,,,Competitor Chosen
LEAD002388,2024-12-25,North,Lucknow,Aarav Sharma,Corporate,Walk-in,45,51.81,6,Yes,2025-01-29,35,
LEAD002389,2024-12-25,West,Ahmedabad,Dev Patel,SME,Google Ads,38,531.73,3,No,,,Not Ready Yet
LEAD002390,2024-12-25,West,Ahmedabad,Rohan Mehta,Individual,Google Ads,58,548.34,6,No,,,Price Too High
LEAD002391,2024-12-25,West,Ahmedabad,Meera Joshi,SME,Referral,40,125.86,2,No,,,Budget Delayed
LEAD002392,2024-12-25,West,Ahmedabad,Rohan Mehta,Corporate,Google Ads,32,557.51,6,No,,,Not Ready Yet
LEAD002393,2024-12-25,South,Hyderabad,Arjun Nair,Individual,Organic Search,51,84.48,4,Yes,2025-01-07,13,
LEAD002394,2024-12-25,West,Mumbai,Rohan Mehta,Individual,Walk-in,51,53.98,4,Yes,2025-01-05,11,
LEAD002395,2024-12-25,East,Kolkata,Vikram Sen,Individual,Walk-in,81,52.75,3,Yes,2025-01-06,12,
LEAD002396,2024-12-26,North,Jaipur,Aarav Sharma,SME,Marketplace,86,203.50,1,Yes,2024-12-31,5,
LEAD002397,2024-12-26,North,Delhi,Priya Verma,Individual,Referral,66,131.62,1,Yes,2024-12-29,3,
LEAD002398,2024-12-27,East,Kolkata,Kavya Roy,Individual,Paid Social,49,368.97,5,No,,,Price Too High
LEAD002399,2024-12-27,East,Kolkata,Neha Das,Individual,Walk-in,39,43.80,1,Yes,2025-01-03,7,
LEAD002400,2024-12-27,East,Kolkata,Vikram Sen,Individual,Google Ads,31,620.44,2,No,,,No Response
LEAD002401,2024-12-27,West,Mumbai,Rohan Mehta,Individual,Referral,57,105.14,4,Yes,2025-01-05,9,
LEAD002402,2024-12-27,West,Mumbai,Rohan Mehta,Individual,Organic Search,61,100.34,1,Yes,2025-01-03,7,
LEAD002403,2024-12-27,South,Hyderabad,Sneha Rao,Individual,Google Ads,70,630.43,1,Yes,2025-01-14,18,
LEAD002404,2024-12-27,South,Chennai,Isha Reddy,Individual,Paid Social,38,471.86,2,No,,,Price Too High
LEAD002405,2024-12-27,North,Jaipur,Karan Malhotra,Individual,Organic Search,53,79.04,2,Yes,2025-01-15,19,
LEAD002406,2024-12-27,East,Kolkata,Neha Das,SME,Walk-in,49,56.17,1,Yes,2025-01-01,5,
LEAD002407,2024-12-27,North,Lucknow,Aarav Sharma,Individual,Marketplace,64,178.06,4,Yes,2025-01-09,13,
LEAD002408,2024-12-28,West,Ahmedabad,Rohan Mehta,Individual,Organic Search,62,102.22,3,Yes,2025-01-06,9,
LEAD002409,2024-12-28,North,Delhi,Aarav Sharma,Corporate,Corporate Outreach,71,298.11,7,Yes,2025-01-08,11,
LEAD002410,2024-12-28,West,Ahmedabad,Rohan Mehta,Individual,Marketplace,47,208.55,1,Yes,2025-01-01,4,
LEAD002411,2024-12-28,South,Bengaluru,Arjun Nair,Individual,Organic Search,36,99.52,1,No,,,Competitor Chosen
LEAD002412,2024-12-28,South,Chennai,Arjun Nair,SME,Walk-in,58,56.81,1,Yes,2025-01-11,14,
LEAD002413,2024-12-28,South,Hyderabad,Arjun Nair,SME,Google Ads,31,601.88,3,Yes,2025-01-10,13,
LEAD002414,2024-12-28,South,Chennai,Arjun Nair,Individual,Referral,79,110.92,2,No,,,Not Ready Yet
LEAD002415,2024-12-28,South,Bengaluru,Arjun Nair,Individual,Referral,64,111.88,1,Yes,2025-01-05,8,
LEAD002416,2024-12-28,North,Delhi,Aarav Sharma,Individual,Google Ads,57,626.42,4,No,,,No Response
LEAD002417,2024-12-29,West,Mumbai,Dev Patel,Individual,Paid Social,63,442.87,3,Yes,2025-01-14,16,
LEAD002418,2024-12-29,North,Jaipur,Aarav Sharma,Individual,Marketplace,86,200.60,2,Yes,2025-01-07,9,
LEAD002419,2024-12-29,West,Mumbai,Meera Joshi,Individual,Marketplace,73,206.06,4,Yes,2025-01-08,10,
LEAD002420,2024-12-29,East,Guwahati,Kavya Roy,SME,Marketplace,71,192.72,2,Yes,2025-01-06,8,
LEAD002421,2024-12-29,West,Mumbai,Dev Patel,SME,Google Ads,75,603.48,2,Yes,2025-01-22,24,
LEAD002422,2024-12-29,West,Pune,Meera Joshi,Individual,Walk-in,52,56.66,4,Yes,2025-01-10,12,
LEAD002423,2024-12-30,North,Delhi,Priya Verma,SME,Organic Search,52,89.48,4,Yes,2025-01-06,7,
LEAD002424,2024-12-30,North,Delhi,Karan Malhotra,Individual,Paid Social,57,468.60,3,Yes,2025-01-09,10,
LEAD002425,2024-12-30,West,Mumbai,Rohan Mehta,Individual,Referral,56,106.26,4,Yes,2025-01-08,9,
LEAD002426,2024-12-30,West,Ahmedabad,Rohan Mehta,SME,Organic Search,27,96.71,2,No,,,No Response
LEAD002427,2024-12-31,South,Hyderabad,Isha Reddy,Individual,Google Ads,51,597.64,5,No,,,Not Ready Yet
LEAD002428,2024-12-31,South,Chennai,Sneha Rao,Individual,Organic Search,67,84.33,2,Yes,2025-01-02,2,
LEAD002429,2024-12-31,South,Bengaluru,Isha Reddy,Individual,Marketplace,66,162.01,1,Yes,2025-01-07,7,
LEAD002430,2024-12-31,East,Guwahati,Vikram Sen,Individual,Paid Social,41,384.83,2,No,,,No Response
LEAD002431,2024-12-31,North,Jaipur,Karan Malhotra,Individual,Google Ads,62,676.34,4,No,,,Budget Delayed
LEAD002432,2024-12-31,West,Pune,Dev Patel,Individual,Walk-in,62,55.07,3,Yes,2025-01-10,10,
LEAD002433,2024-12-31,South,Bengaluru,Isha Reddy,Individual,Organic Search,53,91.18,1,Yes,2025-01-13,13,
LEAD002434,2025-01-01,North,Delhi,Karan Malhotra,SME,Marketplace,38,208.03,1,No,,,Price Too High
LEAD002435,2025-01-02,South,Hyderabad,Sneha Rao,SME,Corporate Outreach,59,315.95,2,No,,,Budget Delayed
LEAD002436,2025-01-02,West,Pune,Meera Joshi,SME,Organic Search,54,83.39,5,No,,,Not Ready Yet
LEAD002437,2025-01-02,South,Hyderabad,Isha Reddy,Individual,Organic Search,79,86.05,6,No,,,Competitor Chosen
LEAD002438,2025-01-02,West,Pune,Rohan Mehta,Individual,Marketplace,70,198.46,1,Yes,2025-01-14,12,
LEAD002439,2025-01-02,West,Mumbai,Meera Joshi,Individual,Walk-in,53,54.74,1,Yes,2025-01-08,6,
LEAD002440,2025-01-02,South,Hyderabad,Sneha Rao,Individual,Marketplace,45,200.65,1,Yes,2025-01-10,8,
LEAD002441,2025-01-02,South,Bengaluru,Sneha Rao,Individual,Paid Social,59,450.14,5,No,,,No Response
LEAD002442,2025-01-02,West,Ahmedabad,Dev Patel,SME,Organic Search,56,91.60,3,Yes,2025-01-22,20,
LEAD002443,2025-01-02,North,Lucknow,Priya Verma,Individual,Referral,45,129.86,3,Yes,2025-01-14,12,
LEAD002444,2025-01-02,South,Chennai,Isha Reddy,Individual,Organic Search,34,95.75,4,Yes,2025-01-21,19,
LEAD002445,2025-01-02,South,Hyderabad,Isha Reddy,Corporate,Corporate Outreach,66,261.01,4,Yes,2025-01-30,28,
LEAD002446,2025-01-03,West,Pune,Rohan Mehta,SME,Google Ads,90,682.46,1,Yes,2025-01-28,25,
LEAD002447,2025-01-03,South,Chennai,Sneha Rao,Individual,Paid Social,48,439.91,1,No,,,No Response
LEAD002448,2025-01-03,North,Delhi,Aarav Sharma,Individual,Google Ads,54,707.02,1,Yes,2025-01-27,24,
LEAD002449,2025-01-03,East,Guwahati,Vikram Sen,Individual,Paid Social,44,428.64,3,No,,,Not Ready Yet
LEAD002450,2025-01-03,East,Guwahati,Kavya Roy,Individual,Paid Social,62,389.33,3,No,,,Not Ready Yet
LEAD002451,2025-01-03,West,Pune,Meera Joshi,Corporate,Corporate Outreach,70,285.07,4,Yes,2025-01-14,11,
LEAD002452,2025-01-03,East,Bhubaneswar,Neha Das,Individual,Google Ads,37,629.41,1,Yes,2025-01-07,4,
LEAD002453,2025-01-03,North,Delhi,Priya Verma,Individual,Paid Social,36,421.02,1,No,,,Price Too High
LEAD002454,2025-01-04,East,Guwahati,Kavya Roy,Corporate,Organic Search,43,87.57,3,No,,,No Response
LEAD002455,2025-01-04,West,Ahmedabad,Dev Patel,Individual,Organic Search,52,76.76,4,Yes,2025-01-29,25,
LEAD002456,2025-01-04,South,Hyderabad,Sneha Rao,Individual,Walk-in,30,50.42,1,Yes,2025-01-17,13,
LEAD002457,2025-01-04,West,Pune,Dev Patel,Individual,Paid Social,59,439.11,1,Yes,2025-01-21,17,
LEAD002458,2025-01-04,East,Kolkata,Neha Das,Individual,Referral,47,128.01,6,No,,,No Response
LEAD002459,2025-01-04,West,Ahmedabad,Dev Patel,Individual,Google Ads,73,600.46,3,Yes,2025-01-14,10,
LEAD002460,2025-01-04,West,Pune,Meera Joshi,Individual,Google Ads,64,546.15,5,No,,,Price Too High
LEAD002461,2025-01-04,East,Kolkata,Neha Das,Individual,Organic Search,61,78.15,2,Yes,2025-01-10,6,
LEAD002462,2025-01-04,West,Mumbai,Dev Patel,Corporate,Corporate Outreach,55,317.97,6,Yes,2025-02-05,32,
LEAD002463,2025-01-04,North,Delhi,Priya Verma,Corporate,Corporate Outreach,90,306.88,4,No,,,Budget Delayed
LEAD002464,2025-01-05,South,Bengaluru,Arjun Nair,Individual,Organic Search,60,83.84,2,Yes,2025-01-11,6,
LEAD002465,2025-01-05,West,Pune,Rohan Mehta,Individual,Referral,73,127.92,1,Yes,2025-01-06,1,
LEAD002466,2025-01-05,West,Ahmedabad,Rohan Mehta,Individual,Marketplace,82,169.25,2,Yes,2025-01-09,4,
LEAD002467,2025-01-05,West,Mumbai,Meera Joshi,Individual,Paid Social,43,383.54,5,No,,,Price Too High
LEAD002468,2025-01-05,South,Chennai,Sneha Rao,Individual,Organic Search,69,79.25,2,Yes,2025-01-25,20,
LEAD002469,2025-01-05,North,Delhi,Priya Verma,SME,Marketplace,56,169.63,3,Yes,2025-01-15,10,
LEAD002470,2025-01-06,North,Lucknow,Aarav Sharma,Individual,Paid Social,48,463.75,2,No,,,Price Too High
LEAD002471,2025-01-06,South,Hyderabad,Isha Reddy,SME,Referral,51,114.96,2,Yes,2025-01-08,2,
LEAD002472,2025-01-06,West,Pune,Rohan Mehta,Individual,Organic Search,55,96.82,3,Yes,2025-01-24,18,
LEAD002473,2025-01-06,South,Bengaluru,Arjun Nair,Individual,Google Ads,96,684.01,3,Yes,2025-01-17,11,
LEAD002474,2025-01-06,West,Mumbai,Dev Patel,Individual,Google Ads,62,613.22,5,No,,,Budget Delayed
LEAD002475,2025-01-06,South,Hyderabad,Sneha Rao,Individual,Referral,54,120.81,4,Yes,2025-01-16,10,
LEAD002476,2025-01-06,West,Mumbai,Dev Patel,Corporate,Corporate Outreach,46,241.19,6,No,,,Budget Delayed
LEAD002477,2025-01-06,South,Hyderabad,Isha Reddy,Individual,Marketplace,43,162.80,1,No,,,Competitor Chosen
LEAD002478,2025-01-07,North,Jaipur,Priya Verma,SME,Marketplace,31,205.92,3,Yes,2025-01-13,6,
LEAD002479,2025-01-07,South,Chennai,Sneha Rao,Individual,Google Ads,27,669.74,4,No,,,Competitor Chosen
LEAD002480,2025-01-07,West,Pune,Meera Joshi,Individual,Paid Social,66,434.11,5,No,,,Competitor Chosen
LEAD002481,2025-01-07,North,Jaipur,Priya Verma,SME,Organic Search,56,99.63,2,Yes,2025-01-18,11,
LEAD002482,2025-01-07,West,Mumbai,Meera Joshi,Individual,Walk-in,47,46.92,4,Yes,2025-01-18,11,
LEAD002483,2025-01-07,South,Chennai,Sneha Rao,Individual,Google Ads,47,586.59,3,Yes,2025-01-26,19,
LEAD002484,2025-01-07,South,Hyderabad,Arjun Nair,SME,Walk-in,75,50.20,1,Yes,2025-01-15,8,
LEAD002485,2025-01-07,North,Delhi,Karan Malhotra,SME,Organic Search,74,94.63,4,Yes,2025-01-15,8,
LEAD002486,2025-01-08,North,Jaipur,Aarav Sharma,Individual,Google Ads,79,680.79,2,No,,,Competitor Chosen
LEAD002487,2025-01-08,North,Jaipur,Priya Verma,Corporate,Corporate Outreach,39,304.94,1,Yes,2025-02-10,33,
LEAD002488,2025-01-08,South,Bengaluru,Sneha Rao,Individual,Paid Social,45,422.57,6,No,,,Price Too High
LEAD002489,2025-01-08,East,Bhubaneswar,Neha Das,Individual,Marketplace,33,199.37,6,No,,,Competitor Chosen
LEAD002490,2025-01-08,West,Pune,Dev Patel,Corporate,Corporate Outreach,66,289.77,1,No,,,Budget Delayed
LEAD002491,2025-01-08,North,Delhi,Aarav Sharma,Corporate,Corporate Outreach,79,247.03,6,No,,,Not Ready Yet
LEAD002492,2025-01-08,North,Jaipur,Aarav Sharma,SME,Paid Social,44,429.19,3,No,,,No Response
LEAD002493,2025-01-08,North,Lucknow,Aarav Sharma,Individual,Walk-in,76,50.02,6,No,,,No Response
LEAD002494,2025-01-09,South,Hyderabad,Arjun Nair,Individual,Marketplace,41,192.41,4,Yes,2025-01-13,4,
LEAD002495,2025-01-09,East,Bhubaneswar,Neha Das,Individual,Paid Social,53,399.56,3,No,,,Price Too High
LEAD002496,2025-01-09,North,Lucknow,Karan Malhotra,Individual,Organic Search,40,78.06,3,Yes,2025-01-16,7,
LEAD002497,2025-01-09,North,Jaipur,Karan Malhotra,Individual,Walk-in,46,56.46,6,No,,,Price Too High
LEAD002498,2025-01-09,West,Ahmedabad,Meera Joshi,Individual,Google Ads,67,679.57,2,Yes,2025-01-14,5,
LEAD002499,2025-01-10,South,Hyderabad,Sneha Rao,Individual,Organic Search,53,93.29,4,Yes,2025-01-21,11,
LEAD002500,2025-01-10,West,Mumbai,Meera Joshi,Individual,Organic Search,57,83.96,4,Yes,2025-01-20,10,
LEAD002501,2025-01-10,West,Ahmedabad,Rohan Mehta,Individual,Marketplace,49,217.65,1,Yes,2025-01-16,6,
LEAD002502,2025-01-10,North,Jaipur,Karan Malhotra,Individual,Google Ads,62,645.76,1,Yes,2025-01-25,15,
LEAD002503,2025-01-10,East,Kolkata,Neha Das,Individual,Paid Social,54,457.69,4,Yes,2025-01-29,19,
LEAD002504,2025-01-11,South,Bengaluru,Sneha Rao,Individual,Google Ads,68,636.02,2,Yes,2025-01-13,2,
LEAD002505,2025-01-11,South,Hyderabad,Isha Reddy,Individual,Marketplace,62,166.90,3,No,,,Not Ready Yet
LEAD002506,2025-01-11,West,Ahmedabad,Dev Patel,Individual,Walk-in,54,51.61,1,No,,,Competitor Chosen
LEAD002507,2025-01-11,South,Bengaluru,Arjun Nair,Individual,Referral,79,132.00,2,Yes,2025-01-13,2,
LEAD002508,2025-01-11,South,Hyderabad,Sneha Rao,Individual,Walk-in,61,50.54,1,Yes,2025-01-19,8,
LEAD002509,2025-01-12,South,Hyderabad,Sneha Rao,Individual,Organic Search,72,102.26,5,No,,,Not Ready Yet
LEAD002510,2025-01-12,South,Chennai,Sneha Rao,Individual,Marketplace,82,170.26,1,Yes,2025-01-19,7,
LEAD002511,2025-01-12,South,Bengaluru,Sneha Rao,Individual,Organic Search,50,77.62,3,Yes,2025-02-01,20,
LEAD002512,2025-01-12,North,Lucknow,Aarav Sharma,Individual,Referral,61,120.80,4,No,,,No Response
LEAD002513,2025-01-12,West,Mumbai,Meera Joshi,Individual,Organic Search,53,97.80,2,No,,,Not Ready Yet
LEAD002514,2025-01-12,South,Chennai,Isha Reddy,Individual,Organic Search,61,88.09,1,Yes,2025-01-25,13,
LEAD002515,2025-01-13,West,Mumbai,Rohan Mehta,Individual,Paid Social,55,476.89,2,Yes,2025-01-18,5,
LEAD002516,2025-01-13,South,Chennai,Isha Reddy,Individual,Referral,61,113.68,2,Yes,2025-01-14,1,
LEAD002517,2025-01-13,South,Chennai,Arjun Nair,Individual,Marketplace,82,208.01,3,Yes,2025-01-26,13,
LEAD002518,2025-01-14,West,Pune,Dev Patel,Individual,Referral,75,133.73,1,No,,,Budget Delayed
LEAD002519,2025-01-14,South,Hyderabad,Isha Reddy,SME,Corporate Outreach,69,243.47,1,Yes,2025-01-21,7,
LEAD002520,2025-01-14,South,Chennai,Arjun Nair,Individual,Organic Search,61,100.53,1,No,,,Not Ready Yet
LEAD002521,2025-01-14,South,Bengaluru,Isha Reddy,SME,Paid Social,71,482.51,4,Yes,2025-02-04,21,
LEAD002522,2025-01-14,North,Lucknow,Karan Malhotra,SME,Google Ads,62,689.80,3,No,,,No Response
LEAD002523,2025-01-14,North,Delhi,Karan Malhotra,Individual,Walk-in,41,52.88,4,No,,,Budget Delayed
LEAD002524,2025-01-15,West,Mumbai,Meera Joshi,Individual,Organic Search,86,91.93,3,Yes,2025-02-03,19,
LEAD002525,2025-01-15,North,Delhi,Karan Malhotra,Corporate,Corporate Outreach,70,316.11,4,Yes,2025-02-14,30,
LEAD002526,2025-01-15,East,Kolkata,Neha Das,Individual,Walk-in,74,49.31,3,Yes,2025-01-26,11,
LEAD002527,2025-01-15,South,Hyderabad,Isha Reddy,SME,Google Ads,87,709.36,4,No,,,Price Too High
LEAD002528,2025-01-15,West,Pune,Meera Joshi,Individual,Google Ads,78,552.06,1,Yes,2025-02-04,20,
LEAD002529,2025-01-16,South,Chennai,Sneha Rao,Individual,Paid Social,47,435.18,2,No,,,Budget Delayed
LEAD002530,2025-01-16,West,Ahmedabad,Meera Joshi,Individual,Organic Search,62,92.55,4,No,,,Not Ready Yet
LEAD002531,2025-01-16,South,Chennai,Arjun Nair,Individual,Organic Search,46,94.96,6,No,,,No Response
LEAD002532,2025-01-17,North,Delhi,Priya Verma,SME,Referral,74,113.60,2,Yes,2025-01-19,2,
LEAD002533,2025-01-17,North,Lucknow,Priya Verma,Individual,Walk-in,54,51.50,3,Yes,2025-01-29,12,
LEAD002534,2025-01-17,South,Hyderabad,Sneha Rao,Individual,Walk-in,60,51.89,1,Yes,2025-01-20,3,
LEAD002535,2025-01-17,East,Guwahati,Neha Das,Individual,Organic Search,54,85.39,1,Yes,2025-02-01,15,
LEAD002536,2025-01-18,East,Bhubaneswar,Neha Das,Individual,Google Ads,40,528.23,1,Yes,2025-02-11,24,
LEAD002537,2025-01-18,North,Delhi,Karan Malhotra,Individual,Google Ads,57,646.17,3,No,,,Not Ready Yet
LEAD002538,2025-01-18,North,Lucknow,Karan Malhotra,Corporate,Corporate Outreach,33,310.08,6,No,,,Not Ready Yet
LEAD002539,2025-01-18,South,Hyderabad,Arjun Nair,Individual,Paid Social,48,420.59,1,No,,,Not Ready Yet
LEAD002540,2025-01-19,West,Mumbai,Rohan Mehta,Individual,Marketplace,46,190.13,6,No,,,No Response
LEAD002541,2025-01-19,South,Chennai,Isha Reddy,Individual,Organic Search,42,98.39,4,Yes,2025-02-04,16,
LEAD002542,2025-01-19,South,Hyderabad,Arjun Nair,Individual,Google Ads,95,604.56,3,No,,,Not Ready Yet
LEAD002543,2025-01-19,South,Bengaluru,Isha Reddy,Corporate,Corporate Outreach,57,262.82,2,No,,,No Response
LEAD002544,2025-01-19,North,Jaipur,Aarav Sharma,Individual,Organic Search,18,96.95,5,No,,,Competitor Chosen
LEAD002545,2025-01-19,West,Mumbai,Rohan Mehta,Individual,Google Ads,40,710.58,4,No,,,Price Too High
LEAD002546,2025-01-20,West,Pune,Meera Joshi,Corporate,Referral,59,113.55,3,Yes,2025-02-28,39,
LEAD002547,2025-01-20,South,Hyderabad,Sneha Rao,SME,Organic Search,48,91.50,4,Yes,2025-01-28,8,
LEAD002548,2025-01-20,South,Bengaluru,Isha Reddy,Individual,Organic Search,48,84.48,1,No,,,No Response
LEAD002549,2025-01-20,East,Kolkata,Neha Das,Individual,Referral,85,107.12,3,Yes,2025-01-25,5,
LEAD002550,2025-01-20,South,Hyderabad,Arjun Nair,Individual,Paid Social,71,374.42,2,Yes,2025-01-28,8,
LEAD002551,2025-01-20,South,Chennai,Sneha Rao,SME,Walk-in,51,44.97,4,Yes,2025-01-25,5,
LEAD002552,2025-01-20,West,Pune,Rohan Mehta,Individual,Walk-in,66,45.89,3,Yes,2025-02-02,13,
LEAD002553,2025-01-21,West,Pune,Meera Joshi,SME,Referral,54,132.16,1,Yes,2025-01-23,2,
LEAD002554,2025-01-21,West,Pune,Dev Patel,Corporate,Organic Search,72,92.45,5,Yes,2025-02-21,31,
LEAD002555,2025-01-21,West,Mumbai,Meera Joshi,Individual,Marketplace,40,215.80,1,Yes,2025-02-04,14,
LEAD002556,2025-01-21,North,Delhi,Aarav Sharma,Individual,Marketplace,56,214.47,1,Yes,2025-01-30,9,
LEAD002557,2025-01-21,West,Mumbai,Rohan Mehta,Individual,Marketplace,54,184.09,5,No,,,Price Too High
LEAD002558,2025-01-21,West,Pune,Dev Patel,SME,Google Ads,27,603.47,2,No,,,No Response
LEAD002559,2025-01-21,East,Bhubaneswar,Neha Das,Individual,Referral,29,106.33,2,Yes,2025-02-04,14,
LEAD002560,2025-01-22,East,Bhubaneswar,Kavya Roy,Individual,Organic Search,70,90.09,2,No,,,Not Ready Yet
LEAD002561,2025-01-22,South,Hyderabad,Arjun Nair,Individual,Google Ads,43,563.75,2,No,,,Competitor Chosen
LEAD002562,2025-01-22,North,Delhi,Priya Verma,Individual,Marketplace,63,212.81,1,Yes,2025-01-25,3,
LEAD002563,2025-01-22,West,Ahmedabad,Rohan Mehta,SME,Referral,72,109.40,3,Yes,2025-02-02,11,
LEAD002564,2025-01-23,West,Ahmedabad,Meera Joshi,Individual,Marketplace,57,217.44,3,Yes,2025-02-01,9,
LEAD002565,2025-01-23,South,Hyderabad,Sneha Rao,Corporate,Corporate Outreach,72,301.60,4,Yes,2025-02-05,13,
LEAD002566,2025-01-23,North,Jaipur,Karan Malhotra,Corporate,Organic Search,60,95.11,1,Yes,2025-02-06,14,
LEAD002567,2025-01-23,South,Hyderabad,Arjun Nair,SME,Marketplace,66,165.68,2,Yes,2025-01-28,5,
LEAD002568,2025-01-23,North,Jaipur,Aarav Sharma,Corporate,Corporate Outreach,35,271.09,2,No,,,Not Ready Yet
LEAD002569,2025-01-23,South,Bengaluru,Arjun Nair,Individual,Paid Social,38,374.78,4,Yes,2025-02-11,19,
LEAD002570,2025-01-24,South,Bengaluru,Arjun Nair,Individual,Referral,68,136.56,1,Yes,2025-01-28,4,
LEAD002571,2025-01-24,South,Chennai,Sneha Rao,Individual,Paid Social,59,475.09,6,No,,,Budget Delayed
LEAD002572,2025-01-24,North,Lucknow,Aarav Sharma,Individual,Organic Search,65,102.61,3,No,,,No Response
LEAD002573,2025-01-24,West,Mumbai,Rohan Mehta,Individual,Google Ads,39,543.19,1,Yes,2025-02-13,20,
LEAD002574,2025-01-24,South,Hyderabad,Arjun Nair,Individual,Marketplace,40,201.63,3,No,,,Budget Delayed
LEAD002575,2025-01-25,North,Lucknow,Karan Malhotra,Individual,Marketplace,40,183.24,1,Yes,2025-02-05,11,
LEAD002576,2025-01-25,South,Hyderabad,Arjun Nair,Individual,Google Ads,85,548.98,4,Yes,2025-01-28,3,
LEAD002577,2025-01-25,South,Chennai,Arjun Nair,Individual,Google Ads,55,608.62,4,No,,,Competitor Chosen
LEAD002578,2025-01-25,North,Delhi,Priya Verma,Individual,Paid Social,48,483.54,6,No,,,No Response
LEAD002579,2025-01-25,West,Mumbai,Meera Joshi,Individual,Organic Search,52,82.05,4,No,,,Competitor Chosen
LEAD002580,2025-01-25,South,Chennai,Arjun Nair,Individual,Marketplace,46,190.48,4,Yes,2025-01-31,6,
LEAD002581,2025-01-25,South,Chennai,Isha Reddy,Individual,Walk-in,82,45.51,4,Yes,2025-02-04,10,
LEAD002582,2025-01-26,West,Mumbai,Meera Joshi,SME,Marketplace,63,215.59,3,No,,,Budget Delayed
LEAD002583,2025-01-26,East,Guwahati,Neha Das,Individual,Marketplace,71,199.00,4,Yes,2025-02-02,7,
LEAD002584,2025-01-26,East,Bhubaneswar,Neha Das,Individual,Walk-in,62,49.17,6,No,,,No Response
LEAD002585,2025-01-26,South,Hyderabad,Arjun Nair,SME,Walk-in,82,46.63,2,Yes,2025-02-09,14,
LEAD002586,2025-01-26,West,Mumbai,Meera Joshi,Individual,Referral,61,110.69,3,Yes,2025-01-27,1,
LEAD002587,2025-01-26,West,Pune,Rohan Mehta,Individual,Google Ads,66,588.89,3,Yes,2025-02-04,9,
LEAD002588,2025-01-26,North,Delhi,Priya Verma,Individual,Marketplace,42,182.85,1,Yes,2025-02-03,8,
LEAD002589,2025-01-26,West,Mumbai,Dev Patel,Individual,Google Ads,67,583.35,4,Yes,2025-02-10,15,
LEAD002590,2025-01-26,South,Bengaluru,Arjun Nair,SME,Organic Search,80,102.62,1,Yes,2025-02-03,8,
LEAD002591,2025-01-27,South,Bengaluru,Sneha Rao,SME,Paid Social,73,378.83,3,Yes,2025-01-29,2,
LEAD002592,2025-01-27,South,Chennai,Arjun Nair,Individual,Google Ads,96,565.31,4,Yes,2025-02-18,22,
LEAD002593,2025-01-27,East,Guwahati,Neha Das,Individual,Paid Social,34,461.68,4,No,,,Not Ready Yet
LEAD002594,2025-01-27,North,Lucknow,Aarav Sharma,SME,Google Ads,18,547.73,5,No,,,No Response
LEAD002595,2025-01-27,South,Chennai,Isha Reddy,Corporate,Referral,68,119.61,1,No,,,Price Too High
LEAD002596,2025-01-28,North,Lucknow,Aarav Sharma,Individual,Referral,60,123.31,3,Yes,2025-02-02,5,
LEAD002597,2025-01-28,West,Pune,Meera Joshi,Individual,Organic Search,60,82.30,3,Yes,2025-02-07,10,
LEAD002598,2025-01-28,West,Ahmedabad,Meera Joshi,Individual,Marketplace,86,162.81,3,Yes,2025-02-01,4,
LEAD002599,2025-01-29,South,Hyderabad,Isha Reddy,Individual,Google Ads,64,607.48,5,No,,,No Response
LEAD002600,2025-01-29,West,Pune,Dev Patel,SME,Walk-in,73,51.50,2,Yes,2025-01-31,2,
LEAD002601,2025-01-29,North,Jaipur,Aarav Sharma,SME,Referral,78,136.56,3,Yes,2025-02-08,10,
LEAD002602,2025-01-29,North,Jaipur,Aarav Sharma,SME,Google Ads,70,528.67,4,Yes,2025-02-16,18,
LEAD002603,2025-01-29,East,Kolkata,Vikram Sen,Individual,Organic Search,83,79.72,3,Yes,2025-02-20,22,
LEAD002604,2025-01-30,North,Delhi,Aarav Sharma,Individual,Marketplace,65,186.66,3,Yes,2025-02-12,13,
LEAD002605,2025-01-30,South,Hyderabad,Sneha Rao,SME,Google Ads,32,588.11,4,No,,,Not Ready Yet
LEAD002606,2025-01-30,North,Jaipur,Priya Verma,SME,Walk-in,55,51.72,1,Yes,2025-02-08,9,
LEAD002607,2025-01-30,North,Lucknow,Karan Malhotra,SME,Referral,72,136.14,3,No,,,Price Too High
LEAD002608,2025-01-30,West,Ahmedabad,Meera Joshi,SME,Referral,40,134.00,3,Yes,2025-02-04,5,
LEAD002609,2025-01-30,West,Pune,Meera Joshi,Corporate,Referral,98,133.95,1,No,,,No Response
LEAD002610,2025-01-31,West,Ahmedabad,Meera Joshi,Individual,Referral,73,107.72,3,Yes,2025-02-02,2,
LEAD002611,2025-01-31,South,Hyderabad,Sneha Rao,Individual,Referral,55,134.77,2,Yes,2025-02-10,10,
LEAD002612,2025-01-31,West,Ahmedabad,Meera Joshi,Individual,Organic Search,47,98.19,1,Yes,2025-02-16,16,
LEAD002613,2025-02-01,North,Lucknow,Aarav Sharma,SME,Walk-in,60,45.73,3,Yes,2025-02-15,14,
LEAD002614,2025-02-01,West,Ahmedabad,Rohan Mehta,Individual,Organic Search,66,95.39,2,Yes,2025-02-20,19,
LEAD002615,2025-02-01,South,Chennai,Arjun Nair,Corporate,Corporate Outreach,68,257.95,6,No,,,Price Too High
LEAD002616,2025-02-01,East,Guwahati,Neha Das,Individual,Google Ads,51,667.71,5,No,,,No Response
LEAD002617,2025-02-01,West,Pune,Rohan Mehta,Individual,Paid Social,52,396.03,6,No,,,Competitor Chosen
LEAD002618,2025-02-02,South,Hyderabad,Sneha Rao,Individual,Paid Social,41,477.77,2,No,,,Budget Delayed
LEAD002619,2025-02-02,West,Mumbai,Rohan Mehta,Individual,Marketplace,69,200.58,3,No,,,Competitor Chosen
LEAD002620,2025-02-02,South,Chennai,Isha Reddy,SME,Google Ads,65,536.98,2,Yes,2025-02-05,3,
LEAD002621,2025-02-02,West,Pune,Dev Patel,SME,Marketplace,51,199.99,4,No,,,No Response
LEAD002622,2025-02-03,West,Ahmedabad,Meera Joshi,Individual,Google Ads,69,664.10,6,No,,,Budget Delayed
LEAD002623,2025-02-03,West,Mumbai,Meera Joshi,Individual,Referral,98,123.44,4,Yes,2025-02-17,14,
LEAD002624,2025-02-03,West,Ahmedabad,Dev Patel,Individual,Walk-in,66,50.12,3,Yes,2025-02-17,14,
LEAD002625,2025-02-03,North,Delhi,Karan Malhotra,Individual,Organic Search,45,101.71,4,No,,,Competitor Chosen
LEAD002626,2025-02-03,North,Jaipur,Aarav Sharma,Individual,Marketplace,63,169.96,4,Yes,2025-02-07,4,
LEAD002627,2025-02-03,North,Jaipur,Aarav Sharma,Individual,Paid Social,69,442.88,3,No,,,Not Ready Yet
LEAD002628,2025-02-04,North,Lucknow,Karan Malhotra,Individual,Paid Social,57,379.11,6,No,,,Budget Delayed
LEAD002629,2025-02-04,West,Mumbai,Dev Patel,Individual,Paid Social,57,481.81,5,No,,,Price Too High
LEAD002630,2025-02-04,East,Bhubaneswar,Neha Das,Individual,Referral,59,130.16,4,No,,,No Response
LEAD002631,2025-02-04,East,Guwahati,Neha Das,Individual,Paid Social,35,454.95,3,No,,,Not Ready Yet
LEAD002632,2025-02-04,North,Delhi,Karan Malhotra,SME,Organic Search,78,91.50,3,Yes,2025-02-17,13,
LEAD002633,2025-02-05,South,Hyderabad,Isha Reddy,Corporate,Google Ads,47,711.53,4,Yes,2025-02-20,15,
LEAD002634,2025-02-05,East,Bhubaneswar,Vikram Sen,Individual,Marketplace,70,205.06,6,No,,,Not Ready Yet
LEAD002635,2025-02-05,West,Mumbai,Dev Patel,Individual,Organic Search,82,97.00,4,Yes,2025-02-23,18,
LEAD002636,2025-02-05,North,Delhi,Priya Verma,Individual,Marketplace,56,170.54,5,No,,,No Response
LEAD002637,2025-02-06,South,Hyderabad,Isha Reddy,Individual,Google Ads,54,688.88,6,No,,,Not Ready Yet
LEAD002638,2025-02-06,South,Hyderabad,Isha Reddy,Individual,Marketplace,61,198.34,3,Yes,2025-02-15,9,
LEAD002639,2025-02-06,North,Delhi,Priya Verma,Individual,Walk-in,59,45.10,2,Yes,2025-02-20,14,
LEAD002640,2025-02-06,North,Delhi,Aarav Sharma,Individual,Organic Search,63,101.89,2,No,,,Competitor Chosen
LEAD002641,2025-02-06,West,Pune,Rohan Mehta,Individual,Organic Search,52,101.98,4,No,,,No Response
LEAD002642,2025-02-06,East,Kolkata,Kavya Roy,Individual,Paid Social,43,462.60,4,No,,,No Response
LEAD002643,2025-02-06,West,Pune,Meera Joshi,Individual,Marketplace,77,178.54,2,Yes,2025-02-15,9,
LEAD002644,2025-02-07,South,Bengaluru,Sneha Rao,SME,Paid Social,34,470.79,3,No,,,Price Too High
LEAD002645,2025-02-07,West,Ahmedabad,Meera Joshi,Individual,Paid Social,55,417.93,5,No,,,Budget Delayed
LEAD002646,2025-02-07,West,Ahmedabad,Meera Joshi,Individual,Referral,40,111.81,3,Yes,2025-02-15,8,
LEAD002647,2025-02-07,West,Mumbai,Dev Patel,Individual,Organic Search,68,91.86,2,No,,,Not Ready Yet
LEAD002648,2025-02-07,South,Bengaluru,Arjun Nair,Individual,Paid Social,48,444.84,2,Yes,2025-02-13,6,
LEAD002649,2025-02-07,North,Delhi,Priya Verma,SME,Referral,85,129.56,3,Yes,2025-02-14,7,
LEAD002650,2025-02-07,South,Hyderabad,Isha Reddy,Corporate,Corporate Outreach,59,283.17,1,No,,,Competitor Chosen
LEAD002651,2025-02-07,South,Hyderabad,Sneha Rao,Individual,Walk-in,36,44.56,4,Yes,2025-02-14,7,
LEAD002652,2025-02-08,East,Kolkata,Vikram Sen,Individual,Referral,43,126.32,1,No,,,Not Ready Yet
LEAD002653,2025-02-08,North,Jaipur,Priya Verma,Corporate,Referral,98,135.42,1,Yes,2025-03-03,23,
LEAD002654,2025-02-08,South,Bengaluru,Arjun Nair,Individual,Marketplace,55,199.27,4,Yes,2025-02-21,13,
LEAD002655,2025-02-08,South,Hyderabad,Arjun Nair,SME,Paid Social,36,374.16,3,Yes,2025-02-21,13,
LEAD002656,2025-02-08,South,Chennai,Isha Reddy,SME,Walk-in,72,45.72,3,Yes,2025-02-13,5,
LEAD002657,2025-02-08,West,Mumbai,Meera Joshi,Individual,Paid Social,52,388.41,3,Yes,2025-02-18,10,
LEAD002658,2025-02-08,North,Delhi,Karan Malhotra,Individual,Paid Social,69,383.21,1,No,,,Not Ready Yet
LEAD002659,2025-02-08,North,Delhi,Karan Malhotra,Individual,Marketplace,37,182.82,4,Yes,2025-02-14,6,
LEAD002660,2025-02-08,North,Delhi,Karan Malhotra,Individual,Paid Social,82,472.95,2,No,,,Not Ready Yet
LEAD002661,2025-02-08,South,Hyderabad,Arjun Nair,SME,Paid Social,62,371.64,5,No,,,Competitor Chosen
LEAD002662,2025-02-08,North,Delhi,Karan Malhotra,Individual,Google Ads,57,641.50,6,No,,,Budget Delayed
LEAD002663,2025-02-09,North,Lucknow,Aarav Sharma,Individual,Organic Search,43,92.17,3,Yes,2025-03-03,22,
LEAD002664,2025-02-09,South,Hyderabad,Isha Reddy,Individual,Walk-in,46,47.77,2,Yes,2025-02-21,12,
LEAD002665,2025-02-09,South,Bengaluru,Sneha Rao,SME,Google Ads,72,643.72,1,Yes,2025-02-20,11,
LEAD002666,2025-02-09,West,Ahmedabad,Dev Patel,Individual,Organic Search,47,80.63,1,No,,,Competitor Chosen
LEAD002667,2025-02-09,East,Kolkata,Neha Das,Individual,Paid Social,34,423.16,1,No,,,No Response
LEAD002668,2025-02-09,East,Kolkata,Neha Das,Individual,Referral,95,108.47,1,Yes,2025-02-13,4,
LEAD002669,2025-02-09,West,Mumbai,Rohan Mehta,Individual,Organic Search,71,87.80,1,Yes,2025-02-27,18,
LEAD002670,2025-02-09,North,Delhi,Priya Verma,Individual,Paid Social,61,417.77,1,No,,,Competitor Chosen
LEAD002671,2025-02-09,East,Bhubaneswar,Vikram Sen,Individual,Google Ads,89,629.27,4,Yes,2025-03-06,25,
LEAD002672,2025-02-10,North,Jaipur,Priya Verma,Individual,Organic Search,59,95.34,1,Yes,2025-02-17,7,
LEAD002673,2025-02-10,North,Delhi,Karan Malhotra,Individual,Walk-in,72,53.90,5,No,,,Budget Delayed
LEAD002674,2025-02-10,East,Kolkata,Neha Das,Individual,Google Ads,55,688.98,3,No,,,Not Ready Yet
LEAD002675,2025-02-10,West,Pune,Rohan Mehta,SME,Referral,77,107.32,1,Yes,2025-02-14,4,
LEAD002676,2025-02-10,North,Jaipur,Priya Verma,SME,Marketplace,85,203.64,3,Yes,2025-02-21,11,
LEAD002677,2025-02-10,South,Bengaluru,Sneha Rao,Individual,Marketplace,54,205.91,5,No,,,No Response
LEAD002678,2025-02-10,North,Jaipur,Aarav Sharma,Individual,Walk-in,53,45.55,2,No,,,Not Ready Yet
LEAD002679,2025-02-10,North,Delhi,Karan Malhotra,SME,Walk-in,66,44.29,3,Yes,2025-02-20,10,
LEAD002680,2025-02-10,South,Bengaluru,Arjun Nair,Corporate,Corporate Outreach,79,238.90,1,No,,,Budget Delayed
LEAD002681,2025-02-10,East,Kolkata,Vikram Sen,Individual,Organic Search,49,99.79,2,Yes,2025-03-05,23,
LEAD002682,2025-02-10,East,Bhubaneswar,Kavya Roy,SME,Organic Search,28,90.79,5,No,,,No Response
LEAD002683,2025-02-11,West,Pune,Meera Joshi,Individual,Referral,41,129.49,5,No,,,Price Too High
LEAD002684,2025-02-11,North,Delhi,Priya Verma,SME,Corporate Outreach,58,284.05,4,No,,,Competitor Chosen
LEAD002685,2025-02-11,North,Jaipur,Priya Verma,Individual,Marketplace,42,202.69,3,Yes,2025-02-21,10,
LEAD002686,2025-02-11,North,Delhi,Karan Malhotra,SME,Google Ads,73,709.12,3,No,,,Budget Delayed
LEAD002687,2025-02-11,West,Mumbai,Meera Joshi,Individual,Referral,93,116.11,1,No,,,Competitor Chosen
LEAD002688,2025-02-11,South,Hyderabad,Isha Reddy,Individual,Organic Search,21,92.19,2,No,,,No Response
LEAD002689,2025-02-11,South,Hyderabad,Sneha Rao,Corporate,Google Ads,43,608.12,1,No,,,Price Too High
LEAD002690,2025-02-11,South,Bengaluru,Sneha Rao,Individual,Referral,43,102.12,2,No,,,No Response
LEAD002691,2025-02-11,South,Hyderabad,Isha Reddy,Individual,Paid Social,50,417.90,2,No,,,No Response
LEAD002692,2025-02-12,North,Delhi,Karan Malhotra,Individual,Paid Social,49,466.75,4,No,,,Not Ready Yet
LEAD002693,2025-02-12,North,Jaipur,Priya Verma,Individual,Google Ads,84,647.43,4,Yes,2025-02-24,12,
LEAD002694,2025-02-12,South,Hyderabad,Arjun Nair,Individual,Organic Search,85,102.47,3,Yes,2025-02-20,8,
LEAD002695,2025-02-12,West,Pune,Dev Patel,Individual,Marketplace,61,216.84,1,Yes,2025-02-26,14,
LEAD002696,2025-02-13,West,Mumbai,Dev Patel,SME,Corporate Outreach,50,303.72,3,No,,,Budget Delayed
LEAD002697,2025-02-13,South,Hyderabad,Sneha Rao,Individual,Organic Search,46,89.27,5,No,,,No Response
LEAD002698,2025-02-13,West,Mumbai,Rohan Mehta,SME,Referral,68,135.98,4,Yes,2025-02-22,9,
LEAD002699,2025-02-13,North,Delhi,Aarav Sharma,Individual,Marketplace,78,173.82,6,No,,,Competitor Chosen
LEAD002700,2025-02-14,North,Delhi,Karan Malhotra,Individual,Walk-in,48,55.14,1,Yes,2025-02-17,3,
LEAD002701,2025-02-14,South,Bengaluru,Arjun Nair,SME,Paid Social,45,438.85,1,No,,,Competitor Chosen
LEAD002702,2025-02-14,East,Bhubaneswar,Vikram Sen,Individual,Referral,61,129.53,2,Yes,2025-02-16,2,
LEAD002703,2025-02-14,West,Mumbai,Meera Joshi,Individual,Paid Social,28,408.00,3,No,,,Price Too High
LEAD002704,2025-02-14,West,Pune,Rohan Mehta,Individual,Referral,63,111.13,4,Yes,2025-02-23,9,
LEAD002705,2025-02-14,West,Mumbai,Dev Patel,Individual,Referral,60,122.54,1,No,,,No Response
LEAD002706,2025-02-14,North,Delhi,Karan Malhotra,Individual,Paid Social,44,485.82,4,No,,,No Response
LEAD002707,2025-02-14,South,Hyderabad,Arjun Nair,Individual,Walk-in,31,56.98,1,No,,,No Response
LEAD002708,2025-02-14,South,Hyderabad,Arjun Nair,SME,Referral,76,134.93,1,Yes,2025-02-18,4,
LEAD002709,2025-02-14,South,Bengaluru,Isha Reddy,Individual,Google Ads,34,592.42,4,Yes,2025-02-26,12,
LEAD002710,2025-02-15,South,Bengaluru,Arjun Nair,Individual,Referral,65,115.70,2,Yes,2025-02-27,12,
LEAD002711,2025-02-15,South,Hyderabad,Isha Reddy,Individual,Paid Social,61,434.62,4,Yes,2025-02-20,5,
LEAD002712,2025-02-15,East,Bhubaneswar,Vikram Sen,SME,Referral,58,110.20,3,Yes,2025-02-22,7,
LEAD002713,2025-02-15,East,Bhubaneswar,Neha Das,Individual,Organic Search,59,83.53,4,Yes,2025-03-04,17,
LEAD002714,2025-02-16,North,Delhi,Karan Malhotra,Individual,Marketplace,52,190.28,1,Yes,2025-03-02,14,
LEAD002715,2025-02-16,South,Hyderabad,Isha Reddy,SME,Walk-in,86,48.05,2,Yes,2025-03-02,14,
LEAD002716,2025-02-16,East,Kolkata,Kavya Roy,Individual,Paid Social,77,457.95,1,No,,,Price Too High
LEAD002717,2025-02-17,North,Delhi,Priya Verma,Individual,Organic Search,92,86.88,2,Yes,2025-03-12,23,
LEAD002718,2025-02-17,West,Ahmedabad,Meera Joshi,Individual,Marketplace,80,208.84,1,Yes,2025-02-20,3,
LEAD002719,2025-02-17,West,Mumbai,Meera Joshi,Individual,Referral,73,129.03,1,Yes,2025-02-25,8,
LEAD002720,2025-02-17,North,Delhi,Priya Verma,Individual,Marketplace,66,208.99,5,No,,,Not Ready Yet
LEAD002721,2025-02-17,North,Jaipur,Karan Malhotra,Individual,Paid Social,56,440.07,1,No,,,Price Too High
LEAD002722,2025-02-18,South,Bengaluru,Sneha Rao,Individual,Organic Search,47,81.29,6,No,,,Price Too High
LEAD002723,2025-02-18,East,Kolkata,Kavya Roy,Individual,Google Ads,74,650.59,3,No,,,No Response
LEAD002724,2025-02-18,North,Jaipur,Priya Verma,Individual,Organic Search,65,96.23,4,No,,,No Response
LEAD002725,2025-02-18,North,Jaipur,Karan Malhotra,SME,Organic Search,77,93.96,5,No,,,Price Too High
LEAD002726,2025-02-18,North,Delhi,Priya Verma,Individual,Paid Social,39,404.72,2,No,,,Budget Delayed
LEAD002727,2025-02-18,North,Delhi,Karan Malhotra,SME,Walk-in,67,50.06,3,Yes,2025-02-28,10,
LEAD002728,2025-02-18,West,Mumbai,Rohan Mehta,Individual,Paid Social,60,481.77,4,Yes,2025-03-14,24,
LEAD002729,2025-02-18,South,Hyderabad,Arjun Nair,SME,Paid Social,71,423.58,6,No,,,Price Too High
LEAD002730,2025-02-18,East,Kolkata,Kavya Roy,SME,Walk-in,84,48.55,4,Yes,2025-02-25,7,
LEAD002731,2025-02-18,South,Hyderabad,Isha Reddy,Individual,Paid Social,71,479.91,4,Yes,2025-03-04,14,
LEAD002732,2025-02-18,West,Pune,Rohan Mehta,Corporate,Corporate Outreach,50,254.08,3,Yes,2025-03-05,15,
LEAD002733,2025-02-19,North,Delhi,Karan Malhotra,Individual,Organic Search,64,87.37,2,No,,,Price Too High
LEAD002734,2025-02-19,South,Chennai,Sneha Rao,Individual,Paid Social,69,384.53,1,No,,,Budget Delayed
LEAD002735,2025-02-20,South,Chennai,Arjun Nair,Individual,Marketplace,51,162.07,2,Yes,2025-03-05,13,
LEAD002736,2025-02-20,North,Delhi,Priya Verma,Individual,Paid Social,53,426.66,1,No,,,Budget Delayed
LEAD002737,2025-02-20,North,Lucknow,Karan Malhotra,Corporate,Corporate Outreach,92,297.31,5,No,,,No Response
LEAD002738,2025-02-20,East,Bhubaneswar,Neha Das,Individual,Marketplace,56,169.14,4,No,,,No Response
LEAD002739,2025-02-20,North,Jaipur,Aarav Sharma,SME,Marketplace,68,210.20,3,Yes,2025-02-21,1,
LEAD002740,2025-02-21,North,Jaipur,Karan Malhotra,SME,Referral,69,130.96,3,No,,,Budget Delayed
LEAD002741,2025-02-21,North,Delhi,Priya Verma,Individual,Marketplace,32,195.33,5,No,,,Competitor Chosen
LEAD002742,2025-02-21,West,Ahmedabad,Dev Patel,Corporate,Referral,76,108.67,6,Yes,2025-03-21,28,
LEAD002743,2025-02-21,West,Mumbai,Dev Patel,Individual,Marketplace,28,205.79,6,No,,,Competitor Chosen
LEAD002744,2025-02-22,West,Pune,Dev Patel,Individual,Marketplace,42,198.59,1,No,,,No Response
LEAD002745,2025-02-22,North,Lucknow,Priya Verma,SME,Google Ads,37,661.94,1,No,,,Budget Delayed
LEAD002746,2025-02-22,South,Hyderabad,Isha Reddy,Individual,Organic Search,55,95.94,4,Yes,2025-03-18,24,
LEAD002747,2025-02-22,West,Ahmedabad,Dev Patel,Individual,Paid Social,72,450.46,3,No,,,Competitor Chosen
LEAD002748,2025-02-22,South,Chennai,Arjun Nair,Individual,Google Ads,58,550.30,4,Yes,2025-03-09,15,
LEAD002749,2025-02-23,North,Jaipur,Aarav Sharma,SME,Corporate Outreach,45,268.16,5,No,,,No Response
LEAD002750,2025-02-23,South,Bengaluru,Arjun Nair,Individual,Google Ads,74,665.10,1,Yes,2025-03-03,8,
LEAD002751,2025-02-23,South,Hyderabad,Sneha Rao,Individual,Organic Search,55,87.59,1,No,,,Price Too High
LEAD002752,2025-02-24,West,Mumbai,Rohan Mehta,Corporate,Organic Search,51,86.10,7,Yes,2025-03-29,33,
LEAD002753,2025-02-24,South,Chennai,Arjun Nair,SME,Google Ads,40,575.51,2,No,,,Price Too High
LEAD002754,2025-02-24,West,Pune,Dev Patel,SME,Paid Social,53,391.14,1,No,,,Not Ready Yet
LEAD002755,2025-02-25,East,Bhubaneswar,Vikram Sen,Individual,Paid Social,56,411.08,2,Yes,2025-03-15,18,
LEAD002756,2025-02-25,South,Chennai,Isha Reddy,Individual,Walk-in,62,44.92,1,No,,,Price Too High
LEAD002757,2025-02-25,South,Chennai,Arjun Nair,Individual,Marketplace,66,175.10,2,Yes,2025-03-07,10,
LEAD002758,2025-02-25,East,Guwahati,Kavya Roy,Individual,Organic Search,51,97.60,3,Yes,2025-03-12,15,
LEAD002759,2025-02-25,South,Bengaluru,Sneha Rao,Individual,Walk-in,40,46.97,4,Yes,2025-03-09,12,
LEAD002760,2025-02-25,East,Bhubaneswar,Kavya Roy,Individual,Organic Search,54,78.55,3,Yes,2025-03-03,6,
LEAD002761,2025-02-26,North,Jaipur,Priya Verma,Individual,Paid Social,58,448.26,4,No,,,No Response
LEAD002762,2025-02-26,South,Bengaluru,Sneha Rao,Individual,Referral,65,109.55,1,Yes,2025-03-12,14,
LEAD002763,2025-02-27,North,Delhi,Aarav Sharma,Individual,Referral,65,103.56,1,Yes,2025-03-02,3,
LEAD002764,2025-02-27,West,Ahmedabad,Rohan Mehta,Individual,Google Ads,82,547.56,3,Yes,2025-03-21,22,
LEAD002765,2025-02-27,North,Delhi,Priya Verma,Corporate,Corporate Outreach,56,248.74,2,No,,,Competitor Chosen
LEAD002766,2025-02-27,North,Lucknow,Priya Verma,SME,Corporate Outreach,62,269.73,6,No,,,Price Too High
LEAD002767,2025-02-27,South,Chennai,Isha Reddy,SME,Referral,50,119.68,4,Yes,2025-03-13,14,
LEAD002768,2025-02-27,West,Pune,Meera Joshi,SME,Google Ads,49,550.96,1,Yes,2025-03-22,23,
LEAD002769,2025-02-28,North,Jaipur,Karan Malhotra,Corporate,Corporate Outreach,37,278.03,5,Yes,2025-03-25,25,
LEAD002770,2025-02-28,North,Delhi,Karan Malhotra,Individual,Google Ads,63,542.72,5,No,,,Budget Delayed
LEAD002771,2025-03-01,South,Hyderabad,Isha Reddy,Individual,Organic Search,36,97.53,5,No,,,Competitor Chosen
LEAD002772,2025-03-01,South,Bengaluru,Isha Reddy,Individual,Organic Search,50,93.24,3,No,,,No Response
LEAD002773,2025-03-01,East,Kolkata,Kavya Roy,Individual,Google Ads,51,638.78,3,No,,,Budget Delayed
LEAD002774,2025-03-01,South,Hyderabad,Arjun Nair,Individual,Paid Social,58,432.14,2,Yes,2025-03-16,15,
LEAD002775,2025-03-01,South,Chennai,Sneha Rao,Individual,Organic Search,37,94.23,2,No,,,No Response
LEAD002776,2025-03-01,North,Jaipur,Priya Verma,Individual,Referral,70,126.26,2,Yes,2025-03-14,13,
LEAD002777,2025-03-01,North,Lucknow,Aarav Sharma,Individual,Marketplace,37,198.23,2,Yes,2025-03-09,8,
LEAD002778,2025-03-01,East,Kolkata,Vikram Sen,SME,Organic Search,55,101.49,1,Yes,2025-03-07,6,
LEAD002779,2025-03-01,North,Jaipur,Priya Verma,Individual,Marketplace,84,182.42,4,Yes,2025-03-03,2,
LEAD002780,2025-03-02,West,Pune,Meera Joshi,Individual,Marketplace,55,184.80,3,No,,,Competitor Chosen
LEAD002781,2025-03-02,North,Delhi,Priya Verma,Individual,Paid Social,54,398.88,4,No,,,Price Too High
LEAD002782,2025-03-02,West,Pune,Rohan Mehta,SME,Corporate Outreach,45,257.40,4,No,,,Budget Delayed
LEAD002783,2025-03-02,North,Delhi,Aarav Sharma,Individual,Referral,70,132.24,3,Yes,2025-03-05,3,
LEAD002784,2025-03-02,South,Chennai,Isha Reddy,Corporate,Google Ads,82,677.82,3,No,,,Competitor Chosen
LEAD002785,2025-03-02,North,Delhi,Aarav Sharma,Individual,Marketplace,51,176.38,2,Yes,2025-03-12,10,
LEAD002786,2025-03-02,South,Bengaluru,Arjun Nair,Individual,Marketplace,57,164.87,2,Yes,2025-03-13,11,
LEAD002787,2025-03-02,West,Ahmedabad,Meera Joshi,Individual,Google Ads,71,673.41,3,No,,,Price Too High
LEAD002788,2025-03-03,North,Delhi,Aarav Sharma,SME,Referral,34,134.53,2,Yes,2025-03-08,5,
LEAD002789,2025-03-03,West,Mumbai,Rohan Mehta,Individual,Google Ads,52,597.67,6,No,,,No Response
LEAD002790,2025-03-03,West,Ahmedabad,Dev Patel,Individual,Organic Search,46,78.29,3,No,,,Price Too High
LEAD002791,2025-03-03,South,Chennai,Sneha Rao,Individual,Organic Search,64,77.92,6,No,,,Competitor Chosen
LEAD002792,2025-03-03,North,Lucknow,Aarav Sharma,Individual,Referral,66,130.23,4,Yes,2025-03-14,11,
LEAD002793,2025-03-04,West,Ahmedabad,Rohan Mehta,SME,Paid Social,56,381.46,1,Yes,2025-03-19,15,
LEAD002794,2025-03-04,West,Ahmedabad,Meera Joshi,Individual,Referral,77,128.44,3,Yes,2025-03-09,5,
LEAD002795,2025-03-04,West,Pune,Dev Patel,Individual,Walk-in,51,44.81,3,No,,,No Response
LEAD002796,2025-03-04,West,Pune,Dev Patel,Individual,Paid Social,67,490.31,3,Yes,2025-03-25,21,
LEAD002797,2025-03-04,North,Delhi,Aarav Sharma,Individual,Google Ads,59,689.92,3,Yes,2025-03-12,8,
LEAD002798,2025-03-04,North,Jaipur,Priya Verma,Individual,Walk-in,71,53.24,4,Yes,2025-03-18,14,
LEAD002799,2025-03-04,West,Pune,Dev Patel,SME,Marketplace,41,177.49,2,No,,,No Response
LEAD002800,2025-03-05,South,Hyderabad,Arjun Nair,Individual,Walk-in,78,54.41,3,Yes,2025-03-12,7,
LEAD002801,2025-03-05,North,Delhi,Priya Verma,SME,Organic Search,77,91.25,2,No,,,No Response
LEAD002802,2025-03-05,North,Jaipur,Priya Verma,Individual,Google Ads,59,673.04,2,Yes,2025-03-21,16,
LEAD002803,2025-03-05,South,Hyderabad,Isha Reddy,SME,Walk-in,43,42.87,3,Yes,2025-03-06,1,
LEAD002804,2025-03-05,North,Delhi,Priya Verma,SME,Referral,79,104.18,4,Yes,2025-03-18,13,
LEAD002805,2025-03-05,South,Hyderabad,Sneha Rao,Individual,Referral,65,114.98,2,Yes,2025-03-12,7,
LEAD002806,2025-03-05,East,Bhubaneswar,Kavya Roy,Individual,Organic Search,61,86.54,1,No,,,Price Too High
LEAD002807,2025-03-05,South,Bengaluru,Isha Reddy,Corporate,Organic Search,51,83.72,5,No,,,No Response
LEAD002808,2025-03-06,North,Jaipur,Priya Verma,Individual,Marketplace,79,195.22,4,Yes,2025-03-19,13,
LEAD002809,2025-03-06,North,Delhi,Priya Verma,Individual,Walk-in,38,55.14,3,Yes,2025-03-16,10,
LEAD002810,2025-03-06,South,Chennai,Sneha Rao,Individual,Organic Search,42,94.89,3,Yes,2025-03-30,24,
LEAD002811,2025-03-06,South,Chennai,Arjun Nair,SME,Referral,71,109.68,2,Yes,2025-03-07,1,
LEAD002812,2025-03-06,East,Kolkata,Kavya Roy,Corporate,Corporate Outreach,64,260.73,7,Yes,2025-04-09,34,
LEAD002813,2025-03-07,North,Jaipur,Aarav Sharma,Individual,Marketplace,50,174.69,4,Yes,2025-03-16,9,
LEAD002814,2025-03-07,North,Delhi,Aarav Sharma,Individual,Marketplace,70,195.88,2,No,,,No Response
LEAD002815,2025-03-07,North,Lucknow,Priya Verma,Individual,Google Ads,41,609.28,6,No,,,Not Ready Yet
LEAD002816,2025-03-07,East,Kolkata,Neha Das,SME,Organic Search,78,82.36,3,No,,,Competitor Chosen
LEAD002817,2025-03-07,South,Chennai,Arjun Nair,Individual,Walk-in,54,43.70,2,Yes,2025-03-14,7,
LEAD002818,2025-03-07,East,Kolkata,Vikram Sen,Individual,Organic Search,40,81.73,2,No,,,Price Too High
LEAD002819,2025-03-07,South,Bengaluru,Isha Reddy,Individual,Marketplace,34,189.81,3,No,,,Price Too High
LEAD002820,2025-03-08,West,Mumbai,Rohan Mehta,Individual,Organic Search,46,78.27,2,Yes,2025-03-27,19,
LEAD002821,2025-03-08,West,Mumbai,Dev Patel,Corporate,Corporate Outreach,37,248.94,2,No,,,Price Too High
LEAD002822,2025-03-08,West,Mumbai,Meera Joshi,Corporate,Organic Search,37,97.21,1,No,,,Not Ready Yet
LEAD002823,2025-03-08,South,Hyderabad,Arjun Nair,Individual,Walk-in,51,42.50,1,Yes,2025-03-20,12,
LEAD002824,2025-03-08,North,Delhi,Aarav Sharma,Individual,Referral,48,120.81,1,Yes,2025-03-11,3,
LEAD002825,2025-03-08,South,Chennai,Arjun Nair,Individual,Referral,57,110.44,2,Yes,2025-03-09,1,
LEAD002826,2025-03-08,North,Delhi,Karan Malhotra,SME,Corporate Outreach,47,247.66,4,No,,,Not Ready Yet
LEAD002827,2025-03-08,West,Ahmedabad,Rohan Mehta,Individual,Organic Search,65,100.42,1,Yes,2025-03-23,15,
LEAD002828,2025-03-09,North,Delhi,Priya Verma,Individual,Marketplace,40,214.67,1,No,,,Not Ready Yet
LEAD002829,2025-03-09,North,Jaipur,Karan Malhotra,Individual,Referral,39,136.18,3,Yes,2025-03-20,11,
LEAD002830,2025-03-09,North,Delhi,Aarav Sharma,Individual,Organic Search,55,83.20,4,No,,,Price Too High
LEAD002831,2025-03-09,West,Mumbai,Meera Joshi,Individual,Organic Search,45,95.12,1,No,,,No Response
LEAD002832,2025-03-09,North,Lucknow,Aarav Sharma,Individual,Google Ads,63,655.11,1,No,,,Competitor Chosen
LEAD002833,2025-03-09,East,Kolkata,Neha Das,SME,Google Ads,62,546.83,5,No,,,Not Ready Yet
LEAD002834,2025-03-09,South,Chennai,Isha Reddy,SME,Paid Social,64,437.21,4,Yes,2025-03-12,3,
LEAD002835,2025-03-10,South,Chennai,Isha Reddy,Individual,Paid Social,70,423.10,3,No,,,No Response
LEAD002836,2025-03-10,South,Chennai,Sneha Rao,Individual,Referral,35,137.22,4,No,,,Competitor Chosen
LEAD002837,2025-03-10,North,Delhi,Priya Verma,Individual,Referral,46,103.89,4,Yes,2025-03-18,8,
LEAD002838,2025-03-10,East,Kolkata,Vikram Sen,SME,Organic Search,64,92.64,3,No,,,Competitor Chosen
LEAD002839,2025-03-10,East,Guwahati,Neha Das,Corporate,Walk-in,55,49.74,1,Yes,2025-04-05,26,
LEAD002840,2025-03-10,South,Hyderabad,Sneha Rao,SME,Marketplace,58,217.69,2,Yes,2025-03-23,13,
LEAD002841,2025-03-10,East,Guwahati,Vikram Sen,SME,Marketplace,63,188.27,2,Yes,2025-03-22,12,
LEAD002842,2025-03-10,North,Delhi,Priya Verma,Individual,Google Ads,22,555.70,2,No,,,Not Ready Yet
LEAD002843,2025-03-10,North,Delhi,Priya Verma,Individual,Paid Social,29,456.53,2,Yes,2025-03-19,9,
LEAD002844,2025-03-11,North,Lucknow,Priya Verma,Individual,Paid Social,40,408.54,1,No,,,Not Ready Yet
LEAD002845,2025-03-11,West,Pune,Meera Joshi,Individual,Organic Search,61,101.08,3,No,,,Price Too High
LEAD002846,2025-03-11,North,Jaipur,Priya Verma,Individual,Organic Search,56,93.15,3,Yes,2025-03-26,15,
LEAD002847,2025-03-11,South,Chennai,Arjun Nair,SME,Marketplace,59,164.01,4,Yes,2025-03-12,1,
LEAD002848,2025-03-12,West,Ahmedabad,Rohan Mehta,SME,Marketplace,54,218.09,1,Yes,2025-03-20,8,
LEAD002849,2025-03-12,South,Chennai,Sneha Rao,SME,Walk-in,89,43.74,4,Yes,2025-03-19,7,
LEAD002850,2025-03-12,South,Chennai,Arjun Nair,Individual,Marketplace,56,213.17,1,Yes,2025-03-15,3,
LEAD002851,2025-03-12,East,Bhubaneswar,Neha Das,SME,Marketplace,57,191.34,1,Yes,2025-03-19,7,
LEAD002852,2025-03-12,West,Pune,Meera Joshi,Individual,Google Ads,72,643.76,2,Yes,2025-03-25,13,
LEAD002853,2025-03-12,North,Jaipur,Karan Malhotra,Individual,Paid Social,32,386.27,2,No,,,Price Too High
LEAD002854,2025-03-12,North,Delhi,Karan Malhotra,SME,Referral,77,122.27,2,No,,,Price Too High
LEAD002855,2025-03-12,North,Delhi,Aarav Sharma,Individual,Marketplace,57,205.99,5,No,,,No Response
LEAD002856,2025-03-12,West,Ahmedabad,Meera Joshi,Individual,Walk-in,56,52.25,4,Yes,2025-03-14,2,
LEAD002857,2025-03-12,West,Mumbai,Meera Joshi,Individual,Paid Social,53,413.31,3,Yes,2025-04-04,23,
LEAD002858,2025-03-12,South,Hyderabad,Isha Reddy,Corporate,Organic Search,64,89.29,7,Yes,2025-04-12,31,
LEAD002859,2025-03-12,West,Pune,Meera Joshi,Individual,Google Ads,50,685.08,6,No,,,Not Ready Yet
LEAD002860,2025-03-13,North,Delhi,Priya Verma,SME,Corporate Outreach,55,262.15,1,Yes,2025-03-26,13,
LEAD002861,2025-03-13,South,Hyderabad,Isha Reddy,Individual,Paid Social,44,386.99,6,No,,,No Response
LEAD002862,2025-03-13,West,Pune,Dev Patel,Individual,Organic Search,58,90.98,2,No,,,Competitor Chosen
LEAD002863,2025-03-13,South,Bengaluru,Isha Reddy,Individual,Referral,80,132.99,4,Yes,2025-03-18,5,
LEAD002864,2025-03-13,West,Pune,Rohan Mehta,Individual,Marketplace,61,166.57,2,Yes,2025-03-14,1,
LEAD002865,2025-03-13,South,Chennai,Sneha Rao,Individual,Organic Search,87,77.08,5,No,,,No Response
LEAD002866,2025-03-14,West,Pune,Meera Joshi,Individual,Paid Social,69,411.36,3,Yes,2025-04-07,24,
LEAD002867,2025-03-15,West,Mumbai,Rohan Mehta,Individual,Paid Social,41,374.90,5,No,,,Price Too High
LEAD002868,2025-03-15,West,Pune,Dev Patel,Individual,Paid Social,56,407.84,1,No,,,Competitor Chosen
LEAD002869,2025-03-15,East,Guwahati,Kavya Roy,Individual,Marketplace,52,181.76,6,No,,,Budget Delayed
LEAD002870,2025-03-15,East,Kolkata,Kavya Roy,Individual,Paid Social,44,453.54,2,No,,,No Response
LEAD002871,2025-03-15,East,Bhubaneswar,Kavya Roy,Individual,Paid Social,74,420.27,2,No,,,No Response
LEAD002872,2025-03-15,South,Hyderabad,Arjun Nair,Individual,Organic Search,75,80.21,3,Yes,2025-04-07,23,
LEAD002873,2025-03-15,West,Mumbai,Rohan Mehta,Individual,Paid Social,59,371.77,5,No,,,Not Ready Yet
LEAD002874,2025-03-15,South,Bengaluru,Isha Reddy,Corporate,Organic Search,74,96.99,5,Yes,2025-03-27,12,
LEAD002875,2025-03-15,South,Chennai,Arjun Nair,SME,Marketplace,76,170.55,4,Yes,2025-03-26,11,
LEAD002876,2025-03-16,East,Kolkata,Neha Das,Individual,Paid Social,31,414.87,3,No,,,Budget Delayed
LEAD002877,2025-03-16,South,Chennai,Isha Reddy,Individual,Referral,69,124.76,2,Yes,2025-03-23,7,
LEAD002878,2025-03-16,North,Delhi,Karan Malhotra,Individual,Paid Social,58,382.04,6,No,,,Price Too High
LEAD002879,2025-03-16,North,Jaipur,Priya Verma,Individual,Organic Search,45,78.27,5,No,,,Budget Delayed
LEAD002880,2025-03-16,North,Delhi,Aarav Sharma,SME,Referral,66,119.56,1,Yes,2025-03-22,6,
LEAD002881,2025-03-16,West,Ahmedabad,Dev Patel,Individual,Walk-in,58,42.87,4,Yes,2025-03-26,10,
LEAD002882,2025-03-16,North,Delhi,Aarav Sharma,Individual,Marketplace,67,199.65,1,Yes,2025-03-24,8,
LEAD002883,2025-03-16,North,Jaipur,Karan Malhotra,Individual,Marketplace,78,189.40,2,Yes,2025-03-27,11,
LEAD002884,2025-03-16,West,Mumbai,Meera Joshi,Individual,Organic Search,79,85.15,3,Yes,2025-03-25,9,
LEAD002885,2025-03-16,West,Mumbai,Meera Joshi,Corporate,Corporate Outreach,45,256.24,5,Yes,2025-04-08,23,
LEAD002886,2025-03-17,South,Chennai,Sneha Rao,Individual,Organic Search,68,85.84,2,No,,,Not Ready Yet
LEAD002887,2025-03-17,East,Kolkata,Neha Das,SME,Google Ads,58,620.79,3,Yes,2025-04-07,21,
LEAD002888,2025-03-17,East,Guwahati,Neha Das,Individual,Referral,70,123.71,1,No,,,Budget Delayed
LEAD002889,2025-03-17,South,Bengaluru,Arjun Nair,Corporate,Referral,98,127.09,5,Yes,2025-04-09,23,
LEAD002890,2025-03-17,West,Pune,Rohan Mehta,Corporate,Organic Search,85,101.89,4,Yes,2025-03-30,13,
LEAD002891,2025-03-17,North,Delhi,Karan Malhotra,Individual,Referral,56,132.03,3,Yes,2025-03-29,12,
LEAD002892,2025-03-18,North,Delhi,Aarav Sharma,Individual,Google Ads,40,636.41,4,Yes,2025-03-25,7,
LEAD002893,2025-03-18,North,Delhi,Karan Malhotra,Individual,Organic Search,51,90.01,4,No,,,No Response
LEAD002894,2025-03-18,West,Pune,Rohan Mehta,SME,Referral,59,113.51,4,No,,,Not Ready Yet
LEAD002895,2025-03-18,West,Mumbai,Rohan Mehta,Individual,Walk-in,58,45.68,4,Yes,2025-03-19,1,
LEAD002896,2025-03-18,East,Kolkata,Kavya Roy,SME,Walk-in,60,46.76,3,Yes,2025-03-26,8,
LEAD002897,2025-03-18,West,Pune,Meera Joshi,Individual,Referral,87,124.96,4,Yes,2025-03-23,5,
LEAD002898,2025-03-19,North,Jaipur,Priya Verma,Individual,Walk-in,53,50.43,4,No,,,Not Ready Yet
LEAD002899,2025-03-19,East,Bhubaneswar,Neha Das,Individual,Paid Social,55,491.00,3,Yes,2025-03-27,8,
LEAD002900,2025-03-19,South,Chennai,Isha Reddy,Individual,Walk-in,65,52.62,4,No,,,No Response
LEAD002901,2025-03-19,West,Ahmedabad,Meera Joshi,Corporate,Corporate Outreach,58,315.14,6,No,,,Not Ready Yet
LEAD002902,2025-03-19,North,Delhi,Karan Malhotra,Individual,Organic Search,55,83.42,6,No,,,No Response
LEAD002903,2025-03-19,North,Delhi,Aarav Sharma,Individual,Marketplace,46,209.33,3,Yes,2025-03-27,8,
LEAD002904,2025-03-19,North,Jaipur,Aarav Sharma,Individual,Paid Social,74,486.21,2,Yes,2025-03-30,11,
LEAD002905,2025-03-19,West,Mumbai,Dev Patel,SME,Organic Search,81,79.79,2,Yes,2025-04-08,20,
LEAD002906,2025-03-19,South,Bengaluru,Isha Reddy,SME,Google Ads,70,557.91,2,No,,,Competitor Chosen
LEAD002907,2025-03-19,South,Bengaluru,Isha Reddy,Corporate,Referral,83,118.59,5,No,,,No Response
LEAD002908,2025-03-19,West,Pune,Dev Patel,SME,Google Ads,50,627.16,4,Yes,2025-04-07,19,
LEAD002909,2025-03-20,North,Lucknow,Priya Verma,SME,Paid Social,51,405.58,4,No,,,No Response
LEAD002910,2025-03-20,West,Ahmedabad,Meera Joshi,Individual,Referral,62,126.48,1,Yes,2025-03-31,11,
LEAD002911,2025-03-20,West,Mumbai,Dev Patel,Individual,Organic Search,52,92.14,5,No,,,No Response
LEAD002912,2025-03-20,West,Pune,Rohan Mehta,Individual,Walk-in,45,45.66,2,Yes,2025-03-30,10,
LEAD002913,2025-03-20,East,Kolkata,Neha Das,SME,Organic Search,59,98.64,4,No,,,Not Ready Yet
LEAD002914,2025-03-20,South,Bengaluru,Sneha Rao,SME,Google Ads,94,574.12,2,Yes,2025-04-12,23,
LEAD002915,2025-03-20,North,Lucknow,Priya Verma,Individual,Organic Search,36,78.85,4,Yes,2025-04-14,25,
LEAD002916,2025-03-20,North,Delhi,Karan Malhotra,Individual,Paid Social,81,455.21,6,No,,,Budget Delayed
LEAD002917,2025-03-21,East,Guwahati,Kavya Roy,Corporate,Corporate Outreach,57,258.65,7,Yes,2025-03-30,9,
LEAD002918,2025-03-21,East,Bhubaneswar,Kavya Roy,SME,Paid Social,84,407.30,4,No,,,Competitor Chosen
LEAD002919,2025-03-21,South,Bengaluru,Arjun Nair,Individual,Marketplace,68,192.53,1,Yes,2025-04-04,14,
LEAD002920,2025-03-21,West,Mumbai,Dev Patel,SME,Google Ads,56,647.04,2,Yes,2025-03-25,4,
LEAD002921,2025-03-21,South,Bengaluru,Arjun Nair,Individual,Walk-in,44,55.65,1,No,,,Budget Delayed
LEAD002922,2025-03-21,North,Lucknow,Aarav Sharma,Individual,Organic Search,42,93.43,2,No,,,Price Too High
LEAD002923,2025-03-21,North,Delhi,Aarav Sharma,Individual,Marketplace,59,165.29,6,No,,,Price Too High
LEAD002924,2025-03-21,South,Hyderabad,Sneha Rao,Individual,Paid Social,81,427.92,4,Yes,2025-03-26,5,
LEAD002925,2025-03-22,North,Delhi,Karan Malhotra,Individual,Organic Search,64,85.15,4,No,,,No Response
LEAD002926,2025-03-22,East,Bhubaneswar,Vikram Sen,Individual,Organic Search,48,102.18,1,Yes,2025-04-11,20,
LEAD002927,2025-03-22,West,Mumbai,Rohan Mehta,SME,Organic Search,54,79.57,4,Yes,2025-03-30,8,
LEAD002928,2025-03-22,East,Kolkata,Kavya Roy,Individual,Paid Social,65,481.33,1,Yes,2025-04-07,16,
LEAD002929,2025-03-22,South,Hyderabad,Sneha Rao,Individual,Paid Social,54,450.23,2,Yes,2025-03-25,3,
LEAD002930,2025-03-22,South,Hyderabad,Isha Reddy,Corporate,Corporate Outreach,61,253.01,5,No,,,Competitor Chosen
LEAD002931,2025-03-22,North,Delhi,Karan Malhotra,Individual,Organic Search,77,91.25,1,Yes,2025-04-01,10,
LEAD002932,2025-03-22,North,Jaipur,Priya Verma,Individual,Paid Social,29,479.54,1,Yes,2025-03-28,6,
LEAD002933,2025-03-23,North,Delhi,Priya Verma,Individual,Google Ads,53,598.85,2,No,,,Price Too High
LEAD002934,2025-03-23,South,Bengaluru,Sneha Rao,Individual,Paid Social,70,468.01,4,Yes,2025-04-07,15,
LEAD002935,2025-03-23,South,Hyderabad,Sneha Rao,Corporate,Corporate Outreach,52,274.31,3,No,,,Budget Delayed
LEAD002936,2025-03-23,North,Delhi,Aarav Sharma,Individual,Paid Social,65,392.42,3,Yes,2025-04-15,23,
LEAD002937,2025-03-23,South,Bengaluru,Isha Reddy,Individual,Walk-in,74,42.91,1,No,,,Competitor Chosen
LEAD002938,2025-03-23,West,Mumbai,Dev Patel,Individual,Google Ads,66,610.06,4,No,,,Not Ready Yet
LEAD002939,2025-03-23,North,Jaipur,Priya Verma,Individual,Referral,67,125.41,1,Yes,2025-03-27,4,
LEAD002940,2025-03-23,West,Pune,Rohan Mehta,Individual,Paid Social,53,376.36,1,Yes,2025-04-16,24,
LEAD002941,2025-03-23,East,Kolkata,Neha Das,Individual,Marketplace,59,168.21,1,Yes,2025-04-02,10,
LEAD002942,2025-03-23,South,Chennai,Sneha Rao,Individual,Organic Search,82,83.40,1,No,,,Budget Delayed
LEAD002943,2025-03-24,West,Mumbai,Meera Joshi,Individual,Organic Search,54,87.33,1,Yes,2025-04-04,11,
LEAD002944,2025-03-24,North,Jaipur,Karan Malhotra,SME,Google Ads,55,612.73,1,No,,,Competitor Chosen
LEAD002945,2025-03-24,South,Bengaluru,Arjun Nair,Corporate,Google Ads,27,543.66,2,No,,,Competitor Chosen
LEAD002946,2025-03-24,East,Bhubaneswar,Neha Das,SME,Paid Social,39,403.91,1,No,,,No Response
LEAD002947,2025-03-24,South,Chennai,Isha Reddy,Corporate,Corporate Outreach,28,314.34,7,Yes,2025-04-18,25,
LEAD002948,2025-03-24,South,Hyderabad,Isha Reddy,Individual,Paid Social,37,382.17,5,No,,,Not Ready Yet
LEAD002949,2025-03-24,West,Pune,Rohan Mehta,Individual,Paid Social,57,477.73,4,Yes,2025-03-28,4,
LEAD002950,2025-03-24,West,Ahmedabad,Rohan Mehta,SME,Walk-in,42,56.86,3,Yes,2025-03-29,5,
LEAD002951,2025-03-24,West,Pune,Rohan Mehta,Individual,Referral,61,124.90,3,Yes,2025-04-03,10,
LEAD002952,2025-03-24,South,Bengaluru,Arjun Nair,Individual,Paid Social,61,429.85,3,No,,,Competitor Chosen
LEAD002953,2025-03-24,East,Guwahati,Kavya Roy,Individual,Marketplace,63,170.81,6,No,,,Competitor Chosen
LEAD002954,2025-03-25,East,Kolkata,Kavya Roy,Individual,Paid Social,76,468.69,2,No,,,Competitor Chosen
LEAD002955,2025-03-25,West,Mumbai,Dev Patel,Individual,Organic Search,38,97.99,4,Yes,2025-04-19,25,
LEAD002956,2025-03-25,West,Pune,Dev Patel,Individual,Walk-in,63,44.99,4,Yes,2025-04-02,8,
LEAD002957,2025-03-25,East,Kolkata,Neha Das,Corporate,Google Ads,72,537.51,4,No,,,Competitor Chosen
LEAD002958,2025-03-25,North,Delhi,Aarav Sharma,Individual,Organic Search,32,86.61,1,Yes,2025-03-31,6,
LEAD002959,2025-03-25,South,Bengaluru,Isha Reddy,Corporate,Corporate Outreach,65,312.50,2,Yes,2025-04-28,34,
LEAD002960,2025-03-26,North,Delhi,Priya Verma,Individual,Google Ads,50,691.43,1,No,,,Budget Delayed
LEAD002961,2025-03-26,East,Kolkata,Neha Das,Corporate,Corporate Outreach,68,285.68,3,No,,,No Response
LEAD002962,2025-03-26,West,Mumbai,Rohan Mehta,Individual,Paid Social,61,414.33,3,Yes,2025-04-17,22,
LEAD002963,2025-03-26,West,Ahmedabad,Rohan Mehta,Individual,Organic Search,73,100.86,6,No,,,Competitor Chosen
LEAD002964,2025-03-26,South,Bengaluru,Isha Reddy,Individual,Paid Social,50,391.85,3,No,,,No Response
LEAD002965,2025-03-26,North,Lucknow,Karan Malhotra,Individual,Paid Social,54,373.39,1,Yes,2025-04-04,9,
LEAD002966,2025-03-26,West,Mumbai,Meera Joshi,Corporate,Referral,46,119.28,2,No,,,Not Ready Yet
LEAD002967,2025-03-26,West,Ahmedabad,Rohan Mehta,Individual,Marketplace,65,218.37,2,Yes,2025-04-07,12,
LEAD002968,2025-03-26,North,Jaipur,Aarav Sharma,Individual,Marketplace,40,192.00,2,No,,,Budget Delayed
LEAD002969,2025-03-27,South,Chennai,Sneha Rao,Individual,Walk-in,79,48.89,6,No,,,No Response
LEAD002970,2025-03-27,South,Hyderabad,Sneha Rao,SME,Paid Social,51,462.24,6,No,,,No Response
LEAD002971,2025-03-27,East,Bhubaneswar,Vikram Sen,SME,Marketplace,40,180.78,6,No,,,Price Too High
LEAD002972,2025-03-27,West,Ahmedabad,Meera Joshi,Individual,Google Ads,55,586.23,2,Yes,2025-04-01,5,
LEAD002973,2025-03-27,North,Lucknow,Aarav Sharma,Individual,Organic Search,57,101.57,4,No,,,Price Too High
LEAD002974,2025-03-27,South,Hyderabad,Isha Reddy,Corporate,Referral,70,121.95,1,Yes,2025-04-15,19,
LEAD002975,2025-03-27,East,Kolkata,Kavya Roy,Individual,Google Ads,37,678.48,4,No,,,Competitor Chosen
LEAD002976,2025-03-28,South,Hyderabad,Arjun Nair,Individual,Marketplace,79,177.36,1,Yes,2025-04-02,5,
LEAD002977,2025-03-28,North,Delhi,Aarav Sharma,Individual,Organic Search,46,102.95,4,No,,,Price Too High
LEAD002978,2025-03-28,South,Bengaluru,Isha Reddy,Corporate,Corporate Outreach,58,319.92,5,No,,,No Response
LEAD002979,2025-03-28,South,Chennai,Sneha Rao,SME,Corporate Outreach,51,266.56,1,Yes,2025-04-06,9,
LEAD002980,2025-03-29,West,Pune,Dev Patel,SME,Walk-in,38,49.02,2,No,,,No Response
LEAD002981,2025-03-29,West,Pune,Rohan Mehta,Individual,Paid Social,33,401.72,3,No,,,Price Too High
LEAD002982,2025-03-29,South,Hyderabad,Sneha Rao,Individual,Walk-in,43,54.01,2,No,,,No Response
LEAD002983,2025-03-29,South,Hyderabad,Arjun Nair,Individual,Organic Search,50,76.96,4,Yes,2025-04-14,16,
LEAD002984,2025-03-29,West,Ahmedabad,Rohan Mehta,Individual,Organic Search,51,94.41,2,Yes,2025-04-12,14,
LEAD002985,2025-03-30,West,Ahmedabad,Meera Joshi,Corporate,Corporate Outreach,63,280.14,1,Yes,2025-04-25,26,
LEAD002986,2025-03-30,East,Bhubaneswar,Vikram Sen,Individual,Google Ads,52,614.54,2,Yes,2025-04-09,10,
LEAD002987,2025-03-30,West,Pune,Dev Patel,Individual,Walk-in,55,47.34,3,No,,,Budget Delayed
LEAD002988,2025-03-30,East,Kolkata,Neha Das,Individual,Walk-in,42,44.82,6,No,,,Not Ready Yet
LEAD002989,2025-03-30,North,Delhi,Priya Verma,Corporate,Organic Search,65,94.31,6,No,,,Price Too High
LEAD002990,2025-03-30,South,Chennai,Sneha Rao,SME,Referral,52,122.25,3,Yes,2025-04-02,3,
LEAD002991,2025-03-30,South,Chennai,Arjun Nair,SME,Google Ads,45,631.86,5,No,,,Not Ready Yet
LEAD002992,2025-03-30,North,Delhi,Aarav Sharma,Individual,Google Ads,45,631.21,1,Yes,2025-04-01,2,
LEAD002993,2025-03-31,South,Hyderabad,Isha Reddy,Individual,Organic Search,69,99.10,2,Yes,2025-04-12,12,
LEAD002994,2025-03-31,West,Mumbai,Rohan Mehta,Individual,Referral,81,114.01,2,Yes,2025-04-12,12,
LEAD002995,2025-03-31,South,Hyderabad,Arjun Nair,Individual,Paid Social,58,467.49,2,No,,,Price Too High
LEAD002996,2025-04-01,North,Lucknow,Aarav Sharma,Individual,Referral,76,107.18,4,Yes,2025-04-05,4,
LEAD002997,2025-04-01,North,Delhi,Priya Verma,Corporate,Google Ads,61,704.53,3,No,,,Price Too High
LEAD002998,2025-04-01,North,Delhi,Priya Verma,Individual,Google Ads,67,570.04,6,No,,,Budget Delayed
LEAD002999,2025-04-01,West,Mumbai,Meera Joshi,Individual,Referral,66,126.37,1,No,,,Competitor Chosen
LEAD003000,2025-04-01,South,Chennai,Sneha Rao,Individual,Marketplace,79,200.50,2,Yes,2025-04-13,12,
LEAD003001,2025-04-01,North,Jaipur,Priya Verma,Individual,Marketplace,74,175.19,4,Yes,2025-04-09,8,
LEAD003002,2025-04-02,West,Ahmedabad,Meera Joshi,Individual,Google Ads,50,565.69,1,Yes,2025-04-23,21,
LEAD003003,2025-04-02,East,Kolkata,Kavya Roy,Individual,Marketplace,57,164.38,1,No,,,Price Too High
LEAD003004,2025-04-03,West,Mumbai,Meera Joshi,Individual,Google Ads,72,562.74,2,Yes,2025-04-24,21,
LEAD003005,2025-04-03,North,Jaipur,Aarav Sharma,Individual,Referral,78,128.88,3,Yes,2025-04-09,6,
LEAD003006,2025-04-03,North,Delhi,Priya Verma,Individual,Paid Social,51,422.26,4,No,,,Price Too High
LEAD003007,2025-04-03,South,Bengaluru,Sneha Rao,SME,Google Ads,64,631.62,3,Yes,2025-04-18,15,
LEAD003008,2025-04-03,North,Lucknow,Karan Malhotra,Individual,Referral,50,103.96,5,No,,,No Response
LEAD003009,2025-04-03,South,Bengaluru,Isha Reddy,Individual,Paid Social,57,430.93,3,Yes,2025-04-12,9,
LEAD003010,2025-04-03,North,Delhi,Aarav Sharma,Individual,Paid Social,60,437.65,5,No,,,Not Ready Yet
LEAD003011,2025-04-03,East,Bhubaneswar,Kavya Roy,Individual,Marketplace,64,197.12,3,Yes,2025-04-14,11,
LEAD003012,2025-04-04,North,Jaipur,Karan Malhotra,Individual,Walk-in,45,48.99,3,Yes,2025-04-09,5,
LEAD003013,2025-04-04,South,Bengaluru,Isha Reddy,Individual,Google Ads,66,619.17,6,No,,,No Response
LEAD003014,2025-04-04,West,Mumbai,Rohan Mehta,SME,Referral,64,129.52,3,Yes,2025-04-12,8,
LEAD003015,2025-04-04,North,Jaipur,Priya Verma,Individual,Organic Search,78,96.99,2,Yes,2025-04-21,17,
LEAD003016,2025-04-04,East,Guwahati,Kavya Roy,Individual,Paid Social,43,451.42,3,Yes,2025-04-28,24,
LEAD003017,2025-04-04,West,Ahmedabad,Rohan Mehta,SME,Referral,62,116.89,1,Yes,2025-04-08,4,
LEAD003018,2025-04-05,North,Delhi,Karan Malhotra,Individual,Referral,95,115.87,1,Yes,2025-04-17,12,
LEAD003019,2025-04-05,North,Jaipur,Aarav Sharma,Individual,Google Ads,65,668.41,2,No,,,Not Ready Yet
LEAD003020,2025-04-05,South,Hyderabad,Isha Reddy,Individual,Organic Search,74,101.00,4,Yes,2025-04-08,3,
LEAD003021,2025-04-05,West,Ahmedabad,Rohan Mehta,Individual,Walk-in,68,55.39,6,No,,,No Response
LEAD003022,2025-04-05,West,Ahmedabad,Meera Joshi,Corporate,Referral,74,111.03,4,Yes,2025-04-28,23,
LEAD003023,2025-04-05,South,Hyderabad,Arjun Nair,Individual,Referral,90,116.95,3,Yes,2025-04-15,10,
LEAD003024,2025-04-06,North,Delhi,Priya Verma,Corporate,Corporate Outreach,79,287.85,1,Yes,2025-05-09,33,
LEAD003025,2025-04-06,North,Delhi,Karan Malhotra,Individual,Paid Social,70,440.29,6,No,,,Not Ready Yet
LEAD003026,2025-04-06,West,Pune,Dev Patel,SME,Referral,39,105.07,2,Yes,2025-04-13,7,
LEAD003027,2025-04-06,West,Mumbai,Meera Joshi,Individual,Referral,65,108.50,2,Yes,2025-04-20,14,
LEAD003028,2025-04-06,West,Pune,Rohan Mehta,Individual,Organic Search,68,89.53,2,Yes,2025-04-11,5,
LEAD003029,2025-04-07,West,Ahmedabad,Rohan Mehta,Individual,Google Ads,82,572.33,4,Yes,2025-04-25,18,
LEAD003030,2025-04-07,East,Bhubaneswar,Kavya Roy,Individual,Google Ads,53,554.88,1,No,,,No Response
LEAD003031,2025-04-07,North,Delhi,Priya Verma,Individual,Organic Search,56,80.99,3,Yes,2025-04-28,21,
LEAD003032,2025-04-07,South,Bengaluru,Sneha Rao,Individual,Google Ads,40,567.38,1,Yes,2025-05-01,24,
LEAD003033,2025-04-07,South,Hyderabad,Sneha Rao,Individual,Organic Search,58,82.09,4,Yes,2025-05-01,24,
LEAD003034,2025-04-07,South,Bengaluru,Isha Reddy,Individual,Google Ads,48,655.43,1,No,,,Competitor Chosen
LEAD003035,2025-04-07,North,Lucknow,Karan Malhotra,Individual,Walk-in,71,57.27,3,No,,,No Response
LEAD003036,2025-04-08,East,Bhubaneswar,Kavya Roy,Individual,Marketplace,40,166.85,1,No,,,Competitor Chosen
LEAD003037,2025-04-08,East,Kolkata,Vikram Sen,Individual,Walk-in,92,48.40,4,Yes,2025-04-15,7,
LEAD003038,2025-04-08,West,Pune,Dev Patel,Individual,Organic Search,64,87.68,2,Yes,2025-04-17,9,
LEAD003039,2025-04-08,South,Hyderabad,Arjun Nair,Individual,Organic Search,75,103.17,3,Yes,2025-04-15,7,
LEAD003040,2025-04-08,North,Delhi,Priya Verma,Individual,Referral,63,125.77,1,Yes,2025-04-20,12,
LEAD003041,2025-04-08,North,Delhi,Priya Verma,Individual,Referral,78,103.71,3,Yes,2025-04-10,2,
LEAD003042,2025-04-08,South,Chennai,Sneha Rao,Individual,Google Ads,54,673.88,4,Yes,2025-04-11,3,
LEAD003043,2025-04-08,North,Lucknow,Priya Verma,Individual,Google Ads,65,556.76,1,No,,,No Response
LEAD003044,2025-04-09,South,Chennai,Sneha Rao,Individual,Marketplace,48,168.39,6,No,,,Price Too High
LEAD003045,2025-04-09,South,Hyderabad,Arjun Nair,Individual,Organic Search,52,85.85,4,No,,,No Response
LEAD003046,2025-04-09,West,Ahmedabad,Rohan Mehta,Individual,Walk-in,61,52.35,3,Yes,2025-04-23,14,
LEAD003047,2025-04-09,South,Hyderabad,Sneha Rao,SME,Corporate Outreach,40,294.36,2,Yes,2025-04-20,11,
LEAD003048,2025-04-09,South,Bengaluru,Arjun Nair,Individual,Walk-in,50,55.72,4,No,,,Price Too High
LEAD003049,2025-04-09,East,Kolkata,Neha Das,Individual,Google Ads,64,685.25,6,No,,,Not Ready Yet
LEAD003050,2025-04-09,South,Hyderabad,Isha Reddy,Individual,Paid Social,15,449.50,2,No,,,Competitor Chosen
LEAD003051,2025-04-09,South,Chennai,Isha Reddy,SME,Paid Social,60,424.80,1,No,,,Price Too High
LEAD003052,2025-04-09,West,Mumbai,Meera Joshi,Individual,Google Ads,58,712.12,4,No,,,No Response
LEAD003053,2025-04-09,West,Mumbai,Rohan Mehta,Individual,Marketplace,61,215.28,1,Yes,2025-04-18,9,
LEAD003054,2025-04-09,North,Jaipur,Karan Malhotra,Individual,Google Ads,78,557.48,4,Yes,2025-04-18,9,
LEAD003055,2025-04-10,North,Jaipur,Aarav Sharma,Individual,Google Ads,63,612.56,1,Yes,2025-04-27,17,
LEAD003056,2025-04-10,North,Jaipur,Aarav Sharma,Individual,Referral,97,132.20,3,Yes,2025-04-23,13,
LEAD003057,2025-04-10,South,Hyderabad,Arjun Nair,Individual,Google Ads,45,662.00,1,No,,,No Response
LEAD003058,2025-04-10,North,Lucknow,Priya Verma,Individual,Paid Social,63,490.23,5,No,,,No Response
LEAD003059,2025-04-10,South,Bengaluru,Arjun Nair,Individual,Paid Social,47,383.12,1,Yes,2025-04-18,8,
LEAD003060,2025-04-10,South,Bengaluru,Arjun Nair,Individual,Google Ads,56,654.67,5,No,,,Not Ready Yet
LEAD003061,2025-04-10,West,Pune,Meera Joshi,Individual,Organic Search,55,77.60,1,Yes,2025-04-26,16,
LEAD003062,2025-04-10,North,Jaipur,Aarav Sharma,Corporate,Walk-in,65,46.36,3,Yes,2025-05-20,40,
LEAD003063,2025-04-10,West,Ahmedabad,Rohan Mehta,Individual,Referral,60,121.96,1,Yes,2025-04-14,4,
LEAD003064,2025-04-10,North,Delhi,Karan Malhotra,Individual,Marketplace,86,169.68,2,Yes,2025-04-12,2,
LEAD003065,2025-04-10,North,Delhi,Priya Verma,Individual,Referral,51,105.73,1,Yes,2025-04-16,6,
LEAD003066,2025-04-10,East,Bhubaneswar,Vikram Sen,Individual,Google Ads,41,581.65,6,No,,,Price Too High
LEAD003067,2025-04-11,South,Bengaluru,Sneha Rao,Individual,Paid Social,33,463.58,2,Yes,2025-05-04,23,
LEAD003068,2025-04-11,North,Jaipur,Karan Malhotra,Individual,Paid Social,33,447.13,4,No,,,Price Too High
LEAD003069,2025-04-11,South,Chennai,Isha Reddy,Individual,Google Ads,63,647.47,1,Yes,2025-04-22,11,
LEAD003070,2025-04-11,West,Ahmedabad,Meera Joshi,Individual,Paid Social,52,368.25,2,Yes,2025-05-04,23,
LEAD003071,2025-04-12,North,Delhi,Aarav Sharma,Individual,Walk-in,47,45.21,4,No,,,Competitor Chosen
LEAD003072,2025-04-12,South,Bengaluru,Sneha Rao,SME,Referral,47,121.83,1,Yes,2025-04-17,5,
LEAD003073,2025-04-12,North,Delhi,Aarav Sharma,Individual,Paid Social,41,429.13,4,No,,,Budget Delayed
LEAD003074,2025-04-12,South,Chennai,Isha Reddy,Individual,Referral,72,107.62,2,No,,,Price Too High
LEAD003075,2025-04-13,East,Guwahati,Neha Das,SME,Google Ads,44,529.41,2,No,,,Competitor Chosen
LEAD003076,2025-04-13,West,Mumbai,Meera Joshi,Individual,Organic Search,74,92.62,2,No,,,No Response
LEAD003077,2025-04-13,South,Bengaluru,Arjun Nair,Individual,Marketplace,89,188.67,4,Yes,2025-04-27,14,
LEAD003078,2025-04-13,North,Delhi,Karan Malhotra,SME,Google Ads,71,609.47,3,Yes,2025-04-20,7,
LEAD003079,2025-04-13,West,Ahmedabad,Dev Patel,SME,Marketplace,18,209.59,6,No,,,No Response
LEAD003080,2025-04-13,South,Chennai,Isha Reddy,Individual,Paid Social,44,406.09,1,No,,,Budget Delayed
LEAD003081,2025-04-13,West,Ahmedabad,Rohan Mehta,Individual,Google Ads,51,647.72,4,No,,,Not Ready Yet
LEAD003082,2025-04-13,North,Delhi,Karan Malhotra,Individual,Referral,80,137.73,2,Yes,2025-04-25,12,
LEAD003083,2025-04-13,South,Bengaluru,Arjun Nair,Individual,Organic Search,58,93.39,1,No,,,Price Too High
LEAD003084,2025-04-14,South,Chennai,Arjun Nair,Individual,Google Ads,44,572.42,2,Yes,2025-05-03,19,
LEAD003085,2025-04-15,South,Chennai,Sneha Rao,Individual,Google Ads,63,685.70,3,No,,,Budget Delayed
LEAD003086,2025-04-15,East,Bhubaneswar,Neha Das,Individual,Paid Social,54,489.54,2,No,,,Budget Delayed
LEAD003087,2025-04-15,East,Bhubaneswar,Vikram Sen,Individual,Google Ads,45,654.97,2,No,,,Competitor Chosen
LEAD003088,2025-04-15,East,Kolkata,Neha Das,Corporate,Corporate Outreach,36,321.80,2,No,,,Not Ready Yet
LEAD003089,2025-04-16,South,Bengaluru,Isha Reddy,Individual,Referral,62,116.88,2,Yes,2025-04-30,14,
LEAD003090,2025-04-16,North,Lucknow,Aarav Sharma,Corporate,Organic Search,76,97.34,1,Yes,2025-05-11,25,
LEAD003091,2025-04-16,South,Bengaluru,Isha Reddy,Individual,Paid Social,43,396.54,4,No,,,Price Too High
LEAD003092,2025-04-16,South,Chennai,Sneha Rao,Corporate,Corporate Outreach,29,283.29,3,No,,,Price Too High
LEAD003093,2025-04-16,North,Jaipur,Karan Malhotra,SME,Corporate Outreach,79,271.80,3,Yes,2025-04-25,9,
LEAD003094,2025-04-16,North,Lucknow,Aarav Sharma,Individual,Paid Social,66,477.87,3,Yes,2025-05-09,23,
LEAD003095,2025-04-16,North,Lucknow,Karan Malhotra,SME,Referral,54,125.55,4,Yes,2025-04-29,13,
LEAD003096,2025-04-16,North,Delhi,Karan Malhotra,SME,Organic Search,69,101.00,4,Yes,2025-05-05,19,
LEAD003097,2025-04-16,West,Mumbai,Dev Patel,Individual,Paid Social,74,368.12,5,No,,,Price Too High
LEAD003098,2025-04-16,North,Delhi,Priya Verma,Individual,Referral,73,118.81,4,Yes,2025-04-21,5,
LEAD003099,2025-04-17,South,Bengaluru,Sneha Rao,Individual,Organic Search,76,80.76,4,Yes,2025-04-22,5,
LEAD003100,2025-04-17,West,Ahmedabad,Dev Patel,SME,Google Ads,59,640.21,3,Yes,2025-05-01,14,
LEAD003101,2025-04-17,West,Ahmedabad,Dev Patel,Individual,Paid Social,42,456.75,3,No,,,Not Ready Yet
LEAD003102,2025-04-17,South,Chennai,Sneha Rao,Corporate,Corporate Outreach,46,257.73,1,No,,,No Response
LEAD003103,2025-04-17,West,Mumbai,Rohan Mehta,Individual,Google Ads,55,611.39,5,No,,,Competitor Chosen
LEAD003104,2025-04-17,East,Guwahati,Neha Das,Individual,Marketplace,63,197.63,1,Yes,2025-04-30,13,
LEAD003105,2025-04-18,West,Pune,Rohan Mehta,Individual,Walk-in,61,45.24,1,Yes,2025-05-01,13,
LEAD003106,2025-04-18,West,Mumbai,Meera Joshi,Individual,Referral,41,109.17,3,Yes,2025-04-28,10,
LEAD003107,2025-04-18,South,Hyderabad,Isha Reddy,Individual,Walk-in,67,49.87,4,No,,,No Response
LEAD003108,2025-04-18,West,Mumbai,Meera Joshi,SME,Google Ads,50,537.41,1,No,,,No Response
LEAD003109,2025-04-18,North,Jaipur,Aarav Sharma,SME,Marketplace,45,207.11,1,No,,,No Response
LEAD003110,2025-04-18,South,Bengaluru,Arjun Nair,SME,Walk-in,51,52.42,2,Yes,2025-04-21,3,
LEAD003111,2025-04-18,North,Delhi,Karan Malhotra,Individual,Paid Social,42,465.63,2,No,,,Competitor Chosen
LEAD003112,2025-04-18,West,Mumbai,Meera Joshi,Individual,Google Ads,61,631.70,2,Yes,2025-04-22,4,
LEAD003113,2025-04-18,South,Hyderabad,Sneha Rao,Individual,Walk-in,58,56.01,5,No,,,Not Ready Yet
LEAD003114,2025-04-19,North,Lucknow,Aarav Sharma,Individual,Paid Social,54,474.47,3,No,,,Price Too High
LEAD003115,2025-04-19,South,Hyderabad,Sneha Rao,Corporate,Corporate Outreach,50,278.09,3,No,,,Budget Delayed
LEAD003116,2025-04-19,North,Jaipur,Priya Verma,SME,Referral,60,110.59,3,Yes,2025-04-29,10,
LEAD003117,2025-04-19,North,Lucknow,Aarav Sharma,Individual,Walk-in,63,50.92,2,Yes,2025-04-22,3,
LEAD003118,2025-04-19,West,Mumbai,Rohan Mehta,SME,Corporate Outreach,67,278.47,6,No,,,Budget Delayed
LEAD003119,2025-04-19,West,Mumbai,Dev Patel,Individual,Google Ads,68,562.54,1,Yes,2025-05-07,18,
LEAD003120,2025-04-19,East,Kolkata,Kavya Roy,Individual,Organic Search,41,79.96,6,No,,,Price Too High
LEAD003121,2025-04-19,South,Hyderabad,Sneha Rao,Individual,Organic Search,74,85.53,1,Yes,2025-05-06,17,
LEAD003122,2025-04-19,North,Delhi,Karan Malhotra,Individual,Organic Search,27,77.90,1,No,,,Price Too High
LEAD003123,2025-04-20,North,Delhi,Karan Malhotra,Individual,Paid Social,46,366.78,3,No,,,Not Ready Yet
LEAD003124,2025-04-20,North,Delhi,Priya Verma,Individual,Marketplace,42,199.93,5,No,,,No Response
LEAD003125,2025-04-20,West,Mumbai,Meera Joshi,SME,Referral,36,115.62,4,Yes,2025-04-24,4,
LEAD003126,2025-04-20,North,Delhi,Priya Verma,Individual,Organic Search,78,81.71,1,Yes,2025-05-09,19,
LEAD003127,2025-04-20,West,Mumbai,Dev Patel,Individual,Walk-in,70,47.09,6,No,,,No Response
LEAD003128,2025-04-20,South,Chennai,Sneha Rao,Individual,Organic Search,71,89.55,3,Yes,2025-05-14,24,
LEAD003129,2025-04-20,West,Mumbai,Meera Joshi,Individual,Google Ads,53,601.47,1,No,,,No Response
LEAD003130,2025-04-21,West,Pune,Rohan Mehta,Individual,Referral,64,119.55,2,Yes,2025-04-27,6,
LEAD003131,2025-04-21,East,Kolkata,Kavya Roy,Individual,Referral,98,123.58,2,Yes,2025-04-27,6,
LEAD003132,2025-04-21,North,Jaipur,Priya Verma,Individual,Referral,68,131.01,2,No,,,Price Too High
LEAD003133,2025-04-21,South,Chennai,Arjun Nair,Individual,Organic Search,76,88.79,3,Yes,2025-05-16,25,
LEAD003134,2025-04-21,West,Pune,Rohan Mehta,Individual,Referral,76,129.39,3,Yes,2025-04-22,1,
LEAD003135,2025-04-21,East,Kolkata,Neha Das,Individual,Organic Search,47,102.04,4,Yes,2025-05-03,12,
LEAD003136,2025-04-21,North,Delhi,Aarav Sharma,Individual,Walk-in,83,45.58,4,Yes,2025-04-27,6,
LEAD003137,2025-04-22,East,Bhubaneswar,Kavya Roy,Individual,Marketplace,33,216.58,4,Yes,2025-04-24,2,
LEAD003138,2025-04-22,West,Pune,Meera Joshi,SME,Organic Search,55,100.74,2,No,,,Budget Delayed
LEAD003139,2025-04-22,West,Ahmedabad,Meera Joshi,Individual,Walk-in,51,47.30,5,No,,,Price Too High
LEAD003140,2025-04-22,West,Mumbai,Rohan Mehta,Individual,Organic Search,43,88.37,3,Yes,2025-05-11,19,
LEAD003141,2025-04-23,West,Pune,Meera Joshi,Corporate,Corporate Outreach,66,307.88,5,Yes,2025-05-11,18,
LEAD003142,2025-04-23,West,Mumbai,Dev Patel,SME,Organic Search,68,101.12,3,Yes,2025-05-12,19,
LEAD003143,2025-04-23,North,Jaipur,Karan Malhotra,Individual,Referral,48,126.39,3,Yes,2025-05-05,12,
LEAD003144,2025-04-23,West,Mumbai,Meera Joshi,Individual,Referral,78,109.72,3,Yes,2025-05-06,13,
LEAD003145,2025-04-23,East,Kolkata,Kavya Roy,Individual,Paid Social,56,473.16,4,No,,,Budget Delayed
LEAD003146,2025-04-23,North,Jaipur,Aarav Sharma,Individual,Google Ads,57,533.73,3,Yes,2025-05-18,25,
LEAD003147,2025-04-23,West,Pune,Rohan Mehta,Individual,Marketplace,75,186.84,1,Yes,2025-05-06,13,
LEAD003148,2025-04-23,East,Kolkata,Kavya Roy,Individual,Walk-in,74,53.74,3,Yes,2025-05-02,9,
LEAD003149,2025-04-23,West,Pune,Rohan Mehta,SME,Google Ads,43,687.67,5,No,,,Price Too High
LEAD003150,2025-04-24,North,Lucknow,Karan Malhotra,Individual,Organic Search,48,85.19,6,No,,,Budget Delayed
LEAD003151,2025-04-24,North,Jaipur,Priya Verma,Individual,Walk-in,70,52.50,6,No,,,Price Too High
LEAD003152,2025-04-24,East,Guwahati,Kavya Roy,Individual,Marketplace,38,202.19,2,No,,,No Response
LEAD003153,2025-04-24,North,Delhi,Priya Verma,Individual,Paid Social,58,485.26,1,No,,,No Response
LEAD003154,2025-04-24,South,Bengaluru,Sneha Rao,Individual,Marketplace,72,172.96,1,Yes,2025-04-29,5,
LEAD003155,2025-04-24,North,Jaipur,Priya Verma,Individual,Organic Search,58,92.04,4,Yes,2025-04-30,6,
LEAD003156,2025-04-24,South,Chennai,Sneha Rao,Individual,Organic Search,57,98.01,1,No,,,No Response
LEAD003157,2025-04-24,West,Ahmedabad,Meera Joshi,Individual,Referral,85,119.53,1,Yes,2025-05-03,9,
LEAD003158,2025-04-24,South,Hyderabad,Sneha Rao,Corporate,Corporate Outreach,46,267.21,1,No,,,Price Too High
LEAD003159,2025-04-24,North,Delhi,Karan Malhotra,Corporate,Corporate Outreach,74,248.59,3,No,,,Not Ready Yet
LEAD003160,2025-04-24,West,Ahmedabad,Meera Joshi,SME,Corporate Outreach,65,255.15,6,No,,,Price Too High
LEAD003161,2025-04-24,South,Hyderabad,Sneha Rao,Individual,Walk-in,44,46.36,2,Yes,2025-04-26,2,
LEAD003162,2025-04-25,South,Chennai,Arjun Nair,Individual,Marketplace,75,207.99,1,Yes,2025-05-08,13,
LEAD003163,2025-04-25,South,Hyderabad,Arjun Nair,Individual,Google Ads,50,643.66,2,No,,,No Response
LEAD003164,2025-04-25,South,Chennai,Arjun Nair,Corporate,Corporate Outreach,46,319.17,6,No,,,Price Too High
LEAD003165,2025-04-25,South,Chennai,Arjun Nair,Individual,Organic Search,52,85.49,5,No,,,Price Too High
LEAD003166,2025-04-25,North,Delhi,Priya Verma,SME,Paid Social,51,403.76,6,No,,,Competitor Chosen
LEAD003167,2025-04-25,West,Mumbai,Meera Joshi,Individual,Organic Search,18,76.73,4,Yes,2025-05-08,13,
LEAD003168,2025-04-25,East,Kolkata,Neha Das,Individual,Google Ads,75,544.23,3,Yes,2025-05-05,10,
LEAD003169,2025-04-25,South,Hyderabad,Isha Reddy,Individual,Walk-in,76,50.92,3,Yes,2025-04-28,3,
LEAD003170,2025-04-25,South,Chennai,Sneha Rao,Individual,Organic Search,54,94.47,3,Yes,2025-05-02,7,
LEAD003171,2025-04-25,North,Delhi,Karan Malhotra,SME,Paid Social,58,397.81,4,No,,,Not Ready Yet
LEAD003172,2025-04-25,West,Mumbai,Rohan Mehta,Individual,Organic Search,56,85.52,3,No,,,Budget Delayed
LEAD003173,2025-04-25,South,Chennai,Isha Reddy,Corporate,Corporate Outreach,63,261.29,4,Yes,2025-05-08,13,
LEAD003174,2025-04-26,West,Mumbai,Dev Patel,SME,Paid Social,61,381.95,2,Yes,2025-05-02,6,
LEAD003175,2025-04-26,South,Bengaluru,Arjun Nair,Individual,Referral,98,108.04,1,Yes,2025-05-05,9,
LEAD003176,2025-04-26,South,Bengaluru,Isha Reddy,Individual,Organic Search,83,94.27,5,No,,,Not Ready Yet
LEAD003177,2025-04-26,North,Lucknow,Priya Verma,Individual,Walk-in,73,55.91,2,Yes,2025-04-28,2,
LEAD003178,2025-04-26,West,Pune,Dev Patel,Individual,Referral,47,120.54,3,Yes,2025-04-27,1,
LEAD003179,2025-04-26,South,Hyderabad,Sneha Rao,Individual,Referral,70,109.80,2,Yes,2025-04-27,1,
LEAD003180,2025-04-27,South,Bengaluru,Sneha Rao,Individual,Walk-in,57,48.15,3,Yes,2025-04-28,1,
LEAD003181,2025-04-27,East,Kolkata,Kavya Roy,Individual,Walk-in,33,44.08,6,No,,,Price Too High
LEAD003182,2025-04-27,North,Delhi,Priya Verma,Individual,Paid Social,64,375.19,2,No,,,Not Ready Yet
LEAD003183,2025-04-27,East,Guwahati,Neha Das,Corporate,Organic Search,59,90.64,5,Yes,2025-05-27,30,
LEAD003184,2025-04-27,North,Lucknow,Aarav Sharma,Individual,Walk-in,49,46.45,5,No,,,Budget Delayed
LEAD003185,2025-04-28,East,Bhubaneswar,Kavya Roy,Individual,Organic Search,77,96.05,1,Yes,2025-05-07,9,
LEAD003186,2025-04-28,North,Delhi,Priya Verma,Corporate,Corporate Outreach,58,270.82,1,No,,,Budget Delayed
LEAD003187,2025-04-28,West,Ahmedabad,Dev Patel,Individual,Organic Search,53,82.85,3,Yes,2025-05-01,3,
LEAD003188,2025-04-28,West,Pune,Meera Joshi,Individual,Organic Search,77,80.39,4,Yes,2025-05-01,3,
LEAD003189,2025-04-28,South,Chennai,Arjun Nair,Individual,Marketplace,61,212.42,3,Yes,2025-05-01,3,
LEAD003190,2025-04-28,East,Bhubaneswar,Neha Das,Individual,Organic Search,29,94.58,2,Yes,2025-05-03,5,
LEAD003191,2025-04-29,West,Ahmedabad,Meera Joshi,Individual,Google Ads,43,634.25,2,Yes,2025-05-11,12,
LEAD003192,2025-04-29,West,Ahmedabad,Dev Patel,Individual,Google Ads,68,652.61,3,No,,,Budget Delayed
LEAD003193,2025-04-29,West,Pune,Dev Patel,Individual,Paid Social,50,390.80,3,No,,,No Response
LEAD003194,2025-04-29,West,Ahmedabad,Meera Joshi,SME,Corporate Outreach,56,258.16,2,Yes,2025-05-06,7,
LEAD003195,2025-04-29,West,Mumbai,Rohan Mehta,Individual,Google Ads,57,712.90,5,No,,,Competitor Chosen
LEAD003196,2025-04-30,East,Bhubaneswar,Neha Das,SME,Marketplace,76,216.33,1,No,,,Price Too High
LEAD003197,2025-04-30,East,Guwahati,Vikram Sen,SME,Organic Search,69,91.73,1,No,,,No Response
LEAD003198,2025-04-30,West,Ahmedabad,Rohan Mehta,SME,Walk-in,44,45.85,4,Yes,2025-05-05,5,
LEAD003199,2025-04-30,West,Mumbai,Rohan Mehta,Corporate,Google Ads,55,703.66,2,Yes,2025-05-21,21,
LEAD003200,2025-04-30,South,Bengaluru,Isha Reddy,Individual,Referral,77,133.98,1,Yes,2025-05-08,8,
LEAD003201,2025-04-30,West,Pune,Dev Patel,Individual,Paid Social,36,478.05,1,No,,,Price Too High
LEAD003202,2025-05-01,West,Pune,Dev Patel,Individual,Walk-in,39,54.39,2,No,,,No Response
LEAD003203,2025-05-01,South,Hyderabad,Isha Reddy,Individual,Referral,59,107.13,6,No,,,Not Ready Yet
LEAD003204,2025-05-01,West,Pune,Dev Patel,Individual,Google Ads,66,610.89,4,Yes,2025-05-18,17,
LEAD003205,2025-05-01,North,Delhi,Priya Verma,Individual,Google Ads,61,561.73,5,No,,,Not Ready Yet
LEAD003206,2025-05-01,North,Lucknow,Karan Malhotra,Individual,Marketplace,64,191.78,2,Yes,2025-05-08,7,
LEAD003207,2025-05-01,South,Hyderabad,Isha Reddy,Individual,Walk-in,64,46.78,6,No,,,Budget Delayed
LEAD003208,2025-05-01,West,Pune,Dev Patel,SME,Marketplace,51,186.98,3,Yes,2025-05-12,11,
LEAD003209,2025-05-02,West,Ahmedabad,Dev Patel,Individual,Referral,66,125.23,2,Yes,2025-05-06,4,
LEAD003210,2025-05-02,North,Lucknow,Priya Verma,Individual,Organic Search,78,92.49,4,Yes,2025-05-25,23,
LEAD003211,2025-05-02,North,Jaipur,Priya Verma,Individual,Paid Social,57,393.27,5,No,,,Budget Delayed
LEAD003212,2025-05-02,West,Ahmedabad,Rohan Mehta,SME,Google Ads,40,673.04,6,No,,,No Response
LEAD003213,2025-05-02,North,Lucknow,Aarav Sharma,SME,Google Ads,47,642.09,6,No,,,Price Too High
LEAD003214,2025-05-02,West,Pune,Dev Patel,Individual,Google Ads,62,691.30,4,Yes,2025-05-22,20,
LEAD003215,2025-05-02,West,Ahmedabad,Dev Patel,Corporate,Google Ads,49,555.59,5,No,,,Competitor Chosen
LEAD003216,2025-05-02,South,Bengaluru,Sneha Rao,Individual,Referral,48,128.72,1,Yes,2025-05-03,1,
LEAD003217,2025-05-03,North,Lucknow,Karan Malhotra,Individual,Organic Search,60,83.34,5,No,,,No Response
LEAD003218,2025-05-03,South,Chennai,Sneha Rao,Individual,Google Ads,63,650.47,1,Yes,2025-05-27,24,
LEAD003219,2025-05-03,North,Jaipur,Karan Malhotra,Corporate,Corporate Outreach,48,310.06,4,Yes,2025-05-22,19,
LEAD003220,2025-05-03,East,Kolkata,Kavya Roy,Individual,Marketplace,58,196.79,2,Yes,2025-05-15,12,
LEAD003221,2025-05-03,South,Bengaluru,Sneha Rao,Corporate,Corporate Outreach,38,253.12,1,Yes,2025-06-01,29,
LEAD003222,2025-05-03,North,Lucknow,Aarav Sharma,SME,Google Ads,63,596.40,4,Yes,2025-05-18,15,
LEAD003223,2025-05-03,West,Pune,Meera Joshi,Individual,Marketplace,59,188.98,3,No,,,No Response
LEAD003224,2025-05-03,North,Jaipur,Aarav Sharma,Individual,Referral,58,102.04,3,Yes,2025-05-05,2,
LEAD003225,2025-05-03,East,Kolkata,Kavya Roy,Individual,Marketplace,83,188.94,1,Yes,2025-05-14,11,
LEAD003226,2025-05-04,North,Delhi,Karan Malhotra,Corporate,Referral,70,107.46,4,Yes,2025-05-29,25,
LEAD003227,2025-05-04,South,Chennai,Sneha Rao,Individual,Walk-in,70,54.24,2,Yes,2025-05-11,7,
LEAD003228,2025-05-04,South,Bengaluru,Arjun Nair,SME,Paid Social,75,384.13,5,No,,,No Response
LEAD003229,2025-05-04,West,Pune,Dev Patel,SME,Paid Social,59,461.75,5,No,,,Budget Delayed
LEAD003230,2025-05-04,South,Bengaluru,Isha Reddy,Individual,Referral,89,111.65,4,Yes,2025-05-18,14,
LEAD003231,2025-05-04,South,Chennai,Sneha Rao,Individual,Google Ads,56,651.65,2,No,,,Competitor Chosen
LEAD003232,2025-05-04,North,Lucknow,Priya Verma,Individual,Marketplace,81,176.07,3,Yes,2025-05-11,7,
LEAD003233,2025-05-04,South,Chennai,Isha Reddy,Individual,Referral,73,104.22,2,No,,,Not Ready Yet
LEAD003234,2025-05-04,West,Mumbai,Dev Patel,Corporate,Organic Search,45,83.49,4,Yes,2025-05-16,12,
LEAD003235,2025-05-05,West,Pune,Dev Patel,Corporate,Organic Search,60,78.94,1,Yes,2025-06-14,40,
LEAD003236,2025-05-05,South,Hyderabad,Sneha Rao,SME,Walk-in,53,51.57,2,Yes,2025-05-16,11,
LEAD003237,2025-05-05,West,Mumbai,Dev Patel,SME,Marketplace,41,201.23,4,No,,,No Response
LEAD003238,2025-05-05,West,Mumbai,Dev Patel,Individual,Walk-in,46,51.63,4,Yes,2025-05-08,3,
LEAD003239,2025-05-05,South,Bengaluru,Arjun Nair,Individual,Organic Search,65,82.36,2,Yes,2025-05-11,6,
LEAD003240,2025-05-05,South,Bengaluru,Sneha Rao,Individual,Paid Social,37,385.70,3,No,,,No Response
LEAD003241,2025-05-05,North,Jaipur,Karan Malhotra,Individual,Google Ads,35,559.14,1,No,,,No Response
LEAD003242,2025-05-05,South,Hyderabad,Isha Reddy,Individual,Walk-in,60,57.32,4,No,,,No Response
LEAD003243,2025-05-05,West,Pune,Rohan Mehta,Individual,Referral,60,126.05,4,Yes,2025-05-14,9,
LEAD003244,2025-05-05,South,Chennai,Sneha Rao,Individual,Referral,72,123.90,2,Yes,2025-05-14,9,
LEAD003245,2025-05-05,North,Delhi,Aarav Sharma,Individual,Paid Social,47,482.30,2,No,,,No Response
LEAD003246,2025-05-05,South,Bengaluru,Sneha Rao,Individual,Referral,61,111.97,4,No,,,No Response
LEAD003247,2025-05-05,West,Mumbai,Dev Patel,Individual,Paid Social,54,459.15,5,No,,,Not Ready Yet
LEAD003248,2025-05-06,North,Jaipur,Karan Malhotra,Individual,Google Ads,59,665.97,1,Yes,2025-05-19,13,
LEAD003249,2025-05-06,West,Mumbai,Rohan Mehta,Individual,Organic Search,90,89.64,4,Yes,2025-05-29,23,
LEAD003250,2025-05-06,West,Ahmedabad,Meera Joshi,Individual,Organic Search,58,86.68,4,Yes,2025-05-25,19,
LEAD003251,2025-05-06,South,Chennai,Arjun Nair,Individual,Google Ads,68,633.78,4,No,,,No Response
LEAD003252,2025-05-07,East,Kolkata,Neha Das,Individual,Marketplace,53,213.93,4,Yes,2025-05-21,14,
LEAD003253,2025-05-07,North,Delhi,Aarav Sharma,Individual,Organic Search,47,103.15,4,No,,,Price Too High
LEAD003254,2025-05-07,North,Lucknow,Aarav Sharma,Individual,Organic Search,58,80.03,1,No,,,No Response
LEAD003255,2025-05-07,West,Pune,Dev Patel,Individual,Organic Search,70,102.70,4,No,,,Price Too High
LEAD003256,2025-05-07,West,Pune,Dev Patel,Corporate,Referral,72,129.05,4,Yes,2025-05-20,13,
LEAD003257,2025-05-07,West,Pune,Meera Joshi,Individual,Organic Search,40,90.16,3,Yes,2025-05-23,16,
LEAD003258,2025-05-07,South,Chennai,Isha Reddy,SME,Paid Social,59,489.24,3,Yes,2025-05-29,22,
LEAD003259,2025-05-07,North,Lucknow,Karan Malhotra,Corporate,Corporate Outreach,31,278.11,3,No,,,No Response
LEAD003260,2025-05-08,West,Mumbai,Dev Patel,Individual,Organic Search,69,88.50,4,Yes,2025-05-26,18,
LEAD003261,2025-05-08,West,Ahmedabad,Dev Patel,Individual,Paid Social,36,451.78,4,No,,,Competitor Chosen
LEAD003262,2025-05-08,South,Bengaluru,Isha Reddy,Individual,Referral,59,113.65,1,Yes,2025-05-09,1,
LEAD003263,2025-05-08,North,Delhi,Karan Malhotra,Individual,Google Ads,51,633.33,1,Yes,2025-06-02,25,
LEAD003264,2025-05-08,North,Lucknow,Priya Verma,Individual,Marketplace,70,169.18,4,No,,,Price Too High
LEAD003265,2025-05-08,South,Bengaluru,Sneha Rao,SME,Marketplace,52,182.50,2,No,,,Not Ready Yet
LEAD003266,2025-05-08,East,Kolkata,Kavya Roy,Individual,Organic Search,66,96.22,2,Yes,2025-05-15,7,
LEAD003267,2025-05-08,North,Delhi,Aarav Sharma,Individual,Paid Social,54,384.37,6,No,,,Not Ready Yet
LEAD003268,2025-05-08,South,Hyderabad,Sneha Rao,Individual,Marketplace,44,187.47,4,Yes,2025-05-18,10,
LEAD003269,2025-05-08,South,Chennai,Isha Reddy,Individual,Paid Social,50,430.42,5,No,,,Not Ready Yet
LEAD003270,2025-05-09,West,Mumbai,Rohan Mehta,SME,Marketplace,60,182.24,3,No,,,No Response
LEAD003271,2025-05-09,North,Jaipur,Karan Malhotra,Individual,Marketplace,77,166.16,6,No,,,Price Too High
LEAD003272,2025-05-09,East,Bhubaneswar,Kavya Roy,Individual,Marketplace,43,190.96,4,Yes,2025-05-12,3,
LEAD003273,2025-05-09,West,Mumbai,Rohan Mehta,Individual,Google Ads,70,609.23,4,Yes,2025-05-13,4,
LEAD003274,2025-05-09,North,Jaipur,Karan Malhotra,Corporate,Corporate Outreach,64,245.61,5,Yes,2025-06-06,28,
LEAD003275,2025-05-09,South,Chennai,Isha Reddy,Individual,Organic Search,40,97.15,3,Yes,2025-05-21,12,
LEAD003276,2025-05-09,South,Chennai,Arjun Nair,Individual,Google Ads,57,624.01,4,No,,,Price Too High
LEAD003277,2025-05-10,South,Chennai,Sneha Rao,SME,Marketplace,71,185.18,1,No,,,No Response
LEAD003278,2025-05-10,North,Lucknow,Karan Malhotra,Individual,Google Ads,55,681.00,1,Yes,2025-05-26,16,
LEAD003279,2025-05-10,North,Lucknow,Karan Malhotra,Corporate,Corporate Outreach,33,318.67,1,No,,,No Response
LEAD003280,2025-05-10,South,Bengaluru,Sneha Rao,Individual,Paid Social,41,438.56,2,Yes,2025-05-25,15,
LEAD003281,2025-05-10,South,Hyderabad,Isha Reddy,Individual,Google Ads,55,605.75,1,Yes,2025-05-25,15,
LEAD003282,2025-05-10,North,Jaipur,Priya Verma,Individual,Paid Social,86,493.94,4,No,,,No Response
LEAD003283,2025-05-11,West,Mumbai,Rohan Mehta,SME,Marketplace,54,188.94,4,Yes,2025-05-23,12,
LEAD003284,2025-05-11,South,Hyderabad,Sneha Rao,Individual,Organic Search,64,93.10,6,No,,,No Response
LEAD003285,2025-05-11,West,Mumbai,Dev Patel,Individual,Google Ads,50,667.63,3,Yes,2025-05-28,17,
LEAD003286,2025-05-11,South,Hyderabad,Sneha Rao,Individual,Organic Search,72,78.81,1,No,,,Budget Delayed
LEAD003287,2025-05-11,North,Delhi,Priya Verma,Individual,Organic Search,44,78.82,1,Yes,2025-06-03,23,
LEAD003288,2025-05-11,South,Hyderabad,Arjun Nair,Individual,Referral,78,125.89,4,Yes,2025-05-16,5,
LEAD003289,2025-05-12,West,Mumbai,Meera Joshi,Individual,Google Ads,76,531.30,4,Yes,2025-06-03,22,
LEAD003290,2025-05-12,South,Hyderabad,Isha Reddy,Individual,Referral,59,124.46,3,Yes,2025-05-25,13,
LEAD003291,2025-05-12,West,Pune,Dev Patel,Individual,Marketplace,74,183.94,2,No,,,Budget Delayed
LEAD003292,2025-05-12,West,Pune,Meera Joshi,Individual,Organic Search,25,89.58,1,Yes,2025-05-30,18,
LEAD003293,2025-05-12,West,Mumbai,Meera Joshi,Individual,Walk-in,51,48.52,4,Yes,2025-05-17,5,
LEAD003294,2025-05-13,North,Jaipur,Aarav Sharma,SME,Google Ads,78,577.82,1,Yes,2025-06-06,24,
LEAD003295,2025-05-13,East,Guwahati,Kavya Roy,SME,Referral,64,112.86,1,Yes,2025-05-19,6,
LEAD003296,2025-05-13,South,Hyderabad,Isha Reddy,Individual,Paid Social,35,429.72,4,No,,,Price Too High
LEAD003297,2025-05-13,North,Jaipur,Aarav Sharma,SME,Corporate Outreach,89,310.07,2,Yes,2025-05-15,2,
LEAD003298,2025-05-13,West,Mumbai,Rohan Mehta,Individual,Paid Social,44,407.49,1,No,,,No Response
LEAD003299,2025-05-14,East,Kolkata,Vikram Sen,Individual,Google Ads,65,637.39,2,No,,,No Response
LEAD003300,2025-05-14,West,Mumbai,Rohan Mehta,SME,Corporate Outreach,69,291.67,4,No,,,Budget Delayed
LEAD003301,2025-05-14,East,Kolkata,Neha Das,Individual,Organic Search,41,82.75,1,No,,,No Response
LEAD003302,2025-05-14,North,Jaipur,Priya Verma,Individual,Paid Social,46,487.24,2,No,,,No Response
LEAD003303,2025-05-14,North,Lucknow,Priya Verma,Individual,Marketplace,43,172.07,3,Yes,2025-05-16,2,
LEAD003304,2025-05-14,North,Lucknow,Karan Malhotra,Individual,Walk-in,83,53.58,4,Yes,2025-05-27,13,
LEAD003305,2025-05-15,North,Lucknow,Priya Verma,Individual,Referral,38,122.08,6,No,,,Budget Delayed
LEAD003306,2025-05-15,North,Jaipur,Priya Verma,Individual,Referral,52,123.39,2,No,,,No Response
LEAD003307,2025-05-15,East,Bhubaneswar,Neha Das,SME,Marketplace,57,168.40,3,No,,,Competitor Chosen
LEAD003308,2025-05-15,West,Ahmedabad,Meera Joshi,Individual,Organic Search,57,84.13,2,No,,,No Response
LEAD003309,2025-05-16,West,Mumbai,Rohan Mehta,Individual,Organic Search,80,101.85,2,No,,,No Response
LEAD003310,2025-05-16,South,Hyderabad,Sneha Rao,SME,Referral,57,129.82,3,Yes,2025-05-19,3,
LEAD003311,2025-05-16,South,Hyderabad,Arjun Nair,Individual,Paid Social,41,455.43,2,Yes,2025-06-03,18,
LEAD003312,2025-05-16,West,Pune,Rohan Mehta,Individual,Organic Search,44,94.23,2,Yes,2025-06-08,23,
LEAD003313,2025-05-16,North,Jaipur,Aarav Sharma,SME,Google Ads,50,550.32,4,Yes,2025-05-22,6,
LEAD003314,2025-05-16,West,Pune,Meera Joshi,Individual,Marketplace,62,194.60,1,Yes,2025-05-25,9,
LEAD003315,2025-05-16,South,Chennai,Isha Reddy,Corporate,Referral,53,123.86,5,No,,,No Response
LEAD003316,2025-05-16,North,Delhi,Priya Verma,Individual,Referral,69,116.72,4,Yes,2025-05-30,14,
LEAD003317,2025-05-16,North,Lucknow,Aarav Sharma,SME,Google Ads,45,561.73,5,No,,,Price Too High
LEAD003318,2025-05-17,North,Delhi,Karan Malhotra,SME,Google Ads,66,590.53,1,Yes,2025-06-02,16,
LEAD003319,2025-05-17,West,Ahmedabad,Dev Patel,Individual,Organic Search,64,96.16,6,No,,,Not Ready Yet
LEAD003320,2025-05-17,West,Mumbai,Meera Joshi,Individual,Walk-in,78,50.57,2,Yes,2025-05-24,7,
LEAD003321,2025-05-17,South,Chennai,Sneha Rao,Individual,Walk-in,56,47.80,2,No,,,Price Too High
LEAD003322,2025-05-18,South,Chennai,Sneha Rao,Individual,Paid Social,32,399.05,2,Yes,2025-06-04,17,
LEAD003323,2025-05-18,North,Delhi,Aarav Sharma,Individual,Google Ads,42,592.70,2,No,,,Competitor Chosen
LEAD003324,2025-05-18,North,Delhi,Aarav Sharma,Individual,Marketplace,65,210.68,3,Yes,2025-05-21,3,
LEAD003325,2025-05-18,West,Pune,Rohan Mehta,Individual,Marketplace,46,211.02,2,Yes,2025-05-30,12,
LEAD003326,2025-05-18,East,Guwahati,Vikram Sen,Corporate,Organic Search,76,78.26,2,Yes,2025-06-21,34,
LEAD003327,2025-05-18,West,Mumbai,Meera Joshi,SME,Marketplace,71,201.92,2,Yes,2025-05-25,7,
LEAD003328,2025-05-18,East,Kolkata,Kavya Roy,Corporate,Corporate Outreach,46,273.15,4,No,,,No Response
LEAD003329,2025-05-18,West,Ahmedabad,Rohan Mehta,Individual,Organic Search,31,77.63,2,No,,,Price Too High
LEAD003330,2025-05-19,East,Kolkata,Vikram Sen,Individual,Referral,87,122.83,2,Yes,2025-05-24,5,
LEAD003331,2025-05-19,North,Delhi,Aarav Sharma,Individual,Organic Search,71,89.52,1,Yes,2025-06-02,14,
LEAD003332,2025-05-19,South,Chennai,Arjun Nair,Individual,Paid Social,32,433.02,6,No,,,No Response
LEAD003333,2025-05-19,West,Pune,Rohan Mehta,Individual,Organic Search,59,92.59,2,Yes,2025-05-26,7,
LEAD003334,2025-05-19,South,Bengaluru,Isha Reddy,Individual,Referral,73,106.04,3,No,,,No Response
LEAD003335,2025-05-19,South,Chennai,Sneha Rao,Individual,Marketplace,71,166.36,3,No,,,Price Too High
LEAD003336,2025-05-20,West,Ahmedabad,Meera Joshi,Individual,Paid Social,42,460.50,2,Yes,2025-06-06,17,
LEAD003337,2025-05-20,North,Delhi,Priya Verma,Individual,Referral,49,125.34,3,Yes,2025-05-31,11,
LEAD003338,2025-05-20,North,Lucknow,Karan Malhotra,Individual,Paid Social,50,461.95,4,Yes,2025-06-14,25,
LEAD003339,2025-05-20,East,Bhubaneswar,Vikram Sen,SME,Organic Search,59,103.27,2,No,,,Budget Delayed
LEAD003340,2025-05-20,South,Bengaluru,Sneha Rao,Individual,Organic Search,51,87.85,6,No,,,No Response
LEAD003341,2025-05-20,North,Delhi,Priya Verma,Individual,Organic Search,50,76.69,2,No,,,No Response
LEAD003342,2025-05-21,East,Kolkata,Vikram Sen,SME,Paid Social,46,415.52,2,No,,,Price Too High
LEAD003343,2025-05-21,North,Lucknow,Priya Verma,SME,Google Ads,62,562.40,2,Yes,2025-06-09,19,
LEAD003344,2025-05-21,North,Jaipur,Karan Malhotra,Individual,Referral,70,135.16,4,Yes,2025-05-27,6,
LEAD003345,2025-05-22,North,Delhi,Aarav Sharma,Individual,Referral,53,102.20,1,Yes,2025-06-03,12,
LEAD003346,2025-05-22,South,Chennai,Arjun Nair,SME,Marketplace,72,207.25,2,Yes,2025-05-28,6,
LEAD003347,2025-05-22,East,Kolkata,Neha Das,Individual,Walk-in,58,44.75,1,Yes,2025-06-02,11,
LEAD003348,2025-05-22,North,Lucknow,Karan Malhotra,SME,Paid Social,62,407.62,1,No,,,No Response
LEAD003349,2025-05-23,West,Mumbai,Dev Patel,Individual,Organic Search,70,92.16,3,Yes,2025-06-15,23,
LEAD003350,2025-05-23,West,Mumbai,Meera Joshi,Individual,Organic Search,47,95.24,4,Yes,2025-06-15,23,
LEAD003351,2025-05-23,South,Hyderabad,Arjun Nair,Corporate,Corporate Outreach,25,297.99,5,No,,,Competitor Chosen
LEAD003352,2025-05-23,West,Pune,Rohan Mehta,Individual,Marketplace,65,165.30,1,Yes,2025-05-25,2,
LEAD003353,2025-05-23,North,Delhi,Aarav Sharma,Individual,Walk-in,52,45.75,4,Yes,2025-05-30,7,
LEAD003354,2025-05-23,East,Guwahati,Neha Das,Individual,Walk-in,71,51.10,6,No,,,No Response
LEAD003355,2025-05-23,East,Bhubaneswar,Neha Das,Individual,Google Ads,78,562.72,1,Yes,2025-06-09,17,
LEAD003356,2025-05-23,North,Delhi,Aarav Sharma,Corporate,Corporate Outreach,50,246.76,4,No,,,Price Too High
LEAD003357,2025-05-24,South,Bengaluru,Sneha Rao,Individual,Paid Social,24,449.35,5,No,,,Competitor Chosen
LEAD003358,2025-05-24,West,Mumbai,Rohan Mehta,Corporate,Corporate Outreach,52,239.03,3,Yes,2025-06-28,35,
LEAD003359,2025-05-24,North,Delhi,Karan Malhotra,Corporate,Walk-in,55,55.92,6,Yes,2025-06-04,11,
LEAD003360,2025-05-24,West,Ahmedabad,Rohan Mehta,SME,Organic Search,65,83.82,2,Yes,2025-06-03,10,
LEAD003361,2025-05-24,South,Bengaluru,Isha Reddy,Individual,Walk-in,63,52.38,3,No,,,Not Ready Yet
LEAD003362,2025-05-24,East,Kolkata,Kavya Roy,Individual,Organic Search,48,103.31,6,No,,,No Response
LEAD003363,2025-05-24,West,Ahmedabad,Rohan Mehta,Individual,Paid Social,44,378.12,5,No,,,Budget Delayed
LEAD003364,2025-05-24,South,Hyderabad,Sneha Rao,Individual,Referral,72,132.44,1,Yes,2025-05-27,3,
LEAD003365,2025-05-25,West,Pune,Meera Joshi,Individual,Marketplace,71,162.04,5,No,,,Budget Delayed
LEAD003366,2025-05-25,North,Delhi,Priya Verma,Individual,Referral,75,135.53,1,Yes,2025-06-05,11,
LEAD003367,2025-05-25,South,Bengaluru,Arjun Nair,SME,Marketplace,41,197.92,1,Yes,2025-06-02,8,
LEAD003368,2025-05-25,West,Pune,Dev Patel,SME,Paid Social,34,464.31,1,No,,,Competitor Chosen
LEAD003369,2025-05-25,North,Delhi,Aarav Sharma,Individual,Google Ads,65,571.72,4,Yes,2025-06-05,11,
LEAD003370,2025-05-25,North,Delhi,Karan Malhotra,SME,Marketplace,48,188.74,4,No,,,Budget Delayed
LEAD003371,2025-05-25,North,Delhi,Priya Verma,Individual,Marketplace,61,210.67,6,No,,,No Response
LEAD003372,2025-05-25,North,Lucknow,Karan Malhotra,Individual,Organic Search,52,93.28,1,No,,,No Response
LEAD003373,2025-05-25,West,Pune,Meera Joshi,Individual,Walk-in,45,42.99,3,Yes,2025-06-07,13,
LEAD003374,2025-05-25,West,Ahmedabad,Rohan Mehta,Individual,Paid Social,68,430.69,2,No,,,No Response
LEAD003375,2025-05-26,West,Mumbai,Dev Patel,Individual,Marketplace,54,210.62,1,No,,,Competitor Chosen
LEAD003376,2025-05-26,North,Jaipur,Karan Malhotra,Corporate,Referral,81,119.57,4,No,,,Price Too High
LEAD003377,2025-05-26,South,Chennai,Sneha Rao,Individual,Paid Social,51,381.33,2,No,,,Price Too High
LEAD003378,2025-05-26,East,Guwahati,Neha Das,Corporate,Corporate Outreach,36,307.38,7,Yes,2025-06-12,17,
LEAD003379,2025-05-26,North,Delhi,Aarav Sharma,Individual,Google Ads,44,623.55,6,No,,,Budget Delayed
LEAD003380,2025-05-26,West,Ahmedabad,Meera Joshi,Individual,Organic Search,58,78.98,3,Yes,2025-05-31,5,
LEAD003381,2025-05-27,North,Delhi,Karan Malhotra,Individual,Organic Search,64,81.36,3,Yes,2025-06-13,17,
LEAD003382,2025-05-27,South,Chennai,Arjun Nair,SME,Organic Search,78,92.54,4,Yes,2025-05-30,3,
LEAD003383,2025-05-27,East,Kolkata,Neha Das,Individual,Paid Social,37,494.03,3,Yes,2025-05-30,3,
LEAD003384,2025-05-27,North,Lucknow,Priya Verma,Individual,Marketplace,44,194.26,1,No,,,Not Ready Yet
LEAD003385,2025-05-27,West,Ahmedabad,Dev Patel,Individual,Paid Social,60,428.52,2,Yes,2025-06-07,11,
LEAD003386,2025-05-27,West,Mumbai,Rohan Mehta,Individual,Referral,43,106.60,1,Yes,2025-06-07,11,
LEAD003387,2025-05-27,North,Delhi,Aarav Sharma,Individual,Marketplace,77,180.21,4,Yes,2025-05-28,1,
LEAD003388,2025-05-28,West,Ahmedabad,Rohan Mehta,Individual,Google Ads,67,681.81,3,No,,,Not Ready Yet
LEAD003389,2025-05-28,South,Chennai,Sneha Rao,Individual,Organic Search,56,97.70,1,No,,,Competitor Chosen
LEAD003390,2025-05-28,West,Mumbai,Dev Patel,SME,Referral,56,109.46,6,No,,,Competitor Chosen
LEAD003391,2025-05-28,South,Bengaluru,Arjun Nair,Individual,Paid Social,34,387.36,2,No,,,No Response
LEAD003392,2025-05-28,North,Lucknow,Priya Verma,SME,Marketplace,82,190.90,1,Yes,2025-06-04,7,
LEAD003393,2025-05-28,South,Chennai,Sneha Rao,Individual,Google Ads,53,577.21,3,Yes,2025-06-16,19,
LEAD003394,2025-05-28,South,Hyderabad,Sneha Rao,Individual,Organic Search,53,96.49,6,No,,,No Response
LEAD003395,2025-05-28,North,Delhi,Aarav Sharma,SME,Paid Social,43,405.90,3,No,,,Budget Delayed
LEAD003396,2025-05-29,North,Lucknow,Aarav Sharma,Individual,Marketplace,40,190.44,3,No,,,Competitor Chosen
LEAD003397,2025-05-29,North,Delhi,Priya Verma,Individual,Organic Search,70,96.64,2,No,,,Competitor Chosen
LEAD003398,2025-05-29,West,Mumbai,Rohan Mehta,SME,Referral,78,136.62,2,Yes,2025-06-08,10,
LEAD003399,2025-05-29,West,Pune,Rohan Mehta,Individual,Marketplace,46,173.83,2,Yes,2025-06-12,14,
LEAD003400,2025-05-30,North,Lucknow,Priya Verma,Individual,Referral,71,109.67,4,Yes,2025-06-10,11,
LEAD003401,2025-05-30,East,Kolkata,Kavya Roy,SME,Organic Search,51,85.60,3,Yes,2025-06-19,20,
LEAD003402,2025-05-30,North,Jaipur,Priya Verma,Individual,Organic Search,60,82.72,1,Yes,2025-06-22,23,
LEAD003403,2025-05-31,West,Mumbai,Meera Joshi,Individual,Marketplace,36,207.71,1,Yes,2025-06-07,7,
LEAD003404,2025-05-31,South,Chennai,Sneha Rao,Individual,Marketplace,59,169.70,4,Yes,2025-06-01,1,
LEAD003405,2025-05-31,North,Delhi,Priya Verma,Individual,Referral,77,107.31,2,Yes,2025-06-08,8,
LEAD003406,2025-05-31,South,Chennai,Sneha Rao,SME,Corporate Outreach,69,240.02,5,No,,,Competitor Chosen
LEAD003407,2025-05-31,South,Bengaluru,Arjun Nair,Individual,Organic Search,74,93.28,1,Yes,2025-06-25,25,
LEAD003408,2025-05-31,West,Ahmedabad,Dev Patel,Individual,Google Ads,60,698.19,6,No,,,No Response
LEAD003409,2025-05-31,West,Pune,Meera Joshi,Individual,Walk-in,68,57.48,4,Yes,2025-06-06,6,
LEAD003410,2025-05-31,South,Chennai,Sneha Rao,SME,Paid Social,48,490.60,1,Yes,2025-06-07,7,
LEAD003411,2025-06-01,North,Lucknow,Karan Malhotra,Individual,Organic Search,69,98.03,3,No,,,No Response
LEAD003412,2025-06-01,North,Jaipur,Aarav Sharma,Individual,Referral,57,123.65,3,Yes,2025-06-14,13,
LEAD003413,2025-06-01,South,Bengaluru,Sneha Rao,Individual,Marketplace,61,192.21,3,No,,,Budget Delayed
LEAD003414,2025-06-01,West,Pune,Dev Patel,Individual,Google Ads,53,623.56,4,No,,,No Response
LEAD003415,2025-06-01,North,Delhi,Aarav Sharma,SME,Organic Search,53,86.90,3,No,,,Competitor Chosen
LEAD003416,2025-06-01,South,Bengaluru,Isha Reddy,SME,Google Ads,72,711.80,3,Yes,2025-06-03,2,
LEAD003417,2025-06-01,West,Pune,Meera Joshi,Individual,Organic Search,53,89.20,5,No,,,Price Too High
LEAD003418,2025-06-01,West,Mumbai,Dev Patel,Individual,Referral,67,114.70,4,Yes,2025-06-15,14,
LEAD003419,2025-06-01,South,Hyderabad,Isha Reddy,Individual,Google Ads,56,608.69,1,Yes,2025-06-13,12,
LEAD003420,2025-06-01,South,Chennai,Arjun Nair,Individual,Referral,68,132.84,4,Yes,2025-06-09,8,
LEAD003421,2025-06-01,East,Bhubaneswar,Vikram Sen,SME,Marketplace,61,170.41,2,No,,,Budget Delayed
LEAD003422,2025-06-01,North,Jaipur,Priya Verma,Individual,Organic Search,60,87.66,1,Yes,2025-06-15,14,
LEAD003423,2025-06-02,North,Delhi,Priya Verma,Individual,Google Ads,59,584.35,2,No,,,No Response
LEAD003424,2025-06-02,East,Bhubaneswar,Vikram Sen,Individual,Walk-in,36,51.99,2,No,,,Not Ready Yet
LEAD003425,2025-06-02,North,Jaipur,Karan Malhotra,Individual,Paid Social,46,462.01,4,Yes,2025-06-22,20,
LEAD003426,2025-06-02,West,Pune,Dev Patel,SME,Corporate Outreach,31,286.32,5,No,,,Not Ready Yet
LEAD003427,2025-06-02,West,Ahmedabad,Dev Patel,Individual,Google Ads,75,691.05,2,Yes,2025-06-16,14,
LEAD003428,2025-06-03,South,Bengaluru,Isha Reddy,Individual,Walk-in,33,52.16,4,No,,,Competitor Chosen
LEAD003429,2025-06-03,West,Mumbai,Meera Joshi,Individual,Referral,39,118.30,4,No,,,Not Ready Yet
LEAD003430,2025-06-03,North,Delhi,Aarav Sharma,Individual,Paid Social,56,381.86,4,No,,,Price Too High
LEAD003431,2025-06-03,West,Pune,Meera Joshi,Individual,Paid Social,20,441.39,6,No,,,Competitor Chosen
LEAD003432,2025-06-03,South,Chennai,Sneha Rao,Individual,Google Ads,74,548.06,2,Yes,2025-06-26,23,
LEAD003433,2025-06-03,West,Pune,Rohan Mehta,Individual,Google Ads,58,684.30,1,No,,,Competitor Chosen
LEAD003434,2025-06-03,West,Ahmedabad,Dev Patel,Individual,Referral,49,112.91,4,No,,,Price Too High
LEAD003435,2025-06-04,North,Delhi,Priya Verma,Corporate,Walk-in,56,44.52,1,Yes,2025-07-11,37,
LEAD003436,2025-06-04,West,Ahmedabad,Rohan Mehta,Individual,Google Ads,71,533.66,3,No,,,Competitor Chosen
LEAD003437,2025-06-04,South,Hyderabad,Isha Reddy,SME,Google Ads,61,618.25,2,Yes,2025-06-26,22,
LEAD003438,2025-06-04,East,Kolkata,Kavya Roy,Individual,Google Ads,50,615.05,6,No,,,Competitor Chosen
LEAD003439,2025-06-04,East,Guwahati,Kavya Roy,Individual,Google Ads,51,531.91,3,Yes,2025-06-28,24,
LEAD003440,2025-06-04,West,Mumbai,Rohan Mehta,SME,Walk-in,68,44.46,4,Yes,2025-06-16,12,
LEAD003441,2025-06-05,South,Chennai,Sneha Rao,Individual,Paid Social,38,493.34,6,No,,,Competitor Chosen
LEAD003442,2025-06-05,South,Chennai,Isha Reddy,SME,Corporate Outreach,30,315.71,1,No,,,Price Too High
LEAD003443,2025-06-05,South,Hyderabad,Isha Reddy,Individual,Paid Social,47,442.91,6,No,,,Not Ready Yet
LEAD003444,2025-06-05,South,Chennai,Sneha Rao,Individual,Organic Search,46,98.15,5,No,,,Budget Delayed
LEAD003445,2025-06-05,West,Mumbai,Meera Joshi,SME,Paid Social,44,438.29,4,No,,,Not Ready Yet
LEAD003446,2025-06-05,North,Delhi,Aarav Sharma,Corporate,Corporate Outreach,56,252.58,7,Yes,2025-07-13,38,
LEAD003447,2025-06-05,South,Hyderabad,Sneha Rao,Individual,Organic Search,42,82.12,2,Yes,2025-06-26,21,
LEAD003448,2025-06-06,West,Mumbai,Dev Patel,Individual,Organic Search,65,92.15,3,No,,,Budget Delayed
LEAD003449,2025-06-06,North,Lucknow,Priya Verma,Individual,Organic Search,77,79.14,3,No,,,Competitor Chosen
LEAD003450,2025-06-06,North,Jaipur,Karan Malhotra,Individual,Google Ads,56,656.13,1,No,,,Price Too High
LEAD003451,2025-06-06,South,Bengaluru,Arjun Nair,Individual,Organic Search,64,83.61,1,Yes,2025-06-27,21,
LEAD003452,2025-06-06,East,Bhubaneswar,Vikram Sen,Corporate,Referral,71,110.30,7,Yes,2025-06-26,20,
LEAD003453,2025-06-06,South,Chennai,Sneha Rao,Corporate,Referral,54,109.81,2,Yes,2025-06-30,24,
LEAD003454,2025-06-06,East,Kolkata,Vikram Sen,Individual,Organic Search,68,100.44,3,Yes,2025-06-29,23,
LEAD003455,2025-06-06,West,Mumbai,Rohan Mehta,Individual,Paid Social,46,366.75,1,No,,,Budget Delayed
LEAD003456,2025-06-06,East,Kolkata,Neha Das,Individual,Organic Search,75,98.48,4,No,,,Competitor Chosen
LEAD003457,2025-06-06,West,Mumbai,Meera Joshi,Individual,Organic Search,38,94.74,3,Yes,2025-06-28,22,
LEAD003458,2025-06-07,South,Bengaluru,Arjun Nair,Individual,Marketplace,65,211.95,6,No,,,No Response
LEAD003459,2025-06-07,South,Chennai,Isha Reddy,Individual,Google Ads,35,621.20,4,No,,,No Response
LEAD003460,2025-06-07,West,Pune,Dev Patel,Individual,Referral,50,115.66,4,Yes,2025-06-08,1,
LEAD003461,2025-06-07,South,Chennai,Isha Reddy,Individual,Referral,69,113.40,3,No,,,Price Too High
LEAD003462,2025-06-07,North,Jaipur,Aarav Sharma,Individual,Google Ads,45,612.60,1,Yes,2025-07-01,24,
LEAD003463,2025-06-07,North,Delhi,Karan Malhotra,SME,Google Ads,60,594.78,4,Yes,2025-06-14,7,
LEAD003464,2025-06-07,West,Mumbai,Dev Patel,Individual,Walk-in,46,48.05,2,Yes,2025-06-09,2,
LEAD003465,2025-06-07,East,Bhubaneswar,Vikram Sen,SME,Walk-in,43,54.69,1,Yes,2025-06-11,4,
LEAD003466,2025-06-07,West,Pune,Dev Patel,Individual,Organic Search,56,81.65,4,No,,,No Response
LEAD003467,2025-06-07,East,Kolkata,Neha Das,Corporate,Organic Search,59,103.45,6,No,,,Not Ready Yet
LEAD003468,2025-06-08,South,Hyderabad,Arjun Nair,Individual,Walk-in,57,43.75,1,Yes,2025-06-19,11,
LEAD003469,2025-06-08,East,Kolkata,Kavya Roy,SME,Google Ads,62,556.40,5,No,,,Competitor Chosen
LEAD003470,2025-06-08,South,Chennai,Isha Reddy,SME,Organic Search,65,90.65,2,Yes,2025-06-12,4,
LEAD003471,2025-06-08,West,Ahmedabad,Dev Patel,Individual,Google Ads,68,627.90,3,No,,,Price Too High
LEAD003472,2025-06-08,North,Delhi,Priya Verma,Individual,Walk-in,77,56.85,1,Yes,2025-06-09,1,
LEAD003473,2025-06-08,West,Mumbai,Meera Joshi,SME,Corporate Outreach,52,242.88,4,Yes,2025-06-30,22,
LEAD003474,2025-06-08,East,Kolkata,Kavya Roy,SME,Marketplace,39,217.43,3,No,,,Budget Delayed
LEAD003475,2025-06-08,West,Pune,Meera Joshi,Individual,Walk-in,57,49.58,4,No,,,Price Too High
LEAD003476,2025-06-08,North,Delhi,Aarav Sharma,Individual,Marketplace,75,176.52,4,No,,,Competitor Chosen
LEAD003477,2025-06-08,South,Hyderabad,Sneha Rao,SME,Marketplace,51,189.92,2,Yes,2025-06-17,9,
LEAD003478,2025-06-09,West,Ahmedabad,Meera Joshi,Individual,Walk-in,67,56.97,3,Yes,2025-06-10,1,
LEAD003479,2025-06-09,North,Delhi,Priya Verma,Individual,Marketplace,47,203.57,4,Yes,2025-06-16,7,
LEAD003480,2025-06-09,West,Ahmedabad,Rohan Mehta,Individual,Walk-in,71,53.70,3,Yes,2025-06-14,5,
LEAD003481,2025-06-09,South,Chennai,Sneha Rao,SME,Referral,53,104.33,1,Yes,2025-06-15,6,
LEAD003482,2025-06-09,South,Bengaluru,Isha Reddy,Individual,Paid Social,39,398.02,2,No,,,No Response
LEAD003483,2025-06-09,South,Chennai,Sneha Rao,Individual,Google Ads,41,695.61,3,No,,,Price Too High
LEAD003484,2025-06-09,North,Lucknow,Karan Malhotra,Individual,Paid Social,63,481.82,1,Yes,2025-06-24,15,
LEAD003485,2025-06-09,North,Delhi,Priya Verma,Individual,Marketplace,40,200.44,1,Yes,2025-06-16,7,
LEAD003486,2025-06-09,West,Mumbai,Meera Joshi,SME,Google Ads,45,529.59,4,Yes,2025-06-26,17,
LEAD003487,2025-06-09,South,Chennai,Arjun Nair,SME,Organic Search,56,91.45,4,Yes,2025-06-25,16,
LEAD003488,2025-06-09,North,Delhi,Priya Verma,Individual,Paid Social,22,427.71,4,No,,,Not Ready Yet
LEAD003489,2025-06-09,North,Delhi,Aarav Sharma,Individual,Referral,81,123.10,3,Yes,2025-06-13,4,
LEAD003490,2025-06-10,North,Delhi,Karan Malhotra,Individual,Organic Search,81,96.62,2,Yes,2025-06-26,16,
LEAD003491,2025-06-10,South,Hyderabad,Sneha Rao,Individual,Walk-in,68,45.06,1,Yes,2025-06-19,9,
LEAD003492,2025-06-10,South,Hyderabad,Isha Reddy,SME,Marketplace,51,183.79,6,No,,,Not Ready Yet
LEAD003493,2025-06-10,South,Hyderabad,Isha Reddy,Individual,Organic Search,60,90.87,1,Yes,2025-06-16,6,
LEAD003494,2025-06-11,West,Ahmedabad,Dev Patel,Individual,Organic Search,44,78.39,6,No,,,Price Too High
LEAD003495,2025-06-11,West,Pune,Dev Patel,Individual,Referral,62,124.29,3,Yes,2025-06-17,6,
LEAD003496,2025-06-11,East,Bhubaneswar,Neha Das,Individual,Paid Social,36,418.82,1,No,,,No Response
LEAD003497,2025-06-11,East,Kolkata,Neha Das,Individual,Google Ads,64,593.91,1,No,,,Price Too High
LEAD003498,2025-06-11,East,Kolkata,Neha Das,Individual,Organic Search,50,85.31,2,Yes,2025-06-17,6,
LEAD003499,2025-06-11,North,Delhi,Karan Malhotra,Corporate,Walk-in,48,49.45,5,No,,,Budget Delayed
LEAD003500,2025-06-11,North,Lucknow,Karan Malhotra,SME,Referral,73,124.90,2,Yes,2025-06-25,14,
LEAD003501,2025-06-11,North,Delhi,Aarav Sharma,Corporate,Referral,53,132.66,2,Yes,2025-07-07,26,
LEAD003502,2025-06-12,South,Chennai,Sneha Rao,Corporate,Organic Search,63,95.44,2,Yes,2025-06-23,11,
LEAD003503,2025-06-12,West,Pune,Meera Joshi,Individual,Paid Social,40,438.41,1,No,,,No Response
LEAD003504,2025-06-12,South,Bengaluru,Arjun Nair,Individual,Organic Search,23,93.66,1,Yes,2025-07-03,21,
LEAD003505,2025-06-12,East,Bhubaneswar,Vikram Sen,Individual,Paid Social,68,420.38,2,No,,,Budget Delayed
LEAD003506,2025-06-12,West,Ahmedabad,Rohan Mehta,Individual,Walk-in,73,55.96,1,Yes,2025-06-23,11,
LEAD003507,2025-06-12,North,Jaipur,Priya Verma,Corporate,Corporate Outreach,25,253.12,1,No,,,Competitor Chosen
LEAD003508,2025-06-12,West,Mumbai,Dev Patel,Individual,Google Ads,61,585.54,3,Yes,2025-06-19,7,
LEAD003509,2025-06-12,North,Delhi,Aarav Sharma,Corporate,Corporate Outreach,51,251.19,3,Yes,2025-07-02,20,
LEAD003510,2025-06-13,West,Mumbai,Meera Joshi,Individual,Paid Social,66,412.13,3,No,,,Price Too High
LEAD003511,2025-06-13,North,Lucknow,Karan Malhotra,Individual,Marketplace,53,208.34,1,Yes,2025-06-25,12,
LEAD003512,2025-06-13,North,Delhi,Karan Malhotra,Corporate,Corporate Outreach,53,299.74,3,Yes,2025-06-23,10,
LEAD003513,2025-06-13,West,Mumbai,Dev Patel,Individual,Walk-in,63,54.27,2,Yes,2025-06-25,12,
LEAD003514,2025-06-13,West,Pune,Dev Patel,Individual,Organic Search,83,77.64,2,Yes,2025-07-04,21,
LEAD003515,2025-06-13,East,Bhubaneswar,Vikram Sen,SME,Referral,62,117.80,1,Yes,2025-06-20,7,
LEAD003516,2025-06-13,North,Lucknow,Aarav Sharma,Individual,Organic Search,61,93.92,5,No,,,Price Too High
LEAD003517,2025-06-13,West,Ahmedabad,Dev Patel,Individual,Paid Social,26,410.64,2,No,,,Not Ready Yet
LEAD003518,2025-06-13,South,Bengaluru,Arjun Nair,SME,Corporate Outreach,43,261.52,5,No,,,Not Ready Yet
LEAD003519,2025-06-14,East,Bhubaneswar,Vikram Sen,Individual,Walk-in,18,54.35,4,No,,,Competitor Chosen
LEAD003520,2025-06-14,East,Kolkata,Neha Das,Individual,Paid Social,29,452.42,2,No,,,Price Too High
LEAD003521,2025-06-14,North,Delhi,Priya Verma,Individual,Walk-in,58,44.05,2,Yes,2025-06-25,11,
LEAD003522,2025-06-14,West,Mumbai,Rohan Mehta,Individual,Referral,76,102.58,4,Yes,2025-06-17,3,
LEAD003523,2025-06-14,North,Lucknow,Aarav Sharma,SME,Referral,52,131.22,1,Yes,2025-06-22,8,
LEAD003524,2025-06-14,South,Hyderabad,Isha Reddy,Individual,Google Ads,63,606.35,5,No,,,No Response
LEAD003525,2025-06-15,West,Mumbai,Rohan Mehta,Corporate,Corporate Outreach,29,312.17,2,No,,,Price Too High
LEAD003526,2025-06-15,North,Delhi,Aarav Sharma,Individual,Marketplace,52,190.00,4,Yes,2025-06-20,5,
LEAD003527,2025-06-15,South,Hyderabad,Sneha Rao,Individual,Marketplace,58,209.35,4,Yes,2025-06-26,11,
LEAD003528,2025-06-15,West,Pune,Dev Patel,Individual,Referral,66,102.41,4,Yes,2025-06-22,7,
LEAD003529,2025-06-15,West,Ahmedabad,Meera Joshi,SME,Referral,70,113.22,4,No,,,Competitor Chosen
LEAD003530,2025-06-15,South,Hyderabad,Isha Reddy,Individual,Google Ads,55,671.38,1,No,,,No Response
LEAD003531,2025-06-15,South,Hyderabad,Sneha Rao,Individual,Organic Search,37,79.83,4,No,,,Price Too High
LEAD003532,2025-06-16,West,Pune,Meera Joshi,Individual,Organic Search,41,83.48,3,No,,,Not Ready Yet
LEAD003533,2025-06-16,East,Guwahati,Kavya Roy,Individual,Marketplace,61,185.24,2,No,,,Price Too High
LEAD003534,2025-06-16,South,Hyderabad,Isha Reddy,Individual,Walk-in,46,44.00,2,Yes,2025-06-17,1,
LEAD003535,2025-06-16,North,Lucknow,Karan Malhotra,Individual,Referral,65,124.87,4,Yes,2025-06-27,11,
LEAD003536,2025-06-16,West,Pune,Dev Patel,Individual,Paid Social,37,387.81,2,No,,,No Response
LEAD003537,2025-06-16,East,Bhubaneswar,Kavya Roy,Corporate,Corporate Outreach,70,239.94,5,No,,,No Response
LEAD003538,2025-06-16,East,Kolkata,Neha Das,Individual,Marketplace,67,172.92,4,Yes,2025-06-27,11,
LEAD003539,2025-06-16,North,Lucknow,Aarav Sharma,SME,Walk-in,51,56.98,3,Yes,2025-06-26,10,
LEAD003540,2025-06-17,North,Delhi,Aarav Sharma,Individual,Paid Social,58,410.89,6,No,,,Budget Delayed
LEAD003541,2025-06-17,South,Hyderabad,Arjun Nair,Individual,Paid Social,68,398.15,4,Yes,2025-06-27,10,
LEAD003542,2025-06-17,North,Delhi,Priya Verma,Individual,Google Ads,27,656.82,1,No,,,Competitor Chosen
LEAD003543,2025-06-17,West,Mumbai,Meera Joshi,Individual,Organic Search,76,91.68,3,Yes,2025-06-27,10,
LEAD003544,2025-06-17,West,Pune,Dev Patel,Individual,Referral,53,127.87,2,No,,,Price Too High
LEAD003545,2025-06-18,West,Mumbai,Meera Joshi,Individual,Organic Search,69,95.87,4,Yes,2025-06-25,7,
LEAD003546,2025-06-18,East,Bhubaneswar,Kavya Roy,Individual,Organic Search,57,99.03,2,Yes,2025-06-24,6,
LEAD003547,2025-06-18,South,Hyderabad,Arjun Nair,Individual,Google Ads,69,631.72,2,Yes,2025-07-03,15,
LEAD003548,2025-06-18,East,Guwahati,Vikram Sen,Individual,Google Ads,47,631.08,6,No,,,Competitor Chosen
LEAD003549,2025-06-18,West,Pune,Rohan Mehta,Individual,Walk-in,44,42.56,3,Yes,2025-06-29,11,
LEAD003550,2025-06-18,West,Mumbai,Rohan Mehta,Individual,Paid Social,45,370.19,4,No,,,Competitor Chosen
LEAD003551,2025-06-18,South,Bengaluru,Isha Reddy,SME,Referral,67,114.80,4,Yes,2025-06-25,7,
LEAD003552,2025-06-19,South,Chennai,Arjun Nair,Individual,Google Ads,56,615.27,1,No,,,Price Too High
LEAD003553,2025-06-19,West,Mumbai,Meera Joshi,Individual,Walk-in,45,54.83,6,No,,,Price Too High
LEAD003554,2025-06-19,East,Kolkata,Kavya Roy,Individual,Referral,66,126.71,4,Yes,2025-06-28,9,
LEAD003555,2025-06-19,South,Bengaluru,Sneha Rao,Individual,Paid Social,30,371.41,5,No,,,Not Ready Yet
LEAD003556,2025-06-19,West,Pune,Dev Patel,Individual,Walk-in,74,43.90,4,Yes,2025-06-21,2,
LEAD003557,2025-06-19,South,Bengaluru,Isha Reddy,Individual,Organic Search,69,101.02,4,Yes,2025-07-05,16,
LEAD003558,2025-06-19,North,Delhi,Karan Malhotra,Individual,Walk-in,59,52.61,4,Yes,2025-06-22,3,
LEAD003559,2025-06-19,East,Kolkata,Neha Das,Corporate,Corporate Outreach,75,239.25,4,Yes,2025-07-02,13,
LEAD003560,2025-06-19,West,Pune,Meera Joshi,Individual,Walk-in,43,49.98,5,No,,,No Response
LEAD003561,2025-06-19,West,Pune,Dev Patel,Individual,Google Ads,66,690.98,3,Yes,2025-06-23,4,
LEAD003562,2025-06-20,North,Lucknow,Karan Malhotra,SME,Marketplace,53,207.43,1,Yes,2025-06-24,4,
LEAD003563,2025-06-20,North,Lucknow,Priya Verma,SME,Organic Search,46,88.87,5,No,,,Not Ready Yet
LEAD003564,2025-06-20,North,Jaipur,Priya Verma,Individual,Walk-in,40,47.68,5,No,,,Competitor Chosen
LEAD003565,2025-06-20,West,Pune,Meera Joshi,Individual,Walk-in,61,44.44,4,No,,,Not Ready Yet
LEAD003566,2025-06-20,South,Chennai,Isha Reddy,Individual,Referral,62,125.81,2,Yes,2025-07-04,14,
LEAD003567,2025-06-20,West,Pune,Rohan Mehta,Individual,Referral,73,122.13,4,Yes,2025-06-30,10,
LEAD003568,2025-06-20,West,Mumbai,Dev Patel,Individual,Paid Social,23,382.42,3,Yes,2025-07-12,22,
LEAD003569,2025-06-20,North,Delhi,Priya Verma,Individual,Marketplace,32,195.25,2,No,,,No Response
LEAD003570,2025-06-20,North,Jaipur,Priya Verma,Individual,Paid Social,57,394.99,3,Yes,2025-07-08,18,
LEAD003571,2025-06-20,South,Hyderabad,Arjun Nair,Individual,Organic Search,73,78.01,3,Yes,2025-06-30,10,
LEAD003572,2025-06-20,South,Chennai,Isha Reddy,SME,Paid Social,73,396.37,1,No,,,Not Ready Yet
LEAD003573,2025-06-20,West,Pune,Rohan Mehta,Individual,Paid Social,52,461.27,1,Yes,2025-07-02,12,
LEAD003574,2025-06-21,North,Jaipur,Aarav Sharma,Individual,Organic Search,36,84.83,1,No,,,Price Too High
LEAD003575,2025-06-21,North,Lucknow,Karan Malhotra,Individual,Google Ads,62,645.23,2,No,,,Budget Delayed
LEAD003576,2025-06-21,West,Pune,Meera Joshi,SME,Paid Social,15,447.86,6,No,,,Budget Delayed
LEAD003577,2025-06-21,East,Kolkata,Vikram Sen,Individual,Google Ads,79,589.26,2,No,,,Price Too High
LEAD003578,2025-06-21,North,Lucknow,Priya Verma,Individual,Organic Search,48,93.28,1,No,,,No Response
LEAD003579,2025-06-21,South,Chennai,Sneha Rao,Individual,Marketplace,35,196.86,2,Yes,2025-07-02,11,
LEAD003580,2025-06-21,South,Chennai,Sneha Rao,Individual,Walk-in,58,46.52,3,No,,,No Response
LEAD003581,2025-06-21,South,Chennai,Isha Reddy,Individual,Marketplace,72,170.94,5,No,,,Price Too High
LEAD003582,2025-06-21,South,Chennai,Sneha Rao,Individual,Walk-in,49,44.99,3,Yes,2025-06-27,6,
LEAD003583,2025-06-21,East,Kolkata,Kavya Roy,SME,Corporate Outreach,71,318.74,2,Yes,2025-06-30,9,
LEAD003584,2025-06-22,North,Jaipur,Karan Malhotra,Corporate,Corporate Outreach,54,306.65,2,No,,,Competitor Chosen
LEAD003585,2025-06-22,West,Mumbai,Rohan Mehta,Individual,Paid Social,66,380.02,2,Yes,2025-06-25,3,
LEAD003586,2025-06-22,North,Delhi,Aarav Sharma,Individual,Paid Social,62,480.03,3,Yes,2025-07-13,21,
LEAD003587,2025-06-22,South,Chennai,Arjun Nair,Individual,Organic Search,63,100.11,1,Yes,2025-07-10,18,
LEAD003588,2025-06-22,South,Bengaluru,Isha Reddy,Individual,Google Ads,63,710.45,4,Yes,2025-07-09,17,
LEAD003589,2025-06-22,North,Jaipur,Priya Verma,Individual,Marketplace,48,209.53,4,No,,,No Response
LEAD003590,2025-06-22,West,Mumbai,Meera Joshi,Corporate,Referral,44,104.76,1,Yes,2025-07-12,20,
LEAD003591,2025-06-22,East,Kolkata,Neha Das,SME,Google Ads,28,639.08,4,Yes,2025-07-04,12,
LEAD003592,2025-06-22,South,Bengaluru,Isha Reddy,Individual,Referral,67,123.37,1,Yes,2025-07-05,13,
LEAD003593,2025-06-23,West,Pune,Meera Joshi,Corporate,Referral,91,109.29,6,Yes,2025-07-17,24,
LEAD003594,2025-06-23,North,Lucknow,Karan Malhotra,SME,Marketplace,53,209.60,1,Yes,2025-07-04,11,
LEAD003595,2025-06-23,West,Ahmedabad,Dev Patel,Individual,Paid Social,69,410.60,2,Yes,2025-06-28,5,
LEAD003596,2025-06-23,South,Bengaluru,Sneha Rao,Corporate,Corporate Outreach,58,239.59,4,No,,,Price Too High
LEAD003597,2025-06-23,West,Mumbai,Meera Joshi,SME,Paid Social,23,454.03,4,No,,,Budget Delayed
LEAD003598,2025-06-23,South,Chennai,Isha Reddy,Individual,Referral,80,102.04,1,Yes,2025-06-24,1,
LEAD003599,2025-06-23,North,Jaipur,Priya Verma,Individual,Referral,50,115.06,4,Yes,2025-07-06,13,
LEAD003600,2025-06-23,West,Mumbai,Rohan Mehta,Individual,Paid Social,56,409.05,1,No,,,Budget Delayed
LEAD003601,2025-06-24,West,Mumbai,Rohan Mehta,SME,Marketplace,64,204.86,4,Yes,2025-06-29,5,
LEAD003602,2025-06-24,North,Delhi,Priya Verma,Individual,Marketplace,67,180.56,4,No,,,Not Ready Yet
LEAD003603,2025-06-24,South,Chennai,Sneha Rao,SME,Marketplace,46,161.50,2,No,,,Competitor Chosen
LEAD003604,2025-06-24,West,Pune,Dev Patel,SME,Paid Social,76,469.10,1,No,,,Not Ready Yet
LEAD003605,2025-06-25,West,Mumbai,Rohan Mehta,Individual,Marketplace,72,186.21,2,Yes,2025-06-26,1,
LEAD003606,2025-06-25,South,Bengaluru,Isha Reddy,Individual,Organic Search,62,88.46,4,Yes,2025-07-15,20,
LEAD003607,2025-06-25,West,Mumbai,Dev Patel,Individual,Google Ads,39,612.78,6,No,,,Price Too High
LEAD003608,2025-06-25,South,Chennai,Sneha Rao,Individual,Marketplace,64,192.34,4,Yes,2025-06-26,1,
LEAD003609,2025-06-25,West,Pune,Dev Patel,Individual,Marketplace,72,217.71,4,Yes,2025-07-05,10,
LEAD003610,2025-06-25,South,Hyderabad,Arjun Nair,Corporate,Corporate Outreach,79,316.86,2,Yes,2025-08-04,40,
LEAD003611,2025-06-25,North,Lucknow,Aarav Sharma,Individual,Paid Social,62,367.56,5,No,,,Not Ready Yet
LEAD003612,2025-06-25,South,Bengaluru,Sneha Rao,Individual,Marketplace,51,180.17,1,No,,,Price Too High
LEAD003613,2025-06-26,West,Pune,Rohan Mehta,Individual,Paid Social,60,486.53,3,Yes,2025-07-10,14,
LEAD003614,2025-06-26,South,Chennai,Sneha Rao,Individual,Paid Social,47,401.43,3,No,,,Price Too High
LEAD003615,2025-06-26,South,Hyderabad,Sneha Rao,Individual,Google Ads,38,568.42,5,No,,,Price Too High
LEAD003616,2025-06-26,East,Guwahati,Vikram Sen,Individual,Paid Social,43,469.62,4,Yes,2025-07-05,9,
LEAD003617,2025-06-26,South,Bengaluru,Arjun Nair,Individual,Google Ads,56,588.12,1,Yes,2025-07-09,13,
LEAD003618,2025-06-26,South,Bengaluru,Arjun Nair,SME,Referral,53,124.40,1,Yes,2025-06-28,2,
LEAD003619,2025-06-27,South,Hyderabad,Isha Reddy,Individual,Organic Search,18,98.83,1,No,,,Competitor Chosen
LEAD003620,2025-06-27,West,Ahmedabad,Meera Joshi,Individual,Organic Search,57,87.00,4,No,,,Not Ready Yet
LEAD003621,2025-06-27,North,Jaipur,Karan Malhotra,Individual,Referral,66,136.89,4,No,,,Price Too High
LEAD003622,2025-06-27,West,Pune,Meera Joshi,Individual,Google Ads,58,616.21,3,No,,,Competitor Chosen
LEAD003623,2025-06-27,South,Hyderabad,Isha Reddy,Individual,Paid Social,52,412.65,1,Yes,2025-07-05,8,
LEAD003624,2025-06-28,South,Hyderabad,Arjun Nair,Individual,Google Ads,59,555.33,4,No,,,Price Too High
LEAD003625,2025-06-28,West,Mumbai,Meera Joshi,Individual,Referral,75,135.56,3,No,,,Not Ready Yet
LEAD003626,2025-06-28,North,Delhi,Karan Malhotra,Individual,Organic Search,65,82.23,2,Yes,2025-07-12,14,
LEAD003627,2025-06-28,East,Guwahati,Vikram Sen,Individual,Walk-in,52,55.26,3,Yes,2025-07-08,10,
LEAD003628,2025-06-28,North,Jaipur,Aarav Sharma,Individual,Walk-in,41,46.67,3,No,,,Price Too High
LEAD003629,2025-06-29,West,Mumbai,Rohan Mehta,Individual,Organic Search,73,97.52,3,Yes,2025-07-13,14,
LEAD003630,2025-06-29,South,Hyderabad,Sneha Rao,Individual,Paid Social,67,397.55,3,No,,,Budget Delayed
LEAD003631,2025-06-29,East,Kolkata,Neha Das,Individual,Walk-in,49,44.74,3,Yes,2025-07-02,3,
LEAD003632,2025-06-29,East,Kolkata,Neha Das,Individual,Referral,58,130.72,3,Yes,2025-07-03,4,
LEAD003633,2025-06-29,West,Pune,Meera Joshi,Individual,Paid Social,36,419.72,3,No,,,Price Too High
LEAD003634,2025-06-29,North,Jaipur,Priya Verma,SME,Organic Search,52,100.59,5,No,,,Price Too High
LEAD003635,2025-06-29,North,Lucknow,Karan Malhotra,Individual,Google Ads,48,688.32,2,No,,,Competitor Chosen
LEAD003636,2025-06-30,South,Bengaluru,Arjun Nair,SME,Organic Search,68,96.05,5,No,,,Not Ready Yet
LEAD003637,2025-06-30,West,Pune,Meera Joshi,Individual,Organic Search,51,102.74,6,No,,,Competitor Chosen
LEAD003638,2025-06-30,East,Kolkata,Vikram Sen,Individual,Google Ads,44,665.99,6,No,,,Not Ready Yet
LEAD003639,2025-06-30,East,Kolkata,Neha Das,SME,Marketplace,82,210.02,4,Yes,2025-07-06,6,
LEAD003640,2025-06-30,West,Pune,Meera Joshi,Individual,Paid Social,27,366.52,4,Yes,2025-07-16,16,
LEAD003641,2025-06-30,North,Lucknow,Priya Verma,Individual,Organic Search,75,94.18,2,No,,,Competitor Chosen
LEAD003642,2025-06-30,South,Chennai,Isha Reddy,Individual,Walk-in,50,55.18,3,Yes,2025-07-12,12,
LEAD003643,2025-06-30,South,Hyderabad,Arjun Nair,Individual,Google Ads,73,555.49,2,No,,,Not Ready Yet
LEAD003644,2025-06-30,West,Ahmedabad,Rohan Mehta,SME,Marketplace,71,217.51,6,No,,,No Response
LEAD003645,2025-06-30,South,Chennai,Arjun Nair,Individual,Paid Social,34,459.53,4,No,,,Price Too High
LEAD003646,2025-06-30,South,Chennai,Sneha Rao,Individual,Google Ads,64,623.48,2,Yes,2025-07-14,14,
LEAD003647,2025-07-01,North,Delhi,Priya Verma,Individual,Paid Social,67,430.88,4,Yes,2025-07-08,7,
LEAD003648,2025-07-01,South,Chennai,Sneha Rao,SME,Google Ads,57,597.05,6,No,,,Price Too High
LEAD003649,2025-07-01,West,Ahmedabad,Meera Joshi,Corporate,Corporate Outreach,77,264.80,1,No,,,Price Too High
LEAD003650,2025-07-01,West,Pune,Dev Patel,Individual,Walk-in,62,53.94,4,Yes,2025-07-10,9,
LEAD003651,2025-07-01,West,Mumbai,Rohan Mehta,Individual,Google Ads,56,572.47,1,Yes,2025-07-15,14,
LEAD003652,2025-07-01,East,Kolkata,Kavya Roy,Individual,Marketplace,24,205.38,3,No,,,No Response
LEAD003653,2025-07-01,North,Lucknow,Aarav Sharma,SME,Marketplace,71,210.16,4,No,,,Not Ready Yet
LEAD003654,2025-07-01,North,Jaipur,Aarav Sharma,SME,Organic Search,84,98.13,1,Yes,2025-07-24,23,
LEAD003655,2025-07-01,North,Lucknow,Karan Malhotra,Individual,Walk-in,77,50.19,4,Yes,2025-07-14,13,
LEAD003656,2025-07-02,South,Bengaluru,Isha Reddy,Individual,Walk-in,55,46.69,4,Yes,2025-07-15,13,
LEAD003657,2025-07-02,North,Delhi,Karan Malhotra,SME,Organic Search,65,76.70,4,No,,,No Response
LEAD003658,2025-07-02,North,Jaipur,Aarav Sharma,Individual,Paid Social,65,388.43,3,Yes,2025-07-04,2,
LEAD003659,2025-07-02,North,Delhi,Priya Verma,Individual,Paid Social,65,393.71,2,No,,,Price Too High
LEAD003660,2025-07-02,South,Bengaluru,Arjun Nair,Individual,Paid Social,39,438.57,1,No,,,Competitor Chosen
LEAD003661,2025-07-02,North,Delhi,Aarav Sharma,Corporate,Corporate Outreach,62,243.41,2,No,,,Budget Delayed
LEAD003662,2025-07-02,West,Pune,Rohan Mehta,Individual,Referral,62,136.38,4,Yes,2025-07-13,11,
LEAD003663,2025-07-03,North,Lucknow,Karan Malhotra,SME,Corporate Outreach,75,289.75,4,Yes,2025-07-13,10,
LEAD003664,2025-07-03,North,Jaipur,Priya Verma,Individual,Paid Social,63,370.19,2,Yes,2025-07-20,17,
LEAD003665,2025-07-03,South,Hyderabad,Isha Reddy,SME,Corporate Outreach,82,312.34,6,No,,,Competitor Chosen
LEAD003666,2025-07-03,North,Lucknow,Priya Verma,Individual,Marketplace,59,217.03,4,No,,,Price Too High
LEAD003667,2025-07-03,North,Lucknow,Karan Malhotra,Individual,Marketplace,53,203.07,6,No,,,Price Too High
LEAD003668,2025-07-03,West,Mumbai,Dev Patel,Individual,Referral,66,112.56,2,Yes,2025-07-04,1,
LEAD003669,2025-07-03,North,Delhi,Karan Malhotra,SME,Google Ads,47,568.35,2,No,,,Competitor Chosen
LEAD003670,2025-07-04,West,Pune,Dev Patel,Corporate,Corporate Outreach,46,246.50,5,Yes,2025-07-26,22,
LEAD003671,2025-07-04,West,Pune,Dev Patel,Individual,Walk-in,53,43.89,4,No,,,No Response
LEAD003672,2025-07-04,West,Pune,Dev Patel,Individual,Google Ads,72,634.42,2,Yes,2025-07-06,2,
LEAD003673,2025-07-04,South,Chennai,Arjun Nair,SME,Paid Social,47,402.60,4,No,,,Not Ready Yet
LEAD003674,2025-07-04,North,Delhi,Aarav Sharma,SME,Corporate Outreach,34,238.18,2,Yes,2025-07-12,8,
LEAD003675,2025-07-04,West,Mumbai,Dev Patel,Individual,Marketplace,82,205.14,1,No,,,Not Ready Yet
LEAD003676,2025-07-04,North,Lucknow,Aarav Sharma,Corporate,Organic Search,59,88.96,4,No,,,Budget Delayed
LEAD003677,2025-07-04,South,Chennai,Arjun Nair,Individual,Marketplace,44,177.68,5,No,,,Competitor Chosen
LEAD003678,2025-07-05,North,Jaipur,Priya Verma,Individual,Paid Social,35,463.36,6,No,,,Competitor Chosen
LEAD003679,2025-07-05,West,Ahmedabad,Rohan Mehta,Individual,Organic Search,78,98.87,1,No,,,Not Ready Yet
LEAD003680,2025-07-05,West,Pune,Rohan Mehta,Individual,Google Ads,28,673.05,3,Yes,2025-07-15,10,
LEAD003681,2025-07-05,South,Chennai,Isha Reddy,Individual,Referral,51,133.09,1,Yes,2025-07-09,4,
LEAD003682,2025-07-06,West,Mumbai,Rohan Mehta,Corporate,Walk-in,50,53.28,4,Yes,2025-07-15,9,
LEAD003683,2025-07-06,West,Pune,Meera Joshi,Individual,Marketplace,68,185.03,2,Yes,2025-07-11,5,
LEAD003684,2025-07-07,North,Lucknow,Karan Malhotra,Individual,Paid Social,65,448.70,1,Yes,2025-07-19,12,
LEAD003685,2025-07-07,North,Jaipur,Karan Malhotra,Individual,Organic Search,66,78.10,4,Yes,2025-07-12,5,
LEAD003686,2025-07-07,West,Mumbai,Meera Joshi,Individual,Google Ads,44,562.01,6,No,,,Competitor Chosen
LEAD003687,2025-07-07,South,Hyderabad,Sneha Rao,Corporate,Corporate Outreach,69,295.03,4,No,,,No Response
LEAD003688,2025-07-07,North,Delhi,Priya Verma,Individual,Google Ads,50,548.13,5,No,,,Price Too High
LEAD003689,2025-07-07,North,Delhi,Karan Malhotra,SME,Walk-in,60,51.28,5,No,,,Price Too High
LEAD003690,2025-07-07,South,Chennai,Arjun Nair,Corporate,Corporate Outreach,56,270.46,3,Yes,2025-08-08,32,
LEAD003691,2025-07-08,South,Chennai,Arjun Nair,Individual,Paid Social,58,484.40,3,Yes,2025-07-11,3,
LEAD003692,2025-07-08,North,Jaipur,Karan Malhotra,SME,Corporate Outreach,44,251.04,5,No,,,Competitor Chosen
LEAD003693,2025-07-08,West,Mumbai,Dev Patel,Individual,Organic Search,56,98.98,6,No,,,No Response
LEAD003694,2025-07-08,North,Jaipur,Aarav Sharma,Individual,Google Ads,58,589.75,4,Yes,2025-07-15,7,
LEAD003695,2025-07-08,West,Pune,Rohan Mehta,SME,Referral,68,131.14,2,Yes,2025-07-17,9,
LEAD003696,2025-07-08,South,Chennai,Arjun Nair,Individual,Marketplace,54,207.78,2,Yes,2025-07-09,1,
LEAD003697,2025-07-08,North,Lucknow,Priya Verma,Individual,Walk-in,47,51.23,1,Yes,2025-07-11,3,
LEAD003698,2025-07-08,South,Chennai,Arjun Nair,Individual,Paid Social,40,443.14,1,Yes,2025-07-24,16,
LEAD003699,2025-07-09,East,Kolkata,Neha Das,Individual,Referral,81,110.90,1,No,,,Not Ready Yet
LEAD003700,2025-07-09,West,Pune,Rohan Mehta,Individual,Google Ads,60,665.59,3,Yes,2025-08-02,24,
LEAD003701,2025-07-09,West,Pune,Dev Patel,Individual,Marketplace,44,170.85,2,Yes,2025-07-16,7,
LEAD003702,2025-07-09,West,Mumbai,Meera Joshi,Corporate,Corporate Outreach,44,294.01,5,Yes,2025-07-22,13,
LEAD003703,2025-07-09,North,Delhi,Priya Verma,Individual,Marketplace,68,212.39,3,No,,,Price Too High
LEAD003704,2025-07-09,West,Pune,Rohan Mehta,Individual,Paid Social,47,436.10,4,No,,,Budget Delayed
LEAD003705,2025-07-10,South,Chennai,Sneha Rao,Corporate,Organic Search,44,83.74,1,No,,,Price Too High
LEAD003706,2025-07-10,South,Hyderabad,Sneha Rao,Individual,Referral,51,104.43,1,Yes,2025-07-14,4,
LEAD003707,2025-07-10,East,Kolkata,Neha Das,Individual,Organic Search,45,80.36,4,No,,,Budget Delayed
LEAD003708,2025-07-10,North,Delhi,Priya Verma,Individual,Marketplace,76,176.05,2,Yes,2025-07-18,8,
LEAD003709,2025-07-10,West,Ahmedabad,Rohan Mehta,SME,Google Ads,50,611.08,4,No,,,Not Ready Yet
LEAD003710,2025-07-10,East,Kolkata,Kavya Roy,Individual,Google Ads,95,602.24,2,Yes,2025-07-30,20,
LEAD003711,2025-07-10,North,Jaipur,Aarav Sharma,Individual,Marketplace,37,168.60,1,Yes,2025-07-14,4,
LEAD003712,2025-07-10,West,Mumbai,Dev Patel,SME,Corporate Outreach,55,282.48,4,No,,,Price Too High
LEAD003713,2025-07-10,North,Jaipur,Priya Verma,SME,Referral,47,136.13,3,Yes,2025-07-15,5,
LEAD003714,2025-07-10,South,Bengaluru,Isha Reddy,SME,Paid Social,35,369.88,3,No,,,Competitor Chosen
LEAD003715,2025-07-10,East,Bhubaneswar,Vikram Sen,SME,Paid Social,56,390.01,1,Yes,2025-07-14,4,
LEAD003716,2025-07-11,East,Bhubaneswar,Kavya Roy,SME,Referral,77,125.40,3,No,,,No Response
LEAD003717,2025-07-11,North,Lucknow,Karan Malhotra,SME,Google Ads,38,635.00,4,No,,,No Response
LEAD003718,2025-07-11,South,Bengaluru,Isha Reddy,Corporate,Corporate Outreach,48,277.91,6,Yes,2025-08-02,22,
LEAD003719,2025-07-11,North,Jaipur,Karan Malhotra,Individual,Referral,48,115.14,2,Yes,2025-07-15,4,
LEAD003720,2025-07-11,West,Mumbai,Rohan Mehta,Individual,Google Ads,51,572.45,2,Yes,2025-07-14,3,
LEAD003721,2025-07-11,West,Ahmedabad,Meera Joshi,SME,Paid Social,70,386.12,4,Yes,2025-07-13,2,
LEAD003722,2025-07-11,East,Bhubaneswar,Kavya Roy,Individual,Organic Search,59,87.77,2,No,,,Competitor Chosen
LEAD003723,2025-07-11,West,Mumbai,Dev Patel,Individual,Paid Social,39,486.99,6,No,,,Competitor Chosen
LEAD003724,2025-07-12,East,Bhubaneswar,Vikram Sen,Corporate,Organic Search,42,79.10,6,No,,,Not Ready Yet
LEAD003725,2025-07-12,West,Mumbai,Dev Patel,Individual,Walk-in,42,43.14,2,Yes,2025-07-25,13,
LEAD003726,2025-07-12,North,Delhi,Karan Malhotra,Individual,Marketplace,66,174.68,2,Yes,2025-07-19,7,
LEAD003727,2025-07-12,North,Jaipur,Priya Verma,Individual,Organic Search,44,95.50,3,Yes,2025-07-16,4,
LEAD003728,2025-07-12,North,Delhi,Aarav Sharma,Individual,Paid Social,46,437.98,2,No,,,Price Too High
LEAD003729,2025-07-12,South,Bengaluru,Isha Reddy,Individual,Paid Social,44,420.42,6,No,,,Not Ready Yet
LEAD003730,2025-07-12,North,Lucknow,Aarav Sharma,SME,Paid Social,58,463.29,6,No,,,No Response
LEAD003731,2025-07-13,South,Hyderabad,Arjun Nair,Individual,Referral,49,129.81,3,Yes,2025-07-20,7,
LEAD003732,2025-07-13,West,Pune,Dev Patel,Individual,Referral,76,127.50,4,No,,,No Response
LEAD003733,2025-07-13,South,Hyderabad,Arjun Nair,Individual,Organic Search,65,89.50,4,Yes,2025-07-30,17,
LEAD003734,2025-07-13,West,Pune,Dev Patel,Individual,Referral,56,104.65,5,No,,,Price Too High
LEAD003735,2025-07-13,East,Guwahati,Kavya Roy,Corporate,Corporate Outreach,53,290.04,2,No,,,Price Too High
LEAD003736,2025-07-13,East,Kolkata,Vikram Sen,Individual,Google Ads,76,646.12,4,Yes,2025-07-27,14,
LEAD003737,2025-07-13,North,Lucknow,Karan Malhotra,Individual,Google Ads,76,661.53,4,No,,,Budget Delayed
LEAD003738,2025-07-13,East,Kolkata,Neha Das,Individual,Organic Search,53,84.71,1,Yes,2025-07-22,9,
LEAD003739,2025-07-14,West,Mumbai,Rohan Mehta,Individual,Marketplace,56,168.35,3,No,,,No Response
LEAD003740,2025-07-14,West,Ahmedabad,Rohan Mehta,Individual,Referral,65,132.53,1,No,,,Not Ready Yet
LEAD003741,2025-07-14,South,Bengaluru,Sneha Rao,Individual,Google Ads,55,560.78,3,No,,,Competitor Chosen
LEAD003742,2025-07-14,East,Kolkata,Neha Das,Individual,Google Ads,55,566.47,4,Yes,2025-07-25,11,
LEAD003743,2025-07-14,North,Delhi,Aarav Sharma,Individual,Referral,53,134.01,4,No,,,Price Too High
LEAD003744,2025-07-14,East,Kolkata,Kavya Roy,SME,Marketplace,35,184.57,1,No,,,Price Too High
LEAD003745,2025-07-14,South,Chennai,Arjun Nair,SME,Paid Social,75,492.36,2,Yes,2025-07-26,12,
LEAD003746,2025-07-14,West,Pune,Dev Patel,Individual,Google Ads,54,657.64,4,Yes,2025-08-04,21,
LEAD003747,2025-07-14,North,Delhi,Aarav Sharma,Individual,Referral,76,118.49,3,Yes,2025-07-22,8,
LEAD003748,2025-07-14,South,Hyderabad,Arjun Nair,SME,Paid Social,42,368.26,4,Yes,2025-07-21,7,
LEAD003749,2025-07-15,North,Lucknow,Karan Malhotra,Individual,Referral,50,128.13,4,Yes,2025-07-22,7,
LEAD003750,2025-07-15,West,Ahmedabad,Dev Patel,SME,Organic Search,45,77.48,3,No,,,No Response
LEAD003751,2025-07-15,North,Jaipur,Aarav Sharma,Individual,Organic Search,52,79.77,4,Yes,2025-07-21,6,
LEAD003752,2025-07-15,West,Mumbai,Meera Joshi,Individual,Marketplace,73,211.61,2,Yes,2025-07-27,12,
LEAD003753,2025-07-15,South,Chennai,Arjun Nair,Individual,Marketplace,55,180.33,3,Yes,2025-07-29,14,
LEAD003754,2025-07-15,West,Pune,Rohan Mehta,Corporate,Corporate Outreach,52,309.56,7,Yes,2025-08-16,32,
LEAD003755,2025-07-16,South,Hyderabad,Sneha Rao,Individual,Referral,78,104.65,2,No,,,No Response
LEAD003756,2025-07-16,South,Bengaluru,Sneha Rao,Individual,Google Ads,52,712.40,4,Yes,2025-08-02,17,
LEAD003757,2025-07-16,South,Chennai,Isha Reddy,Individual,Organic Search,83,89.44,4,Yes,2025-08-06,21,
LEAD003758,2025-07-16,West,Pune,Meera Joshi,Individual,Walk-in,84,42.95,2,Yes,2025-07-18,2,
LEAD003759,2025-07-16,South,Hyderabad,Isha Reddy,Individual,Organic Search,49,91.62,2,Yes,2025-07-27,11,
LEAD003760,2025-07-17,South,Bengaluru,Isha Reddy,Individual,Paid Social,23,415.41,2,No,,,Competitor Chosen
LEAD003761,2025-07-17,North,Jaipur,Priya Verma,SME,Referral,48,120.66,4,Yes,2025-07-30,13,
LEAD003762,2025-07-17,North,Lucknow,Priya Verma,Individual,Referral,55,123.96,3,Yes,2025-07-18,1,
LEAD003763,2025-07-18,South,Chennai,Arjun Nair,Individual,Organic Search,65,89.47,2,Yes,2025-07-30,12,
LEAD003764,2025-07-18,West,Mumbai,Meera Joshi,Individual,Walk-in,60,56.07,3,Yes,2025-07-26,8,
LEAD003765,2025-07-18,West,Ahmedabad,Dev Patel,Individual,Organic Search,57,103.00,2,Yes,2025-08-06,19,
LEAD003766,2025-07-18,East,Kolkata,Neha Das,Individual,Marketplace,84,193.41,1,Yes,2025-07-20,2,
LEAD003767,2025-07-18,South,Hyderabad,Arjun Nair,Individual,Marketplace,54,209.27,2,Yes,2025-07-29,11,
LEAD003768,2025-07-18,South,Bengaluru,Arjun Nair,Individual,Marketplace,58,178.86,4,No,,,Competitor Chosen
LEAD003769,2025-07-19,South,Hyderabad,Sneha Rao,Individual,Marketplace,58,203.17,4,Yes,2025-07-26,7,
LEAD003770,2025-07-19,South,Chennai,Arjun Nair,Individual,Marketplace,52,206.59,5,No,,,No Response
LEAD003771,2025-07-19,North,Delhi,Aarav Sharma,Individual,Walk-in,73,42.91,3,Yes,2025-07-26,7,
LEAD003772,2025-07-19,North,Delhi,Priya Verma,Individual,Paid Social,69,400.20,2,No,,,No Response
LEAD003773,2025-07-19,East,Kolkata,Neha Das,Corporate,Referral,64,103.74,2,Yes,2025-08-20,32,
LEAD003774,2025-07-19,West,Mumbai,Rohan Mehta,Individual,Marketplace,65,191.86,2,Yes,2025-07-24,5,
LEAD003775,2025-07-19,East,Bhubaneswar,Kavya Roy,Individual,Organic Search,58,87.28,3,Yes,2025-08-10,22,
LEAD003776,2025-07-20,West,Pune,Rohan Mehta,Individual,Organic Search,72,78.92,2,Yes,2025-07-28,8,
LEAD003777,2025-07-20,East,Kolkata,Neha Das,Individual,Google Ads,90,576.64,3,No,,,No Response
LEAD003778,2025-07-20,South,Hyderabad,Isha Reddy,Individual,Walk-in,47,54.71,2,No,,,No Response
LEAD003779,2025-07-20,South,Chennai,Isha Reddy,SME,Marketplace,62,213.06,3,Yes,2025-08-03,14,
LEAD003780,2025-07-20,North,Jaipur,Priya Verma,SME,Paid Social,80,472.09,1,No,,,No Response
LEAD003781,2025-07-20,South,Bengaluru,Isha Reddy,SME,Corporate Outreach,58,244.54,1,No,,,Price Too High
LEAD003782,2025-07-20,West,Pune,Meera Joshi,SME,Walk-in,53,45.68,2,Yes,2025-07-26,6,
LEAD003783,2025-07-20,South,Hyderabad,Isha Reddy,SME,Paid Social,48,463.45,1,No,,,Price Too High
LEAD003784,2025-07-21,North,Lucknow,Priya Verma,Individual,Paid Social,55,478.08,1,Yes,2025-07-24,3,
LEAD003785,2025-07-21,East,Bhubaneswar,Kavya Roy,Individual,Marketplace,63,217.48,3,Yes,2025-07-25,4,
LEAD003786,2025-07-22,West,Ahmedabad,Meera Joshi,SME,Google Ads,53,710.29,4,No,,,Price Too High
LEAD003787,2025-07-22,South,Hyderabad,Isha Reddy,Individual,Paid Social,59,457.30,5,No,,,No Response
LEAD003788,2025-07-22,South,Chennai,Sneha Rao,SME,Google Ads,57,642.03,3,Yes,2025-08-14,23,
LEAD003789,2025-07-22,West,Pune,Rohan Mehta,Individual,Marketplace,64,199.78,3,Yes,2025-08-04,13,
LEAD003790,2025-07-22,West,Mumbai,Dev Patel,Individual,Organic Search,52,79.43,4,Yes,2025-07-24,2,
LEAD003791,2025-07-22,South,Chennai,Arjun Nair,SME,Paid Social,47,380.83,2,Yes,2025-07-24,2,
LEAD003792,2025-07-22,West,Mumbai,Rohan Mehta,Corporate,Referral,59,102.59,5,Yes,2025-08-07,16,
LEAD003793,2025-07-22,West,Pune,Rohan Mehta,Individual,Organic Search,79,102.31,1,Yes,2025-08-04,13,
LEAD003794,2025-07-23,West,Mumbai,Meera Joshi,Individual,Paid Social,39,447.29,2,No,,,Budget Delayed
LEAD003795,2025-07-23,South,Bengaluru,Sneha Rao,SME,Organic Search,55,95.59,3,Yes,2025-08-05,13,
LEAD003796,2025-07-23,East,Bhubaneswar,Neha Das,SME,Corporate Outreach,60,270.30,3,Yes,2025-08-09,17,
LEAD003797,2025-07-23,West,Ahmedabad,Dev Patel,Individual,Walk-in,65,45.61,3,Yes,2025-08-05,13,
LEAD003798,2025-07-23,North,Jaipur,Aarav Sharma,Corporate,Corporate Outreach,39,282.58,4,No,,,Competitor Chosen
LEAD003799,2025-07-23,North,Lucknow,Aarav Sharma,Individual,Paid Social,29,432.38,2,No,,,Competitor Chosen
LEAD003800,2025-07-23,North,Lucknow,Karan Malhotra,Individual,Paid Social,55,464.43,6,No,,,Competitor Chosen
LEAD003801,2025-07-24,West,Pune,Dev Patel,Individual,Organic Search,46,94.83,2,No,,,Competitor Chosen
LEAD003802,2025-07-24,West,Pune,Rohan Mehta,Corporate,Corporate Outreach,61,267.96,6,No,,,No Response
LEAD003803,2025-07-24,West,Mumbai,Dev Patel,Individual,Organic Search,69,77.73,6,No,,,Not Ready Yet
LEAD003804,2025-07-24,West,Ahmedabad,Rohan Mehta,SME,Corporate Outreach,70,307.37,4,Yes,2025-07-26,2,
LEAD003805,2025-07-24,East,Kolkata,Neha Das,Individual,Organic Search,70,94.92,1,Yes,2025-08-03,10,
LEAD003806,2025-07-24,North,Delhi,Priya Verma,Individual,Paid Social,70,374.22,6,No,,,Price Too High
LEAD003807,2025-07-24,North,Delhi,Priya Verma,Individual,Organic Search,48,83.32,5,No,,,Budget Delayed
LEAD003808,2025-07-24,North,Delhi,Karan Malhotra,SME,Paid Social,33,493.34,3,No,,,No Response
LEAD003809,2025-07-24,West,Pune,Meera Joshi,Individual,Google Ads,27,704.39,5,No,,,Price Too High
LEAD003810,2025-07-25,East,Bhubaneswar,Vikram Sen,Individual,Organic Search,91,90.67,1,No,,,Competitor Chosen
LEAD003811,2025-07-25,North,Delhi,Karan Malhotra,Corporate,Corporate Outreach,70,297.75,4,No,,,Not Ready Yet
LEAD003812,2025-07-25,North,Lucknow,Karan Malhotra,Individual,Walk-in,54,43.95,2,Yes,2025-08-08,14,
LEAD003813,2025-07-25,West,Mumbai,Meera Joshi,Individual,Walk-in,74,43.42,4,Yes,2025-07-26,1,
LEAD003814,2025-07-25,West,Pune,Meera Joshi,SME,Referral,64,106.40,2,No,,,Price Too High
LEAD003815,2025-07-25,North,Delhi,Aarav Sharma,SME,Organic Search,48,96.11,5,No,,,Competitor Chosen
LEAD003816,2025-07-25,South,Hyderabad,Isha Reddy,Individual,Google Ads,43,588.57,6,No,,,No Response
LEAD003817,2025-07-26,South,Hyderabad,Arjun Nair,Individual,Organic Search,61,93.60,3,Yes,2025-08-11,16,
LEAD003818,2025-07-26,South,Chennai,Arjun Nair,Corporate,Walk-in,82,53.91,1,No,,,Budget Delayed
LEAD003819,2025-07-26,South,Hyderabad,Isha Reddy,Individual,Walk-in,45,45.76,4,No,,,No Response
LEAD003820,2025-07-26,North,Delhi,Priya Verma,SME,Google Ads,59,679.12,1,No,,,No Response
LEAD003821,2025-07-26,North,Lucknow,Aarav Sharma,Individual,Organic Search,74,81.96,3,Yes,2025-08-11,16,
LEAD003822,2025-07-26,South,Hyderabad,Arjun Nair,SME,Organic Search,53,85.72,2,Yes,2025-08-13,18,
LEAD003823,2025-07-26,North,Lucknow,Aarav Sharma,SME,Walk-in,85,49.62,1,Yes,2025-07-29,3,
LEAD003824,2025-07-27,East,Guwahati,Vikram Sen,Individual,Marketplace,67,193.04,3,Yes,2025-07-28,1,
LEAD003825,2025-07-27,East,Guwahati,Kavya Roy,Individual,Marketplace,42,182.44,1,No,,,Price Too High
LEAD003826,2025-07-27,North,Delhi,Aarav Sharma,Individual,Marketplace,56,168.73,4,No,,,Not Ready Yet
LEAD003827,2025-07-27,North,Delhi,Karan Malhotra,Individual,Organic Search,28,103.48,6,No,,,Not Ready Yet
LEAD003828,2025-07-27,East,Guwahati,Neha Das,Individual,Google Ads,45,648.54,4,No,,,Price Too High
LEAD003829,2025-07-27,North,Delhi,Aarav Sharma,Corporate,Corporate Outreach,42,246.47,6,No,,,Budget Delayed
LEAD003830,2025-07-27,West,Mumbai,Dev Patel,SME,Paid Social,50,403.14,2,No,,,Competitor Chosen
LEAD003831,2025-07-28,North,Delhi,Priya Verma,Individual,Google Ads,41,667.13,6,No,,,No Response
LEAD003832,2025-07-28,South,Hyderabad,Sneha Rao,Individual,Marketplace,48,217.03,2,Yes,2025-08-09,12,
LEAD003833,2025-07-28,South,Hyderabad,Isha Reddy,SME,Organic Search,56,78.17,6,No,,,Competitor Chosen
LEAD003834,2025-07-28,West,Pune,Rohan Mehta,Individual,Marketplace,55,203.02,4,Yes,2025-08-07,10,
LEAD003835,2025-07-28,South,Bengaluru,Sneha Rao,Individual,Google Ads,65,544.01,4,No,,,Price Too High
LEAD003836,2025-07-28,South,Hyderabad,Isha Reddy,Individual,Referral,61,120.18,2,No,,,Budget Delayed
LEAD003837,2025-07-28,West,Mumbai,Dev Patel,SME,Walk-in,79,47.31,1,Yes,2025-08-06,9,
LEAD003838,2025-07-29,South,Hyderabad,Sneha Rao,Individual,Walk-in,43,47.77,1,Yes,2025-08-08,10,
LEAD003839,2025-07-29,North,Jaipur,Priya Verma,Corporate,Corporate Outreach,44,321.68,6,Yes,2025-08-09,11,
LEAD003840,2025-07-29,West,Pune,Dev Patel,Corporate,Walk-in,51,46.92,2,Yes,2025-09-06,39,
LEAD003841,2025-07-29,South,Bengaluru,Arjun Nair,Individual,Organic Search,63,84.22,4,Yes,2025-07-31,2,
LEAD003842,2025-07-29,West,Pune,Rohan Mehta,Individual,Paid Social,36,443.42,5,No,,,No Response
LEAD003843,2025-07-29,East,Kolkata,Neha Das,Individual,Referral,47,120.94,3,Yes,2025-08-04,6,
LEAD003844,2025-07-29,North,Delhi,Priya Verma,SME,Google Ads,50,544.89,2,No,,,No Response
LEAD003845,2025-07-29,South,Chennai,Isha Reddy,Corporate,Corporate Outreach,48,275.16,5,Yes,2025-08-12,14,
LEAD003846,2025-07-30,South,Bengaluru,Arjun Nair,Individual,Referral,72,132.41,2,No,,,No Response
LEAD003847,2025-07-30,West,Ahmedabad,Rohan Mehta,Individual,Organic Search,52,93.48,2,Yes,2025-08-12,13,
LEAD003848,2025-07-30,West,Mumbai,Meera Joshi,Individual,Referral,66,114.76,1,Yes,2025-08-10,11,
LEAD003849,2025-07-30,East,Kolkata,Neha Das,Individual,Marketplace,42,174.37,5,No,,,No Response
LEAD003850,2025-07-30,South,Bengaluru,Arjun Nair,Individual,Paid Social,54,402.41,2,No,,,No Response
LEAD003851,2025-07-30,North,Lucknow,Aarav Sharma,Corporate,Corporate Outreach,49,311.30,5,No,,,Price Too High
LEAD003852,2025-07-30,South,Chennai,Sneha Rao,Individual,Paid Social,89,379.26,3,No,,,No Response
LEAD003853,2025-07-30,North,Delhi,Karan Malhotra,Individual,Organic Search,76,93.49,1,Yes,2025-08-08,9,
LEAD003854,2025-07-30,South,Hyderabad,Isha Reddy,Individual,Walk-in,71,52.61,1,Yes,2025-08-04,5,
LEAD003855,2025-07-31,North,Jaipur,Aarav Sharma,SME,Corporate Outreach,47,254.35,5,No,,,Not Ready Yet
LEAD003856,2025-07-31,South,Bengaluru,Isha Reddy,Individual,Paid Social,21,398.06,5,No,,,Not Ready Yet
LEAD003857,2025-07-31,East,Kolkata,Vikram Sen,Individual,Walk-in,71,43.17,2,No,,,Competitor Chosen
LEAD003858,2025-07-31,West,Ahmedabad,Dev Patel,Individual,Google Ads,45,656.18,3,No,,,Price Too High
LEAD003859,2025-08-01,North,Delhi,Priya Verma,Individual,Paid Social,46,396.20,2,Yes,2025-08-03,2,
LEAD003860,2025-08-01,South,Bengaluru,Sneha Rao,Corporate,Corporate Outreach,72,286.69,3,Yes,2025-08-09,8,
LEAD003861,2025-08-01,North,Lucknow,Karan Malhotra,SME,Referral,77,121.37,4,Yes,2025-08-05,4,
LEAD003862,2025-08-01,West,Mumbai,Dev Patel,SME,Walk-in,58,44.82,6,No,,,Budget Delayed
LEAD003863,2025-08-01,East,Guwahati,Vikram Sen,Individual,Organic Search,61,101.87,5,No,,,Budget Delayed
LEAD003864,2025-08-01,North,Jaipur,Priya Verma,Individual,Referral,61,104.49,3,Yes,2025-08-07,6,
LEAD003865,2025-08-01,South,Chennai,Isha Reddy,Corporate,Corporate Outreach,84,290.05,4,No,,,Budget Delayed
LEAD003866,2025-08-02,North,Lucknow,Karan Malhotra,Individual,Walk-in,58,45.75,4,Yes,2025-08-11,9,
LEAD003867,2025-08-02,West,Ahmedabad,Meera Joshi,Individual,Referral,51,119.54,6,No,,,Budget Delayed
LEAD003868,2025-08-02,South,Hyderabad,Arjun Nair,Individual,Organic Search,70,101.88,2,Yes,2025-08-27,25,
LEAD003869,2025-08-02,West,Ahmedabad,Dev Patel,Individual,Walk-in,68,52.21,2,Yes,2025-08-09,7,
LEAD003870,2025-08-03,South,Bengaluru,Arjun Nair,Individual,Referral,80,115.16,4,Yes,2025-08-12,9,
LEAD003871,2025-08-03,North,Jaipur,Karan Malhotra,Individual,Google Ads,38,538.99,3,Yes,2025-08-26,23,
LEAD003872,2025-08-03,West,Mumbai,Dev Patel,Individual,Organic Search,46,96.23,5,No,,,Competitor Chosen
LEAD003873,2025-08-04,North,Delhi,Priya Verma,Corporate,Corporate Outreach,91,281.12,4,No,,,Competitor Chosen
LEAD003874,2025-08-04,West,Pune,Dev Patel,SME,Google Ads,73,605.29,2,Yes,2025-08-07,3,
LEAD003875,2025-08-04,West,Ahmedabad,Meera Joshi,Individual,Paid Social,83,437.41,1,No,,,Budget Delayed
LEAD003876,2025-08-04,South,Hyderabad,Sneha Rao,Individual,Marketplace,62,186.94,3,Yes,2025-08-08,4,
LEAD003877,2025-08-04,South,Hyderabad,Isha Reddy,Individual,Google Ads,67,620.04,4,Yes,2025-08-26,22,
LEAD003878,2025-08-04,South,Hyderabad,Arjun Nair,SME,Marketplace,36,168.78,1,Yes,2025-08-10,6,
LEAD003879,2025-08-04,North,Lucknow,Priya Verma,Individual,Google Ads,44,552.19,6,No,,,Price Too High
LEAD003880,2025-08-04,East,Kolkata,Kavya Roy,Individual,Marketplace,39,176.85,2,No,,,No Response
LEAD003881,2025-08-04,West,Pune,Meera Joshi,SME,Referral,57,112.40,4,Yes,2025-08-12,8,
LEAD003882,2025-08-05,West,Ahmedabad,Rohan Mehta,Corporate,Corporate Outreach,58,283.07,6,Yes,2025-08-21,16,
LEAD003883,2025-08-05,North,Jaipur,Karan Malhotra,Individual,Referral,71,120.18,1,Yes,2025-08-10,5,
LEAD003884,2025-08-05,South,Chennai,Sneha Rao,Individual,Organic Search,48,100.14,4,Yes,2025-08-17,12,
LEAD003885,2025-08-05,West,Mumbai,Meera Joshi,Corporate,Organic Search,58,88.63,4,No,,,No Response
LEAD003886,2025-08-06,South,Hyderabad,Arjun Nair,Individual,Paid Social,18,458.99,5,No,,,No Response
LEAD003887,2025-08-06,West,Mumbai,Dev Patel,Individual,Organic Search,33,77.88,1,No,,,Price Too High
LEAD003888,2025-08-06,North,Delhi,Priya Verma,Individual,Google Ads,75,642.64,4,Yes,2025-08-17,11,
LEAD003889,2025-08-06,West,Pune,Dev Patel,Individual,Paid Social,52,413.47,6,No,,,Competitor Chosen
LEAD003890,2025-08-06,West,Ahmedabad,Rohan Mehta,SME,Referral,67,132.70,1,Yes,2025-08-12,6,
LEAD003891,2025-08-06,West,Pune,Dev Patel,Individual,Paid Social,24,401.54,3,No,,,No Response
LEAD003892,2025-08-06,North,Jaipur,Aarav Sharma,Individual,Google Ads,69,641.58,2,No,,,No Response
LEAD003893,2025-08-06,South,Chennai,Arjun Nair,SME,Organic Search,65,88.94,4,No,,,Competitor Chosen
LEAD003894,2025-08-07,East,Kolkata,Vikram Sen,SME,Referral,66,123.73,5,No,,,No Response
LEAD003895,2025-08-07,West,Ahmedabad,Rohan Mehta,Individual,Paid Social,51,427.42,6,No,,,No Response
LEAD003896,2025-08-07,South,Hyderabad,Isha Reddy,Individual,Paid Social,64,455.88,1,Yes,2025-08-29,22,
LEAD003897,2025-08-07,West,Pune,Meera Joshi,Individual,Marketplace,48,206.50,1,Yes,2025-08-11,4,
LEAD003898,2025-08-07,West,Mumbai,Dev Patel,Individual,Referral,86,125.05,1,Yes,2025-08-19,12,
LEAD003899,2025-08-07,North,Delhi,Karan Malhotra,Individual,Marketplace,71,213.18,3,No,,,Price Too High
LEAD003900,2025-08-07,East,Kolkata,Neha Das,Corporate,Referral,67,122.64,4,Yes,2025-09-12,36,
LEAD003901,2025-08-07,West,Ahmedabad,Rohan Mehta,Individual,Paid Social,56,379.59,4,No,,,Not Ready Yet
LEAD003902,2025-08-08,West,Pune,Meera Joshi,Individual,Google Ads,60,587.97,3,Yes,2025-08-17,9,
LEAD003903,2025-08-08,South,Bengaluru,Arjun Nair,Individual,Organic Search,57,101.26,1,Yes,2025-08-25,17,
LEAD003904,2025-08-08,South,Chennai,Isha Reddy,Individual,Walk-in,45,51.45,3,Yes,2025-08-21,13,
LEAD003905,2025-08-08,West,Pune,Rohan Mehta,Individual,Organic Search,62,96.58,1,No,,,Price Too High
LEAD003906,2025-08-08,North,Delhi,Karan Malhotra,SME,Paid Social,69,401.60,3,No,,,Price Too High
LEAD003907,2025-08-08,West,Mumbai,Dev Patel,Individual,Marketplace,58,197.88,4,Yes,2025-08-20,12,
LEAD003908,2025-08-08,South,Hyderabad,Arjun Nair,Individual,Organic Search,72,83.76,1,Yes,2025-08-21,13,
LEAD003909,2025-08-08,South,Chennai,Arjun Nair,SME,Organic Search,64,77.68,3,Yes,2025-08-26,18,
LEAD003910,2025-08-09,South,Chennai,Arjun Nair,Individual,Organic Search,65,85.51,2,Yes,2025-08-15,6,
LEAD003911,2025-08-09,South,Bengaluru,Sneha Rao,Individual,Marketplace,89,205.04,1,Yes,2025-08-13,4,
LEAD003912,2025-08-09,East,Guwahati,Vikram Sen,Individual,Organic Search,42,80.15,5,No,,,Not Ready Yet
LEAD003913,2025-08-09,West,Pune,Rohan Mehta,Individual,Paid Social,67,408.65,6,No,,,Price Too High
LEAD003914,2025-08-09,East,Kolkata,Kavya Roy,Individual,Paid Social,56,479.40,2,No,,,Competitor Chosen
LEAD003915,2025-08-09,South,Chennai,Arjun Nair,Individual,Google Ads,53,659.33,4,Yes,2025-08-22,13,
LEAD003916,2025-08-09,North,Lucknow,Aarav Sharma,SME,Organic Search,56,87.46,6,No,,,Not Ready Yet
LEAD003917,2025-08-09,West,Pune,Meera Joshi,Individual,Google Ads,68,588.97,1,Yes,2025-08-21,12,
LEAD003918,2025-08-09,South,Hyderabad,Arjun Nair,Individual,Walk-in,48,52.18,1,Yes,2025-08-21,12,
LEAD003919,2025-08-09,West,Ahmedabad,Dev Patel,Individual,Walk-in,56,43.13,2,Yes,2025-08-14,5,
LEAD003920,2025-08-09,North,Delhi,Aarav Sharma,Individual,Paid Social,45,426.04,4,No,,,Not Ready Yet
LEAD003921,2025-08-10,South,Chennai,Sneha Rao,Individual,Google Ads,36,709.66,1,No,,,Budget Delayed
LEAD003922,2025-08-10,North,Delhi,Aarav Sharma,Individual,Organic Search,44,87.60,2,No,,,Price Too High
LEAD003923,2025-08-10,South,Chennai,Sneha Rao,Individual,Referral,74,111.40,2,Yes,2025-08-13,3,
LEAD003924,2025-08-10,South,Bengaluru,Sneha Rao,Individual,Google Ads,67,529.80,1,Yes,2025-09-03,24,
LEAD003925,2025-08-11,North,Delhi,Karan Malhotra,Corporate,Corporate Outreach,53,287.23,3,No,,,Price Too High
LEAD003926,2025-08-11,West,Mumbai,Rohan Mehta,Individual,Walk-in,50,52.04,1,Yes,2025-08-18,7,
LEAD003927,2025-08-11,West,Pune,Dev Patel,Individual,Walk-in,42,43.34,3,Yes,2025-08-18,7,
LEAD003928,2025-08-11,South,Chennai,Isha Reddy,SME,Paid Social,51,482.26,2,No,,,No Response
LEAD003929,2025-08-11,North,Delhi,Karan Malhotra,Individual,Referral,41,119.47,2,Yes,2025-08-12,1,
LEAD003930,2025-08-11,North,Delhi,Priya Verma,Individual,Walk-in,78,53.69,4,Yes,2025-08-13,2,
LEAD003931,2025-08-12,East,Kolkata,Vikram Sen,Individual,Google Ads,66,611.61,6,No,,,No Response
LEAD003932,2025-08-12,West,Ahmedabad,Dev Patel,Individual,Marketplace,37,170.97,4,Yes,2025-08-17,5,
LEAD003933,2025-08-12,North,Delhi,Aarav Sharma,Corporate,Google Ads,65,559.85,3,Yes,2025-09-21,40,
LEAD003934,2025-08-12,North,Delhi,Aarav Sharma,Individual,Paid Social,75,484.10,3,Yes,2025-09-01,20,
LEAD003935,2025-08-12,South,Bengaluru,Isha Reddy,Individual,Marketplace,55,195.14,2,Yes,2025-08-15,3,
LEAD003936,2025-08-12,North,Lucknow,Priya Verma,Individual,Organic Search,66,92.03,6,No,,,Competitor Chosen
LEAD003937,2025-08-13,North,Lucknow,Karan Malhotra,Individual,Google Ads,77,704.53,2,No,,,Price Too High
LEAD003938,2025-08-13,North,Delhi,Aarav Sharma,SME,Referral,53,120.80,2,No,,,Price Too High
LEAD003939,2025-08-13,West,Ahmedabad,Meera Joshi,SME,Organic Search,86,92.14,1,Yes,2025-08-22,9,
LEAD003940,2025-08-13,South,Hyderabad,Arjun Nair,Individual,Google Ads,38,696.10,2,No,,,No Response
LEAD003941,2025-08-13,North,Delhi,Karan Malhotra,Individual,Organic Search,38,92.78,1,No,,,Competitor Chosen
LEAD003942,2025-08-13,West,Ahmedabad,Meera Joshi,Individual,Google Ads,60,642.28,3,No,,,Price Too High
LEAD003943,2025-08-14,North,Delhi,Priya Verma,Corporate,Corporate Outreach,45,308.42,5,No,,,Price Too High
LEAD003944,2025-08-14,West,Ahmedabad,Dev Patel,Individual,Organic Search,72,98.18,6,No,,,Competitor Chosen
LEAD003945,2025-08-14,South,Chennai,Isha Reddy,Individual,Organic Search,42,81.30,3,No,,,Budget Delayed
LEAD003946,2025-08-14,West,Mumbai,Meera Joshi,Individual,Paid Social,25,449.01,5,No,,,Price Too High
LEAD003947,2025-08-14,West,Mumbai,Rohan Mehta,SME,Referral,64,108.14,3,Yes,2025-08-28,14,
LEAD003948,2025-08-14,North,Lucknow,Aarav Sharma,Corporate,Corporate Outreach,61,299.53,3,No,,,Not Ready Yet
LEAD003949,2025-08-14,North,Delhi,Aarav Sharma,Individual,Organic Search,73,85.82,2,No,,,No Response
LEAD003950,2025-08-15,East,Bhubaneswar,Vikram Sen,SME,Organic Search,40,90.90,4,Yes,2025-09-07,23,
LEAD003951,2025-08-15,South,Bengaluru,Isha Reddy,Individual,Referral,89,128.55,2,Yes,2025-08-21,6,
LEAD003952,2025-08-15,South,Bengaluru,Arjun Nair,Individual,Paid Social,45,402.97,4,Yes,2025-08-31,16,
LEAD003953,2025-08-15,North,Delhi,Aarav Sharma,Individual,Marketplace,56,203.29,1,Yes,2025-08-16,1,
LEAD003954,2025-08-15,North,Delhi,Priya Verma,Individual,Organic Search,41,101.95,3,Yes,2025-09-06,22,
LEAD003955,2025-08-15,North,Jaipur,Priya Verma,Individual,Paid Social,65,466.03,1,No,,,Competitor Chosen
LEAD003956,2025-08-15,North,Delhi,Aarav Sharma,Individual,Walk-in,59,42.96,5,No,,,Price Too High
LEAD003957,2025-08-15,West,Mumbai,Dev Patel,Corporate,Corporate Outreach,62,294.38,1,Yes,2025-09-21,37,
LEAD003958,2025-08-15,North,Lucknow,Aarav Sharma,Individual,Google Ads,53,662.40,2,No,,,Price Too High
LEAD003959,2025-08-15,West,Pune,Rohan Mehta,Individual,Organic Search,22,79.63,3,Yes,2025-08-20,5,
LEAD003960,2025-08-16,West,Mumbai,Rohan Mehta,Individual,Organic Search,74,101.65,2,Yes,2025-08-26,10,
LEAD003961,2025-08-16,West,Pune,Rohan Mehta,Individual,Google Ads,52,695.74,1,Yes,2025-08-21,5,
LEAD003962,2025-08-16,West,Ahmedabad,Meera Joshi,SME,Google Ads,62,547.81,5,No,,,Price Too High
LEAD003963,2025-08-16,West,Pune,Meera Joshi,Corporate,Corporate Outreach,57,248.20,3,No,,,No Response
LEAD003964,2025-08-16,South,Hyderabad,Arjun Nair,SME,Organic Search,81,96.31,3,Yes,2025-08-22,6,
LEAD003965,2025-08-16,West,Ahmedabad,Meera Joshi,SME,Marketplace,57,203.66,1,Yes,2025-08-28,12,
LEAD003966,2025-08-16,West,Pune,Meera Joshi,SME,Google Ads,60,652.02,1,Yes,2025-08-19,3,
LEAD003967,2025-08-16,East,Bhubaneswar,Kavya Roy,Individual,Google Ads,85,670.70,6,No,,,Budget Delayed
LEAD003968,2025-08-16,North,Jaipur,Karan Malhotra,Individual,Organic Search,71,95.60,5,No,,,No Response
LEAD003969,2025-08-16,East,Bhubaneswar,Kavya Roy,Individual,Walk-in,65,47.53,3,No,,,Budget Delayed
LEAD003970,2025-08-17,South,Chennai,Isha Reddy,Individual,Google Ads,74,679.67,3,No,,,Competitor Chosen
LEAD003971,2025-08-17,North,Delhi,Karan Malhotra,Individual,Google Ads,72,693.33,4,No,,,Budget Delayed
LEAD003972,2025-08-17,West,Ahmedabad,Rohan Mehta,Individual,Marketplace,51,201.33,2,Yes,2025-08-28,11,
LEAD003973,2025-08-17,West,Ahmedabad,Rohan Mehta,Individual,Paid Social,32,430.98,4,No,,,No Response
LEAD003974,2025-08-17,North,Delhi,Karan Malhotra,SME,Google Ads,61,644.75,2,Yes,2025-09-07,21,
LEAD003975,2025-08-17,North,Jaipur,Aarav Sharma,Individual,Walk-in,74,52.58,2,Yes,2025-08-26,9,
LEAD003976,2025-08-17,South,Hyderabad,Isha Reddy,Individual,Organic Search,57,96.30,3,Yes,2025-08-23,6,
LEAD003977,2025-08-17,South,Hyderabad,Arjun Nair,Individual,Referral,79,137.19,1,Yes,2025-08-30,13,
LEAD003978,2025-08-17,South,Bengaluru,Arjun Nair,Individual,Google Ads,50,649.44,2,Yes,2025-09-06,20,
LEAD003979,2025-08-18,South,Chennai,Arjun Nair,SME,Google Ads,35,635.48,2,No,,,Price Too High
LEAD003980,2025-08-18,South,Hyderabad,Arjun Nair,Individual,Google Ads,71,660.18,4,No,,,Price Too High
LEAD003981,2025-08-18,West,Pune,Rohan Mehta,Individual,Google Ads,77,604.39,1,Yes,2025-08-26,8,
LEAD003982,2025-08-18,South,Hyderabad,Isha Reddy,Individual,Walk-in,47,56.95,3,No,,,Not Ready Yet
LEAD003983,2025-08-18,East,Guwahati,Neha Das,SME,Referral,65,104.37,3,No,,,Price Too High
LEAD003984,2025-08-18,North,Delhi,Aarav Sharma,Individual,Walk-in,32,43.88,1,No,,,No Response
LEAD003985,2025-08-18,North,Jaipur,Aarav Sharma,SME,Corporate Outreach,43,239.21,5,No,,,No Response
LEAD003986,2025-08-19,North,Lucknow,Priya Verma,Individual,Paid Social,41,464.42,1,No,,,Not Ready Yet
LEAD003987,2025-08-19,West,Mumbai,Rohan Mehta,Corporate,Walk-in,61,45.49,3,No,,,Competitor Chosen
LEAD003988,2025-08-19,South,Bengaluru,Arjun Nair,Individual,Marketplace,46,164.49,2,No,,,Competitor Chosen
LEAD003989,2025-08-19,West,Ahmedabad,Meera Joshi,Individual,Organic Search,49,88.44,4,Yes,2025-09-07,19,
LEAD003990,2025-08-19,West,Mumbai,Meera Joshi,SME,Marketplace,52,175.65,3,Yes,2025-08-21,2,
LEAD003991,2025-08-19,South,Chennai,Arjun Nair,Individual,Referral,66,121.64,4,Yes,2025-08-20,1,
LEAD003992,2025-08-20,South,Chennai,Sneha Rao,Individual,Organic Search,58,93.62,2,Yes,2025-08-22,2,
LEAD003993,2025-08-20,South,Bengaluru,Sneha Rao,SME,Google Ads,79,634.29,1,Yes,2025-09-12,23,
LEAD003994,2025-08-20,West,Pune,Dev Patel,SME,Google Ads,72,530.44,4,No,,,Price Too High
LEAD003995,2025-08-20,East,Kolkata,Neha Das,SME,Organic Search,61,87.26,6,No,,,Not Ready Yet
LEAD003996,2025-08-20,North,Lucknow,Aarav Sharma,Individual,Organic Search,77,88.15,2,Yes,2025-09-05,16,
LEAD003997,2025-08-20,North,Delhi,Karan Malhotra,SME,Corporate Outreach,65,263.39,2,No,,,No Response
LEAD003998,2025-08-20,South,Hyderabad,Arjun Nair,Individual,Marketplace,70,183.33,3,Yes,2025-08-30,10,
LEAD003999,2025-08-20,West,Pune,Meera Joshi,SME,Walk-in,81,47.78,3,Yes,2025-08-28,8,
LEAD004000,2025-08-21,South,Chennai,Isha Reddy,Individual,Google Ads,40,672.99,4,No,,,No Response
LEAD004001,2025-08-21,West,Mumbai,Dev Patel,SME,Google Ads,50,642.41,1,Yes,2025-09-12,22,
LEAD004002,2025-08-21,South,Hyderabad,Arjun Nair,Individual,Walk-in,43,48.39,4,Yes,2025-08-26,5,
LEAD004003,2025-08-21,North,Jaipur,Aarav Sharma,Individual,Organic Search,55,93.84,2,Yes,2025-09-10,20,
LEAD004004,2025-08-21,West,Ahmedabad,Rohan Mehta,SME,Google Ads,56,539.91,6,No,,,Price Too High
LEAD004005,2025-08-21,East,Guwahati,Vikram Sen,SME,Paid Social,51,376.93,5,No,,,No Response
LEAD004006,2025-08-21,West,Ahmedabad,Meera Joshi,Individual,Referral,66,106.66,3,Yes,2025-08-24,3,
LEAD004007,2025-08-21,West,Pune,Dev Patel,Individual,Paid Social,40,404.27,1,No,,,Competitor Chosen
LEAD004008,2025-08-21,West,Mumbai,Dev Patel,Individual,Paid Social,48,391.10,5,No,,,Not Ready Yet
LEAD004009,2025-08-22,North,Lucknow,Priya Verma,Individual,Organic Search,66,80.21,4,No,,,Not Ready Yet
LEAD004010,2025-08-22,South,Chennai,Sneha Rao,Individual,Paid Social,60,486.19,1,No,,,No Response
LEAD004011,2025-08-22,North,Delhi,Karan Malhotra,SME,Organic Search,70,101.98,4,Yes,2025-09-08,17,
LEAD004012,2025-08-22,North,Delhi,Karan Malhotra,SME,Marketplace,61,177.30,2,No,,,Not Ready Yet
LEAD004013,2025-08-22,West,Mumbai,Dev Patel,Individual,Marketplace,57,205.89,5,No,,,Price Too High
LEAD004014,2025-08-22,West,Mumbai,Dev Patel,Individual,Marketplace,44,187.60,1,Yes,2025-08-28,6,
LEAD004015,2025-08-22,East,Kolkata,Vikram Sen,Individual,Organic Search,44,88.05,1,No,,,No Response
LEAD004016,2025-08-22,West,Mumbai,Rohan Mehta,Individual,Google Ads,75,695.85,3,No,,,No Response
LEAD004017,2025-08-22,South,Chennai,Arjun Nair,SME,Walk-in,45,46.54,1,Yes,2025-08-29,7,
LEAD004018,2025-08-23,East,Kolkata,Vikram Sen,Corporate,Organic Search,68,82.55,6,Yes,2025-09-27,35,
LEAD004019,2025-08-23,South,Hyderabad,Isha Reddy,Individual,Google Ads,77,572.03,6,No,,,No Response
LEAD004020,2025-08-23,West,Mumbai,Meera Joshi,Individual,Referral,47,119.07,4,Yes,2025-09-04,12,
LEAD004021,2025-08-24,North,Delhi,Priya Verma,SME,Paid Social,72,368.81,5,No,,,No Response
LEAD004022,2025-08-24,South,Bengaluru,Isha Reddy,Individual,Google Ads,68,652.90,2,No,,,Not Ready Yet
LEAD004023,2025-08-24,East,Bhubaneswar,Neha Das,SME,Paid Social,53,407.87,4,No,,,No Response
LEAD004024,2025-08-24,North,Delhi,Priya Verma,SME,Google Ads,85,577.69,4,Yes,2025-09-01,8,
LEAD004025,2025-08-24,South,Chennai,Isha Reddy,Individual,Organic Search,69,81.38,4,No,,,Not Ready Yet
LEAD004026,2025-08-25,North,Jaipur,Priya Verma,Individual,Organic Search,33,94.70,3,Yes,2025-09-04,10,
LEAD004027,2025-08-25,North,Delhi,Priya Verma,Individual,Marketplace,59,196.85,3,Yes,2025-09-02,8,
LEAD004028,2025-08-25,West,Mumbai,Meera Joshi,Individual,Organic Search,18,77.41,5,No,,,No Response
LEAD004029,2025-08-26,North,Delhi,Priya Verma,Individual,Marketplace,51,162.14,6,No,,,Not Ready Yet
LEAD004030,2025-08-26,East,Bhubaneswar,Neha Das,Individual,Referral,46,104.25,4,Yes,2025-09-09,14,
LEAD004031,2025-08-26,South,Hyderabad,Arjun Nair,SME,Organic Search,69,90.48,3,No,,,Budget Delayed
LEAD004032,2025-08-26,North,Lucknow,Priya Verma,Individual,Organic Search,46,100.76,6,No,,,Competitor Chosen
LEAD004033,2025-08-26,North,Delhi,Priya Verma,SME,Organic Search,56,90.96,3,No,,,Budget Delayed
LEAD004034,2025-08-26,North,Jaipur,Karan Malhotra,Individual,Referral,74,122.09,5,No,,,Competitor Chosen
LEAD004035,2025-08-26,South,Hyderabad,Arjun Nair,Individual,Marketplace,77,186.53,3,Yes,2025-08-29,3,
LEAD004036,2025-08-26,West,Mumbai,Meera Joshi,Individual,Organic Search,28,100.51,5,No,,,Price Too High
LEAD004037,2025-08-26,North,Lucknow,Aarav Sharma,Individual,Paid Social,40,390.98,4,Yes,2025-09-20,25,
LEAD004038,2025-08-26,West,Pune,Rohan Mehta,SME,Referral,77,116.95,4,Yes,2025-09-02,7,
LEAD004039,2025-08-27,South,Bengaluru,Sneha Rao,Individual,Referral,46,119.26,4,Yes,2025-09-06,10,
LEAD004040,2025-08-27,East,Kolkata,Kavya Roy,Individual,Organic Search,72,79.90,2,Yes,2025-09-16,20,
LEAD004041,2025-08-27,West,Pune,Dev Patel,Individual,Organic Search,55,90.51,1,No,,,Competitor Chosen
LEAD004042,2025-08-27,South,Hyderabad,Sneha Rao,Individual,Paid Social,46,494.06,2,No,,,Not Ready Yet
LEAD004043,2025-08-27,South,Bengaluru,Sneha Rao,SME,Organic Search,58,83.77,3,Yes,2025-09-06,10,
LEAD004044,2025-08-27,East,Kolkata,Vikram Sen,Corporate,Corporate Outreach,47,317.69,2,No,,,Not Ready Yet
LEAD004045,2025-08-27,West,Ahmedabad,Meera Joshi,Individual,Organic Search,57,94.14,4,No,,,No Response
LEAD004046,2025-08-27,East,Bhubaneswar,Vikram Sen,Individual,Walk-in,57,47.19,3,Yes,2025-09-10,14,
LEAD004047,2025-08-28,West,Mumbai,Meera Joshi,Individual,Google Ads,68,678.66,2,Yes,2025-09-06,9,
LEAD004048,2025-08-28,North,Delhi,Priya Verma,Corporate,Referral,66,122.86,3,Yes,2025-09-09,12,
LEAD004049,2025-08-28,South,Hyderabad,Isha Reddy,SME,Marketplace,47,185.93,4,No,,,Price Too High
LEAD004050,2025-08-28,South,Bengaluru,Isha Reddy,Individual,Organic Search,59,86.51,2,No,,,No Response
LEAD004051,2025-08-28,South,Chennai,Arjun Nair,SME,Walk-in,31,46.03,4,No,,,No Response
LEAD004052,2025-08-28,South,Chennai,Isha Reddy,Individual,Google Ads,55,602.11,1,No,,,Price Too High
LEAD004053,2025-08-28,East,Bhubaneswar,Neha Das,SME,Marketplace,38,177.16,1,Yes,2025-09-09,12,
LEAD004054,2025-08-28,South,Hyderabad,Sneha Rao,Individual,Marketplace,49,171.47,1,No,,,Competitor Chosen
LEAD004055,2025-08-28,West,Ahmedabad,Dev Patel,SME,Walk-in,77,51.14,1,Yes,2025-08-31,3,
LEAD004056,2025-08-29,South,Hyderabad,Sneha Rao,SME,Organic Search,64,96.03,2,No,,,No Response
LEAD004057,2025-08-29,South,Bengaluru,Isha Reddy,SME,Corporate Outreach,82,290.22,6,No,,,Not Ready Yet
LEAD004058,2025-08-29,East,Kolkata,Neha Das,Individual,Paid Social,72,415.58,6,No,,,Competitor Chosen
LEAD004059,2025-08-29,North,Delhi,Priya Verma,SME,Marketplace,96,211.10,3,Yes,2025-09-10,12,
LEAD004060,2025-08-29,West,Mumbai,Dev Patel,SME,Organic Search,59,82.99,3,No,,,Price Too High
LEAD004061,2025-08-29,North,Delhi,Priya Verma,Individual,Organic Search,63,93.23,3,No,,,Competitor Chosen
LEAD004062,2025-08-29,South,Hyderabad,Sneha Rao,Individual,Walk-in,52,51.44,1,Yes,2025-09-10,12,
LEAD004063,2025-08-29,South,Chennai,Isha Reddy,SME,Organic Search,65,85.06,4,Yes,2025-09-15,17,
LEAD004064,2025-08-29,South,Bengaluru,Arjun Nair,Corporate,Corporate Outreach,49,285.88,4,No,,,Price Too High
LEAD004065,2025-08-30,North,Lucknow,Aarav Sharma,Individual,Paid Social,57,461.20,6,No,,,Price Too High
LEAD004066,2025-08-30,North,Delhi,Aarav Sharma,Individual,Google Ads,61,693.44,2,No,,,Competitor Chosen
LEAD004067,2025-08-30,West,Mumbai,Rohan Mehta,SME,Paid Social,66,411.79,1,Yes,2025-09-21,22,
LEAD004068,2025-08-30,North,Lucknow,Priya Verma,SME,Corporate Outreach,53,310.11,5,No,,,Competitor Chosen
LEAD004069,2025-08-30,South,Chennai,Isha Reddy,Individual,Walk-in,75,47.34,3,Yes,2025-09-04,5,
LEAD004070,2025-08-30,East,Kolkata,Neha Das,Individual,Organic Search,57,100.59,1,No,,,Budget Delayed
LEAD004071,2025-08-30,South,Hyderabad,Isha Reddy,Corporate,Corporate Outreach,76,246.24,5,Yes,2025-09-19,20,
LEAD004072,2025-08-30,North,Jaipur,Karan Malhotra,Individual,Google Ads,68,531.94,4,No,,,No Response
LEAD004073,2025-08-31,South,Chennai,Sneha Rao,Individual,Paid Social,64,457.88,4,No,,,No Response
LEAD004074,2025-08-31,North,Lucknow,Karan Malhotra,Individual,Paid Social,33,407.63,2,Yes,2025-09-18,18,
LEAD004075,2025-08-31,East,Kolkata,Kavya Roy,Individual,Paid Social,60,368.56,1,No,,,Price Too High
LEAD004076,2025-08-31,West,Mumbai,Rohan Mehta,Individual,Google Ads,80,632.44,4,Yes,2025-09-19,19,
LEAD004077,2025-08-31,South,Hyderabad,Sneha Rao,Individual,Paid Social,16,491.28,3,Yes,2025-09-08,8,
LEAD004078,2025-08-31,South,Hyderabad,Isha Reddy,Individual,Google Ads,53,629.96,1,Yes,2025-09-25,25,
LEAD004079,2025-08-31,North,Lucknow,Priya Verma,Individual,Marketplace,96,203.00,3,Yes,2025-09-06,6,
LEAD004080,2025-08-31,North,Lucknow,Karan Malhotra,Individual,Organic Search,58,100.12,1,Yes,2025-09-05,5,
LEAD004081,2025-08-31,South,Chennai,Sneha Rao,Individual,Marketplace,53,165.96,4,Yes,2025-09-06,6,
LEAD004082,2025-09-01,North,Lucknow,Karan Malhotra,Corporate,Organic Search,43,78.15,5,No,,,Competitor Chosen
LEAD004083,2025-09-01,East,Kolkata,Vikram Sen,Individual,Organic Search,65,79.10,4,No,,,Price Too High
LEAD004084,2025-09-01,South,Hyderabad,Sneha Rao,Individual,Walk-in,67,56.42,3,Yes,2025-09-08,7,
LEAD004085,2025-09-01,North,Jaipur,Aarav Sharma,Individual,Google Ads,69,657.70,5,No,,,Price Too High
LEAD004086,2025-09-01,South,Bengaluru,Sneha Rao,Individual,Organic Search,18,88.78,1,No,,,Price Too High
LEAD004087,2025-09-01,South,Hyderabad,Arjun Nair,Individual,Google Ads,47,599.21,2,Yes,2025-09-26,25,
LEAD004088,2025-09-02,West,Mumbai,Meera Joshi,Individual,Marketplace,60,204.25,1,Yes,2025-09-11,9,
LEAD004089,2025-09-02,North,Jaipur,Aarav Sharma,Individual,Organic Search,44,96.21,6,No,,,Price Too High
LEAD004090,2025-09-02,West,Pune,Dev Patel,Corporate,Corporate Outreach,31,271.37,4,No,,,Competitor Chosen
LEAD004091,2025-09-02,West,Pune,Rohan Mehta,Individual,Referral,49,131.98,1,No,,,Not Ready Yet
LEAD004092,2025-09-02,West,Mumbai,Meera Joshi,SME,Corporate Outreach,59,311.52,6,No,,,Budget Delayed
LEAD004093,2025-09-02,West,Mumbai,Dev Patel,Individual,Google Ads,72,586.04,3,No,,,Price Too High
LEAD004094,2025-09-02,North,Jaipur,Aarav Sharma,Individual,Organic Search,55,94.59,4,No,,,Not Ready Yet
LEAD004095,2025-09-02,West,Mumbai,Rohan Mehta,Individual,Organic Search,88,79.37,4,No,,,No Response
LEAD004096,2025-09-02,South,Chennai,Sneha Rao,Individual,Referral,81,137.55,1,Yes,2025-09-11,9,
LEAD004097,2025-09-02,North,Delhi,Priya Verma,Individual,Google Ads,62,529.91,2,Yes,2025-09-06,4,
LEAD004098,2025-09-02,North,Delhi,Priya Verma,Individual,Walk-in,59,49.47,2,Yes,2025-09-07,5,
LEAD004099,2025-09-02,West,Pune,Dev Patel,Individual,Walk-in,41,56.99,4,Yes,2025-09-05,3,
LEAD004100,2025-09-02,North,Jaipur,Priya Verma,Individual,Google Ads,86,640.94,4,Yes,2025-09-23,21,
LEAD004101,2025-09-03,South,Hyderabad,Arjun Nair,Individual,Google Ads,50,591.66,1,No,,,Price Too High
LEAD004102,2025-09-03,South,Chennai,Arjun Nair,Individual,Google Ads,43,562.34,4,Yes,2025-09-19,16,
LEAD004103,2025-09-03,West,Pune,Rohan Mehta,Individual,Marketplace,48,197.69,3,Yes,2025-09-14,11,
LEAD004104,2025-09-03,North,Delhi,Aarav Sharma,SME,Marketplace,49,203.24,1,Yes,2025-09-16,13,
LEAD004105,2025-09-03,North,Lucknow,Priya Verma,Corporate,Referral,68,112.96,7,Yes,2025-09-16,13,
LEAD004106,2025-09-04,North,Delhi,Aarav Sharma,Individual,Google Ads,81,653.15,6,No,,,No Response
LEAD004107,2025-09-04,East,Kolkata,Neha Das,Individual,Organic Search,43,97.88,3,No,,,Not Ready Yet
LEAD004108,2025-09-04,North,Jaipur,Priya Verma,Individual,Paid Social,41,448.99,4,No,,,Price Too High
LEAD004109,2025-09-04,East,Kolkata,Vikram Sen,Individual,Google Ads,65,621.76,3,No,,,No Response
LEAD004110,2025-09-04,South,Bengaluru,Arjun Nair,SME,Marketplace,87,187.82,3,Yes,2025-09-17,13,
LEAD004111,2025-09-04,West,Mumbai,Rohan Mehta,Individual,Organic Search,47,93.57,3,Yes,2025-09-21,17,
LEAD004112,2025-09-04,North,Delhi,Karan Malhotra,Individual,Google Ads,44,584.07,3,No,,,Price Too High
LEAD004113,2025-09-04,North,Jaipur,Aarav Sharma,Individual,Paid Social,65,380.92,6,No,,,No Response
LEAD004114,2025-09-04,West,Pune,Dev Patel,Individual,Paid Social,57,422.96,2,No,,,No Response
LEAD004115,2025-09-05,North,Delhi,Karan Malhotra,SME,Paid Social,75,448.07,2,No,,,Competitor Chosen
LEAD004116,2025-09-05,South,Chennai,Isha Reddy,Individual,Paid Social,75,471.21,1,Yes,2025-09-16,11,
LEAD004117,2025-09-05,South,Bengaluru,Isha Reddy,Individual,Referral,48,119.14,1,Yes,2025-09-13,8,
LEAD004118,2025-09-06,West,Mumbai,Meera Joshi,Individual,Google Ads,45,540.25,1,No,,,Not Ready Yet
LEAD004119,2025-09-06,North,Lucknow,Priya Verma,Individual,Paid Social,72,414.76,3,Yes,2025-09-13,7,
LEAD004120,2025-09-06,South,Bengaluru,Arjun Nair,Individual,Walk-in,53,55.07,2,No,,,No Response
LEAD004121,2025-09-06,West,Mumbai,Dev Patel,Individual,Google Ads,71,608.42,6,No,,,No Response
LEAD004122,2025-09-06,North,Jaipur,Aarav Sharma,Individual,Organic Search,50,84.40,4,Yes,2025-09-08,2,
LEAD004123,2025-09-06,South,Bengaluru,Sneha Rao,Individual,Organic Search,84,90.37,3,Yes,2025-10-01,25,
LEAD004124,2025-09-06,West,Pune,Meera Joshi,Corporate,Corporate Outreach,68,258.04,5,Yes,2025-09-17,11,
LEAD004125,2025-09-06,North,Delhi,Karan Malhotra,Individual,Referral,75,117.21,1,Yes,2025-09-12,6,
LEAD004126,2025-09-06,West,Mumbai,Dev Patel,Individual,Referral,65,134.95,3,Yes,2025-09-19,13,
LEAD004127,2025-09-06,West,Mumbai,Meera Joshi,Individual,Google Ads,47,675.87,1,Yes,2025-10-01,25,
LEAD004128,2025-09-06,South,Chennai,Sneha Rao,Individual,Google Ads,52,537.88,3,Yes,2025-09-09,3,
LEAD004129,2025-09-06,South,Bengaluru,Sneha Rao,Individual,Google Ads,48,614.94,4,Yes,2025-09-27,21,
LEAD004130,2025-09-07,South,Chennai,Arjun Nair,Individual,Paid Social,26,453.06,1,No,,,Not Ready Yet
LEAD004131,2025-09-07,North,Lucknow,Aarav Sharma,Individual,Walk-in,66,49.36,1,No,,,Not Ready Yet
LEAD004132,2025-09-07,North,Jaipur,Priya Verma,Individual,Marketplace,51,203.33,5,No,,,Competitor Chosen
LEAD004133,2025-09-07,West,Mumbai,Dev Patel,SME,Organic Search,43,99.89,6,No,,,No Response
LEAD004134,2025-09-07,West,Mumbai,Dev Patel,SME,Referral,67,103.19,2,Yes,2025-09-09,2,
LEAD004135,2025-09-07,West,Pune,Dev Patel,Individual,Organic Search,63,89.83,4,Yes,2025-09-15,8,
LEAD004136,2025-09-07,North,Delhi,Karan Malhotra,SME,Paid Social,86,401.45,3,Yes,2025-09-14,7,
LEAD004137,2025-09-07,South,Hyderabad,Arjun Nair,Individual,Google Ads,85,661.66,4,Yes,2025-09-12,5,
LEAD004138,2025-09-07,West,Pune,Rohan Mehta,Individual,Google Ads,80,551.60,5,No,,,No Response
LEAD004139,2025-09-08,East,Kolkata,Neha Das,Individual,Google Ads,70,540.55,4,Yes,2025-10-01,23,
LEAD004140,2025-09-08,North,Jaipur,Priya Verma,Individual,Referral,43,123.13,3,No,,,No Response
LEAD004141,2025-09-08,North,Lucknow,Aarav Sharma,Individual,Marketplace,68,162.10,3,Yes,2025-09-09,1,
LEAD004142,2025-09-08,West,Ahmedabad,Rohan Mehta,Individual,Paid Social,72,451.61,4,Yes,2025-09-18,10,
LEAD004143,2025-09-08,South,Chennai,Arjun Nair,Individual,Paid Social,64,483.07,1,Yes,2025-09-28,20,
LEAD004144,2025-09-08,West,Mumbai,Rohan Mehta,Individual,Organic Search,49,97.03,1,Yes,2025-09-29,21,
LEAD004145,2025-09-08,North,Jaipur,Priya Verma,Individual,Google Ads,52,602.41,1,Yes,2025-09-28,20,
LEAD004146,2025-09-08,West,Mumbai,Rohan Mehta,Individual,Walk-in,35,50.69,2,Yes,2025-09-14,6,
LEAD004147,2025-09-08,North,Delhi,Priya Verma,Corporate,Corporate Outreach,43,310.48,2,No,,,Competitor Chosen
LEAD004148,2025-09-09,East,Guwahati,Kavya Roy,Corporate,Google Ads,58,631.09,1,No,,,No Response
LEAD004149,2025-09-09,North,Jaipur,Aarav Sharma,Individual,Walk-in,63,47.78,1,Yes,2025-09-23,14,
LEAD004150,2025-09-09,South,Bengaluru,Arjun Nair,Individual,Google Ads,41,531.12,1,No,,,Competitor Chosen
LEAD004151,2025-09-09,South,Hyderabad,Sneha Rao,Individual,Organic Search,64,95.18,2,Yes,2025-09-30,21,
LEAD004152,2025-09-09,South,Bengaluru,Arjun Nair,SME,Walk-in,42,49.29,2,Yes,2025-09-13,4,
LEAD004153,2025-09-09,North,Delhi,Aarav Sharma,Individual,Paid Social,44,446.88,2,No,,,Competitor Chosen
LEAD004154,2025-09-09,South,Chennai,Isha Reddy,Individual,Google Ads,60,680.12,3,No,,,Price Too High
LEAD004155,2025-09-09,South,Bengaluru,Sneha Rao,SME,Marketplace,80,204.36,5,No,,,Price Too High
LEAD004156,2025-09-09,North,Jaipur,Karan Malhotra,Individual,Marketplace,49,197.45,5,No,,,No Response
LEAD004157,2025-09-10,South,Chennai,Isha Reddy,Individual,Paid Social,28,399.40,5,No,,,Budget Delayed
LEAD004158,2025-09-10,South,Bengaluru,Isha Reddy,Individual,Organic Search,57,98.88,3,Yes,2025-09-21,11,
LEAD004159,2025-09-10,North,Delhi,Priya Verma,Individual,Paid Social,59,481.04,4,No,,,Price Too High
LEAD004160,2025-09-10,North,Delhi,Priya Verma,Individual,Google Ads,36,634.60,4,No,,,Competitor Chosen
LEAD004161,2025-09-10,South,Bengaluru,Arjun Nair,Individual,Organic Search,53,91.26,1,No,,,No Response
LEAD004162,2025-09-10,North,Lucknow,Karan Malhotra,SME,Corporate Outreach,43,273.79,4,Yes,2025-09-30,20,
LEAD004163,2025-09-10,South,Chennai,Arjun Nair,SME,Google Ads,69,539.22,4,Yes,2025-09-21,11,
LEAD004164,2025-09-10,South,Hyderabad,Sneha Rao,Corporate,Corporate Outreach,73,299.89,2,Yes,2025-09-27,17,
LEAD004165,2025-09-10,North,Jaipur,Karan Malhotra,Individual,Google Ads,84,656.28,2,No,,,No Response
LEAD004166,2025-09-11,South,Hyderabad,Sneha Rao,Corporate,Corporate Outreach,44,268.30,4,No,,,Competitor Chosen
LEAD004167,2025-09-11,South,Chennai,Isha Reddy,Individual,Marketplace,37,171.98,4,No,,,Price Too High
LEAD004168,2025-09-11,North,Delhi,Priya Verma,Individual,Paid Social,72,402.82,6,No,,,Price Too High
LEAD004169,2025-09-12,West,Mumbai,Meera Joshi,Individual,Referral,78,117.47,2,Yes,2025-09-19,7,
LEAD004170,2025-09-12,North,Delhi,Priya Verma,Individual,Google Ads,55,653.43,2,Yes,2025-09-17,5,
LEAD004171,2025-09-12,North,Jaipur,Karan Malhotra,SME,Marketplace,64,213.76,6,No,,,Competitor Chosen
LEAD004172,2025-09-12,North,Delhi,Priya Verma,Individual,Organic Search,74,96.18,2,Yes,2025-09-25,13,
LEAD004173,2025-09-12,West,Pune,Rohan Mehta,Individual,Paid Social,65,393.57,3,No,,,Price Too High
LEAD004174,2025-09-12,South,Chennai,Isha Reddy,Individual,Marketplace,59,196.01,1,Yes,2025-09-20,8,
LEAD004175,2025-09-12,East,Guwahati,Neha Das,Individual,Walk-in,58,55.57,3,Yes,2025-09-24,12,
LEAD004176,2025-09-12,South,Bengaluru,Isha Reddy,Individual,Marketplace,46,189.13,1,Yes,2025-09-17,5,
LEAD004177,2025-09-12,West,Pune,Rohan Mehta,Individual,Organic Search,43,96.10,6,No,,,Competitor Chosen
LEAD004178,2025-09-13,West,Pune,Rohan Mehta,Individual,Paid Social,64,452.48,1,Yes,2025-09-29,16,
LEAD004179,2025-09-13,West,Ahmedabad,Rohan Mehta,SME,Walk-in,51,51.45,3,No,,,Not Ready Yet
LEAD004180,2025-09-13,North,Lucknow,Priya Verma,Individual,Paid Social,52,379.82,4,Yes,2025-09-21,8,
LEAD004181,2025-09-13,North,Delhi,Priya Verma,SME,Organic Search,80,88.72,2,Yes,2025-09-22,9,
LEAD004182,2025-09-13,North,Jaipur,Karan Malhotra,SME,Paid Social,69,427.92,3,Yes,2025-09-30,17,
LEAD004183,2025-09-13,West,Ahmedabad,Meera Joshi,Corporate,Organic Search,65,76.51,7,Yes,2025-10-10,27,
LEAD004184,2025-09-13,South,Hyderabad,Arjun Nair,Individual,Referral,80,111.82,1,Yes,2025-09-16,3,
LEAD004185,2025-09-13,West,Mumbai,Rohan Mehta,Individual,Walk-in,69,47.20,4,Yes,2025-09-24,11,
LEAD004186,2025-09-13,South,Hyderabad,Isha Reddy,Individual,Marketplace,66,196.13,1,Yes,2025-09-26,13,
LEAD004187,2025-09-13,North,Delhi,Aarav Sharma,SME,Paid Social,39,403.55,1,No,,,No Response
LEAD004188,2025-09-14,North,Lucknow,Priya Verma,Individual,Referral,89,119.16,4,Yes,2025-09-28,14,
LEAD004189,2025-09-14,North,Delhi,Karan Malhotra,Individual,Paid Social,59,416.11,1,No,,,Competitor Chosen
LEAD004190,2025-09-14,West,Pune,Rohan Mehta,Individual,Referral,70,108.83,2,Yes,2025-09-27,13,
LEAD004191,2025-09-14,East,Kolkata,Kavya Roy,Corporate,Corporate Outreach,63,295.38,3,No,,,No Response
LEAD004192,2025-09-14,West,Pune,Dev Patel,Individual,Walk-in,85,50.18,3,Yes,2025-09-23,9,
LEAD004193,2025-09-14,West,Ahmedabad,Dev Patel,Individual,Google Ads,31,563.48,4,Yes,2025-10-08,24,
LEAD004194,2025-09-14,West,Pune,Rohan Mehta,Individual,Walk-in,22,45.68,4,No,,,No Response
LEAD004195,2025-09-14,South,Hyderabad,Arjun Nair,Individual,Organic Search,56,90.07,3,Yes,2025-10-07,23,
LEAD004196,2025-09-14,South,Hyderabad,Isha Reddy,Individual,Walk-in,72,53.06,4,Yes,2025-09-24,10,
LEAD004197,2025-09-14,West,Mumbai,Dev Patel,Individual,Paid Social,61,481.23,2,No,,,Price Too High
LEAD004198,2025-09-14,South,Bengaluru,Sneha Rao,Individual,Google Ads,85,613.05,1,No,,,Competitor Chosen
LEAD004199,2025-09-14,West,Mumbai,Rohan Mehta,Individual,Marketplace,54,170.56,3,Yes,2025-09-27,13,
LEAD004200,2025-09-14,South,Hyderabad,Isha Reddy,Individual,Marketplace,58,213.99,3,Yes,2025-09-20,6,
LEAD004201,2025-09-14,West,Ahmedabad,Rohan Mehta,Individual,Paid Social,83,375.42,5,No,,,No Response
LEAD004202,2025-09-15,South,Hyderabad,Arjun Nair,Individual,Google Ads,51,579.63,1,No,,,Competitor Chosen
LEAD004203,2025-09-15,West,Ahmedabad,Rohan Mehta,Individual,Walk-in,77,49.99,1,Yes,2025-09-27,12,
LEAD004204,2025-09-15,West,Pune,Rohan Mehta,Individual,Organic Search,72,93.19,2,Yes,2025-10-09,24,
LEAD004205,2025-09-15,North,Jaipur,Priya Verma,Individual,Walk-in,71,51.08,4,No,,,Price Too High
LEAD004206,2025-09-16,South,Chennai,Arjun Nair,Individual,Paid Social,61,398.07,1,Yes,2025-10-07,21,
LEAD004207,2025-09-16,East,Kolkata,Neha Das,Individual,Google Ads,44,563.38,2,Yes,2025-09-30,14,
LEAD004208,2025-09-16,South,Bengaluru,Isha Reddy,Individual,Marketplace,71,194.03,4,No,,,No Response
LEAD004209,2025-09-16,North,Jaipur,Karan Malhotra,Individual,Organic Search,62,87.45,1,Yes,2025-10-01,15,
LEAD004210,2025-09-16,South,Bengaluru,Isha Reddy,Individual,Paid Social,57,478.30,2,Yes,2025-10-08,22,
LEAD004211,2025-09-16,West,Ahmedabad,Meera Joshi,Individual,Walk-in,51,56.53,2,Yes,2025-09-27,11,
LEAD004212,2025-09-16,South,Bengaluru,Isha Reddy,SME,Corporate Outreach,51,307.89,2,Yes,2025-10-11,25,
LEAD004213,2025-09-16,North,Lucknow,Aarav Sharma,Individual,Google Ads,73,539.47,2,Yes,2025-09-23,7,
LEAD004214,2025-09-16,East,Kolkata,Kavya Roy,Individual,Organic Search,59,80.66,1,Yes,2025-09-18,2,
LEAD004215,2025-09-16,South,Chennai,Isha Reddy,Individual,Google Ads,42,675.38,2,Yes,2025-10-09,23,
LEAD004216,2025-09-16,South,Hyderabad,Isha Reddy,SME,Google Ads,50,649.64,3,Yes,2025-09-27,11,
LEAD004217,2025-09-17,East,Bhubaneswar,Kavya Roy,Individual,Google Ads,62,632.19,2,No,,,Competitor Chosen
LEAD004218,2025-09-17,West,Mumbai,Rohan Mehta,Individual,Google Ads,35,568.94,5,No,,,Price Too High
LEAD004219,2025-09-17,West,Mumbai,Rohan Mehta,Individual,Organic Search,78,97.21,3,Yes,2025-10-08,21,
LEAD004220,2025-09-17,North,Lucknow,Karan Malhotra,Individual,Google Ads,63,690.23,6,No,,,Budget Delayed
LEAD004221,2025-09-17,North,Delhi,Karan Malhotra,Individual,Organic Search,66,102.10,2,Yes,2025-09-29,12,
LEAD004222,2025-09-17,West,Pune,Rohan Mehta,Individual,Paid Social,48,387.59,5,No,,,Competitor Chosen
LEAD004223,2025-09-17,East,Kolkata,Neha Das,SME,Marketplace,58,213.00,6,No,,,Competitor Chosen
LEAD004224,2025-09-18,East,Bhubaneswar,Kavya Roy,Individual,Walk-in,58,51.42,4,Yes,2025-09-23,5,
LEAD004225,2025-09-18,North,Delhi,Priya Verma,Individual,Referral,55,108.12,2,Yes,2025-09-22,4,
LEAD004226,2025-09-18,South,Hyderabad,Arjun Nair,Individual,Organic Search,30,92.00,2,Yes,2025-09-28,10,
LEAD004227,2025-09-18,North,Lucknow,Aarav Sharma,Individual,Google Ads,56,537.19,5,No,,,Budget Delayed
LEAD004228,2025-09-18,North,Jaipur,Karan Malhotra,Individual,Referral,55,114.86,4,No,,,No Response
LEAD004229,2025-09-19,East,Kolkata,Vikram Sen,Individual,Referral,45,109.48,6,No,,,Budget Delayed
LEAD004230,2025-09-19,North,Delhi,Priya Verma,Individual,Google Ads,58,548.96,2,Yes,2025-10-08,19,
LEAD004231,2025-09-19,North,Delhi,Aarav Sharma,Individual,Organic Search,51,93.31,5,No,,,Price Too High
LEAD004232,2025-09-19,West,Mumbai,Meera Joshi,Individual,Organic Search,76,85.31,5,No,,,Not Ready Yet
LEAD004233,2025-09-19,South,Hyderabad,Isha Reddy,Individual,Marketplace,69,185.87,4,Yes,2025-09-23,4,
LEAD004234,2025-09-19,North,Delhi,Karan Malhotra,SME,Corporate Outreach,63,302.65,3,Yes,2025-10-04,15,
LEAD004235,2025-09-19,West,Pune,Meera Joshi,Corporate,Corporate Outreach,30,238.38,4,No,,,No Response
LEAD004236,2025-09-19,North,Delhi,Priya Verma,Corporate,Corporate Outreach,41,272.74,6,No,,,Budget Delayed
LEAD004237,2025-09-19,North,Delhi,Aarav Sharma,Individual,Referral,62,118.43,3,No,,,No Response
LEAD004238,2025-09-19,West,Mumbai,Meera Joshi,Individual,Referral,73,130.27,1,Yes,2025-09-20,1,
LEAD004239,2025-09-19,West,Mumbai,Rohan Mehta,Individual,Referral,70,103.14,3,Yes,2025-09-22,3,
LEAD004240,2025-09-20,West,Pune,Meera Joshi,Individual,Marketplace,81,197.95,1,Yes,2025-09-23,3,
LEAD004241,2025-09-20,North,Delhi,Aarav Sharma,Individual,Walk-in,58,46.48,3,Yes,2025-10-01,11,
LEAD004242,2025-09-20,South,Chennai,Sneha Rao,SME,Paid Social,55,479.91,1,Yes,2025-10-15,25,
LEAD004243,2025-09-20,West,Pune,Dev Patel,SME,Walk-in,55,53.81,3,No,,,No Response
LEAD004244,2025-09-20,West,Mumbai,Dev Patel,Individual,Marketplace,64,210.73,2,No,,,No Response
LEAD004245,2025-09-20,West,Pune,Dev Patel,Individual,Walk-in,76,44.65,3,Yes,2025-09-26,6,
LEAD004246,2025-09-20,West,Pune,Dev Patel,Individual,Organic Search,66,78.28,1,Yes,2025-10-14,24,
LEAD004247,2025-09-20,North,Jaipur,Karan Malhotra,Individual,Walk-in,66,48.85,2,Yes,2025-09-24,4,
LEAD004248,2025-09-20,North,Jaipur,Karan Malhotra,Individual,Marketplace,66,199.84,3,Yes,2025-09-21,1,
LEAD004249,2025-09-21,South,Hyderabad,Arjun Nair,Individual,Organic Search,39,95.53,1,No,,,Price Too High
LEAD004250,2025-09-21,South,Hyderabad,Isha Reddy,Individual,Marketplace,31,177.04,3,No,,,Competitor Chosen
LEAD004251,2025-09-21,North,Jaipur,Aarav Sharma,Individual,Paid Social,51,487.95,5,No,,,Competitor Chosen
LEAD004252,2025-09-21,West,Pune,Meera Joshi,Individual,Organic Search,64,84.89,3,Yes,2025-10-15,24,
LEAD004253,2025-09-21,West,Ahmedabad,Dev Patel,Individual,Organic Search,46,99.58,1,No,,,Not Ready Yet
LEAD004254,2025-09-21,South,Hyderabad,Arjun Nair,Individual,Organic Search,69,94.60,4,No,,,Price Too High
LEAD004255,2025-09-21,South,Bengaluru,Arjun Nair,SME,Organic Search,32,84.96,4,No,,,Budget Delayed
LEAD004256,2025-09-22,South,Hyderabad,Arjun Nair,Individual,Organic Search,51,92.24,4,Yes,2025-09-25,3,
LEAD004257,2025-09-22,South,Chennai,Arjun Nair,Individual,Referral,72,117.66,1,Yes,2025-09-27,5,
LEAD004258,2025-09-22,North,Jaipur,Aarav Sharma,Individual,Organic Search,44,86.06,2,Yes,2025-10-16,24,
LEAD004259,2025-09-22,North,Delhi,Karan Malhotra,SME,Google Ads,81,703.98,3,Yes,2025-09-27,5,
LEAD004260,2025-09-22,West,Pune,Dev Patel,Individual,Organic Search,56,81.91,4,Yes,2025-10-14,22,
LEAD004261,2025-09-22,West,Pune,Dev Patel,Individual,Google Ads,54,625.35,4,No,,,Not Ready Yet
LEAD004262,2025-09-22,South,Bengaluru,Isha Reddy,Individual,Walk-in,47,44.30,6,No,,,Competitor Chosen
LEAD004263,2025-09-22,North,Lucknow,Karan Malhotra,Individual,Referral,71,104.94,3,Yes,2025-09-25,3,
LEAD004264,2025-09-22,East,Kolkata,Neha Das,SME,Marketplace,66,205.50,4,Yes,2025-10-01,9,
LEAD004265,2025-09-22,West,Mumbai,Dev Patel,Individual,Walk-in,40,45.08,2,No,,,Competitor Chosen
LEAD004266,2025-09-23,South,Chennai,Sneha Rao,Individual,Organic Search,35,99.76,2,Yes,2025-10-04,11,
LEAD004267,2025-09-23,North,Jaipur,Karan Malhotra,Individual,Marketplace,43,216.93,1,No,,,Budget Delayed
LEAD004268,2025-09-23,South,Hyderabad,Isha Reddy,Individual,Organic Search,49,84.46,6,No,,,Price Too High
LEAD004269,2025-09-23,North,Lucknow,Priya Verma,Individual,Organic Search,64,97.70,2,No,,,Not Ready Yet
LEAD004270,2025-09-23,North,Jaipur,Priya Verma,Individual,Organic Search,37,96.45,1,No,,,Budget Delayed
LEAD004271,2025-09-23,West,Mumbai,Dev Patel,SME,Organic Search,59,87.53,2,Yes,2025-09-28,5,
LEAD004272,2025-09-23,North,Delhi,Aarav Sharma,Individual,Google Ads,69,641.63,4,Yes,2025-10-17,24,
LEAD004273,2025-09-23,West,Ahmedabad,Meera Joshi,Individual,Organic Search,59,90.38,1,Yes,2025-09-30,7,
LEAD004274,2025-09-23,East,Guwahati,Neha Das,Individual,Walk-in,57,52.05,4,No,,,No Response
LEAD004275,2025-09-23,West,Ahmedabad,Meera Joshi,Individual,Paid Social,70,475.62,3,No,,,Price Too High
LEAD004276,2025-09-24,North,Delhi,Karan Malhotra,Individual,Marketplace,73,195.12,5,No,,,No Response
LEAD004277,2025-09-24,South,Bengaluru,Isha Reddy,Individual,Marketplace,68,203.41,3,Yes,2025-10-06,12,
LEAD004278,2025-09-24,West,Mumbai,Meera Joshi,SME,Walk-in,53,54.30,3,No,,,No Response
LEAD004279,2025-09-24,West,Mumbai,Rohan Mehta,Individual,Google Ads,59,587.55,4,Yes,2025-10-04,10,
LEAD004280,2025-09-24,South,Bengaluru,Arjun Nair,Individual,Walk-in,69,54.47,1,Yes,2025-10-03,9,
LEAD004281,2025-09-24,South,Bengaluru,Sneha Rao,Individual,Paid Social,30,367.72,4,No,,,No Response
LEAD004282,2025-09-24,West,Mumbai,Rohan Mehta,Individual,Marketplace,56,170.35,3,Yes,2025-10-03,9,
LEAD004283,2025-09-25,North,Jaipur,Aarav Sharma,SME,Walk-in,44,49.82,2,Yes,2025-09-29,4,
LEAD004284,2025-09-25,West,Ahmedabad,Dev Patel,SME,Paid Social,41,473.32,3,Yes,2025-10-08,13,
LEAD004285,2025-09-25,North,Delhi,Priya Verma,Corporate,Walk-in,68,53.86,3,Yes,2025-10-16,21,
LEAD004286,2025-09-25,North,Jaipur,Aarav Sharma,Individual,Marketplace,58,186.84,1,Yes,2025-09-28,3,
LEAD004287,2025-09-25,East,Bhubaneswar,Neha Das,Individual,Paid Social,57,483.80,2,No,,,Price Too High
LEAD004288,2025-09-25,South,Hyderabad,Isha Reddy,SME,Corporate Outreach,56,246.15,2,Yes,2025-10-08,13,
LEAD004289,2025-09-25,North,Delhi,Karan Malhotra,Individual,Referral,50,136.90,2,Yes,2025-10-08,13,
LEAD004290,2025-09-25,East,Kolkata,Vikram Sen,Individual,Google Ads,74,662.27,3,No,,,Not Ready Yet
LEAD004291,2025-09-25,West,Mumbai,Dev Patel,Individual,Referral,42,130.76,1,Yes,2025-09-27,2,
LEAD004292,2025-09-25,South,Bengaluru,Isha Reddy,Individual,Walk-in,55,54.20,2,No,,,No Response
LEAD004293,2025-09-25,North,Delhi,Aarav Sharma,Individual,Paid Social,29,402.11,3,No,,,Price Too High
LEAD004294,2025-09-25,South,Chennai,Isha Reddy,Individual,Referral,30,108.67,2,Yes,2025-10-09,14,
LEAD004295,2025-09-26,North,Lucknow,Karan Malhotra,Corporate,Google Ads,61,668.90,6,No,,,Budget Delayed
LEAD004296,2025-09-26,North,Delhi,Aarav Sharma,Individual,Referral,66,129.54,4,Yes,2025-10-05,9,
LEAD004297,2025-09-26,North,Delhi,Karan Malhotra,Individual,Paid Social,70,387.05,1,No,,,Not Ready Yet
LEAD004298,2025-09-26,West,Ahmedabad,Dev Patel,Individual,Referral,69,132.65,3,Yes,2025-09-29,3,
LEAD004299,2025-09-26,West,Pune,Dev Patel,Individual,Walk-in,70,49.11,1,Yes,2025-09-29,3,
LEAD004300,2025-09-26,South,Hyderabad,Sneha Rao,Individual,Walk-in,57,56.51,1,Yes,2025-09-28,2,
LEAD004301,2025-09-26,West,Pune,Dev Patel,Individual,Paid Social,32,413.54,5,No,,,Price Too High
LEAD004302,2025-09-26,West,Mumbai,Rohan Mehta,Individual,Google Ads,83,545.10,2,Yes,2025-10-02,6,
LEAD004303,2025-09-26,North,Lucknow,Priya Verma,Individual,Marketplace,72,188.37,3,Yes,2025-10-05,9,
LEAD004304,2025-09-26,West,Pune,Meera Joshi,Corporate,Corporate Outreach,59,306.63,6,Yes,2025-11-01,36,
LEAD004305,2025-09-26,North,Jaipur,Priya Verma,SME,Paid Social,66,441.90,2,No,,,Price Too High
LEAD004306,2025-09-26,North,Delhi,Priya Verma,Individual,Marketplace,64,166.82,3,No,,,Budget Delayed
LEAD004307,2025-09-26,South,Hyderabad,Sneha Rao,SME,Google Ads,58,608.96,2,Yes,2025-10-02,6,
LEAD004308,2025-09-26,West,Mumbai,Meera Joshi,Individual,Paid Social,46,476.93,6,No,,,No Response
LEAD004309,2025-09-27,North,Delhi,Priya Verma,SME,Marketplace,43,174.18,3,No,,,No Response
LEAD004310,2025-09-27,North,Jaipur,Priya Verma,Individual,Marketplace,81,180.78,1,No,,,Price Too High
LEAD004311,2025-09-27,West,Ahmedabad,Meera Joshi,Individual,Marketplace,18,210.91,4,Yes,2025-10-04,7,
LEAD004312,2025-09-27,South,Bengaluru,Arjun Nair,Corporate,Corporate Outreach,74,274.98,6,Yes,2025-10-24,27,
LEAD004313,2025-09-27,North,Lucknow,Priya Verma,Corporate,Organic Search,51,88.02,3,No,,,Competitor Chosen
LEAD004314,2025-09-27,East,Kolkata,Neha Das,Individual,Paid Social,77,376.22,4,Yes,2025-10-06,9,
LEAD004315,2025-09-27,South,Chennai,Arjun Nair,Individual,Referral,59,104.49,2,Yes,2025-10-05,8,
LEAD004316,2025-09-27,West,Mumbai,Meera Joshi,SME,Google Ads,82,699.42,5,No,,,No Response
LEAD004317,2025-09-27,North,Jaipur,Karan Malhotra,Corporate,Corporate Outreach,62,300.27,6,Yes,2025-10-06,9,
LEAD004318,2025-09-27,North,Jaipur,Karan Malhotra,Corporate,Corporate Outreach,47,305.59,5,No,,,Price Too High
LEAD004319,2025-09-28,North,Jaipur,Karan Malhotra,Individual,Google Ads,21,644.86,3,No,,,No Response
LEAD004320,2025-09-28,West,Ahmedabad,Meera Joshi,Individual,Walk-in,57,47.74,2,Yes,2025-10-03,5,
LEAD004321,2025-09-28,West,Mumbai,Dev Patel,Individual,Organic Search,59,85.32,4,Yes,2025-10-05,7,
LEAD004322,2025-09-28,West,Pune,Meera Joshi,SME,Referral,53,120.81,4,Yes,2025-10-10,12,
LEAD004323,2025-09-28,South,Hyderabad,Arjun Nair,Corporate,Organic Search,60,99.68,5,Yes,2025-10-06,8,
LEAD004324,2025-09-28,East,Kolkata,Kavya Roy,Individual,Organic Search,83,94.84,5,No,,,Not Ready Yet
LEAD004325,2025-09-28,South,Chennai,Arjun Nair,Individual,Referral,53,109.79,2,Yes,2025-10-04,6,
LEAD004326,2025-09-29,East,Kolkata,Vikram Sen,SME,Marketplace,41,198.02,3,No,,,Not Ready Yet
LEAD004327,2025-09-29,North,Delhi,Karan Malhotra,SME,Google Ads,67,596.99,2,Yes,2025-10-19,20,
LEAD004328,2025-09-29,North,Jaipur,Aarav Sharma,Individual,Walk-in,61,44.87,4,Yes,2025-10-01,2,
LEAD004329,2025-09-29,West,Ahmedabad,Meera Joshi,Individual,Organic Search,45,95.94,4,No,,,Competitor Chosen
LEAD004330,2025-09-30,North,Jaipur,Karan Malhotra,Individual,Referral,71,104.79,4,Yes,2025-10-02,2,
LEAD004331,2025-09-30,North,Delhi,Aarav Sharma,Corporate,Corporate Outreach,52,242.79,5,Yes,2025-11-06,37,
LEAD004332,2025-09-30,West,Ahmedabad,Rohan Mehta,Individual,Marketplace,53,187.00,2,Yes,2025-10-07,7,
LEAD004333,2025-09-30,South,Hyderabad,Arjun Nair,Corporate,Corporate Outreach,73,277.53,6,No,,,Budget Delayed
LEAD004334,2025-10-01,North,Jaipur,Priya Verma,Individual,Paid Social,54,414.68,4,Yes,2025-10-23,22,
LEAD004335,2025-10-01,South,Hyderabad,Arjun Nair,Individual,Paid Social,47,472.49,1,No,,,No Response
LEAD004336,2025-10-01,North,Lucknow,Aarav Sharma,Individual,Organic Search,67,100.10,5,No,,,Budget Delayed
LEAD004337,2025-10-01,East,Kolkata,Vikram Sen,SME,Organic Search,83,96.32,5,No,,,Not Ready Yet
LEAD004338,2025-10-01,West,Ahmedabad,Dev Patel,Individual,Organic Search,44,93.13,4,Yes,2025-10-17,16,
LEAD004339,2025-10-01,East,Guwahati,Vikram Sen,SME,Organic Search,53,81.35,4,No,,,Price Too High
LEAD004340,2025-10-02,North,Delhi,Aarav Sharma,Individual,Google Ads,53,621.28,3,Yes,2025-10-22,20,
LEAD004341,2025-10-02,West,Pune,Rohan Mehta,Individual,Marketplace,27,210.17,3,Yes,2025-10-08,6,
LEAD004342,2025-10-02,South,Hyderabad,Arjun Nair,Individual,Marketplace,60,202.31,6,No,,,Price Too High
LEAD004343,2025-10-02,South,Hyderabad,Sneha Rao,Corporate,Google Ads,56,641.89,3,Yes,2025-11-08,37,
LEAD004344,2025-10-02,East,Kolkata,Vikram Sen,Individual,Marketplace,76,175.47,2,No,,,No Response
LEAD004345,2025-10-02,West,Mumbai,Dev Patel,Individual,Google Ads,40,555.58,2,Yes,2025-10-25,23,
LEAD004346,2025-10-02,North,Delhi,Karan Malhotra,Individual,Walk-in,57,54.17,1,Yes,2025-10-06,4,
LEAD004347,2025-10-03,West,Pune,Dev Patel,SME,Paid Social,42,437.05,4,Yes,2025-10-28,25,
LEAD004348,2025-10-03,West,Mumbai,Rohan Mehta,Individual,Walk-in,87,42.97,2,Yes,2025-10-10,7,
LEAD004349,2025-10-03,South,Hyderabad,Arjun Nair,SME,Marketplace,40,215.39,4,Yes,2025-10-06,3,
LEAD004350,2025-10-03,West,Pune,Rohan Mehta,SME,Walk-in,65,44.35,4,Yes,2025-10-15,12,
LEAD004351,2025-10-03,West,Ahmedabad,Dev Patel,Individual,Google Ads,64,696.13,3,No,,,Budget Delayed
LEAD004352,2025-10-03,West,Pune,Rohan Mehta,Individual,Walk-in,46,45.46,3,Yes,2025-10-05,2,
LEAD004353,2025-10-03,North,Jaipur,Karan Malhotra,Individual,Walk-in,29,54.15,2,No,,,Not Ready Yet
LEAD004354,2025-10-03,South,Chennai,Arjun Nair,Corporate,Corporate Outreach,54,279.97,6,No,,,No Response
LEAD004355,2025-10-03,West,Pune,Meera Joshi,Corporate,Referral,59,103.00,6,Yes,2025-10-12,9,
LEAD004356,2025-10-04,South,Chennai,Sneha Rao,Individual,Google Ads,68,694.24,5,No,,,No Response
LEAD004357,2025-10-04,North,Lucknow,Aarav Sharma,Corporate,Corporate Outreach,70,267.33,6,No,,,Price Too High
LEAD004358,2025-10-04,West,Ahmedabad,Rohan Mehta,SME,Referral,64,129.73,4,No,,,Budget Delayed
LEAD004359,2025-10-04,South,Bengaluru,Isha Reddy,Individual,Organic Search,60,81.95,5,No,,,Price Too High
LEAD004360,2025-10-04,South,Hyderabad,Arjun Nair,Individual,Referral,55,136.95,6,No,,,No Response
LEAD004361,2025-10-04,North,Delhi,Aarav Sharma,Individual,Organic Search,57,86.05,2,No,,,Price Too High
LEAD004362,2025-10-04,South,Bengaluru,Sneha Rao,Individual,Paid Social,34,439.91,4,No,,,No Response
LEAD004363,2025-10-04,North,Delhi,Karan Malhotra,Individual,Referral,97,106.35,2,Yes,2025-10-14,10,
LEAD004364,2025-10-04,South,Bengaluru,Isha Reddy,Corporate,Corporate Outreach,62,286.57,6,Yes,2025-10-13,9,
LEAD004365,2025-10-04,North,Delhi,Aarav Sharma,Individual,Paid Social,54,384.34,4,No,,,Competitor Chosen
LEAD004366,2025-10-04,South,Hyderabad,Isha Reddy,Individual,Referral,67,135.63,2,Yes,2025-10-18,14,
LEAD004367,2025-10-04,South,Chennai,Arjun Nair,SME,Walk-in,68,47.60,4,Yes,2025-10-05,1,
LEAD004368,2025-10-04,South,Hyderabad,Arjun Nair,Corporate,Corporate Outreach,65,298.58,4,Yes,2025-10-23,19,
LEAD004369,2025-10-05,West,Pune,Rohan Mehta,SME,Walk-in,65,50.09,3,No,,,Not Ready Yet
LEAD004370,2025-10-05,North,Lucknow,Karan Malhotra,SME,Organic Search,34,95.14,6,No,,,Budget Delayed
LEAD004371,2025-10-05,South,Chennai,Arjun Nair,SME,Google Ads,54,617.87,3,Yes,2025-10-25,20,
LEAD004372,2025-10-05,West,Ahmedabad,Dev Patel,Individual,Walk-in,74,56.19,4,Yes,2025-10-11,6,
LEAD004373,2025-10-05,West,Pune,Rohan Mehta,Individual,Walk-in,45,44.77,3,Yes,2025-10-16,11,
LEAD004374,2025-10-05,North,Delhi,Karan Malhotra,Individual,Google Ads,77,624.97,4,Yes,2025-10-22,17,
LEAD004375,2025-10-05,South,Hyderabad,Isha Reddy,SME,Walk-in,55,56.50,4,Yes,2025-10-12,7,
LEAD004376,2025-10-05,East,Kolkata,Vikram Sen,SME,Google Ads,42,662.96,2,No,,,Not Ready Yet
LEAD004377,2025-10-05,North,Jaipur,Karan Malhotra,SME,Walk-in,55,55.50,2,Yes,2025-10-19,14,
LEAD004378,2025-10-05,West,Pune,Meera Joshi,SME,Referral,30,114.92,1,No,,,Price Too High
LEAD004379,2025-10-05,West,Pune,Meera Joshi,SME,Organic Search,82,79.79,3,Yes,2025-10-21,16,
LEAD004380,2025-10-05,North,Delhi,Karan Malhotra,Individual,Organic Search,57,79.86,2,Yes,2025-10-25,20,
LEAD004381,2025-10-06,North,Delhi,Priya Verma,Individual,Paid Social,65,488.17,1,No,,,Price Too High
LEAD004382,2025-10-06,East,Kolkata,Kavya Roy,Individual,Referral,54,130.20,3,Yes,2025-10-07,1,
LEAD004383,2025-10-06,North,Lucknow,Aarav Sharma,Individual,Organic Search,66,94.68,2,Yes,2025-10-16,10,
LEAD004384,2025-10-06,North,Delhi,Aarav Sharma,SME,Organic Search,52,87.86,2,No,,,Not Ready Yet
LEAD004385,2025-10-07,West,Pune,Meera Joshi,Individual,Organic Search,52,94.25,4,Yes,2025-10-16,9,
LEAD004386,2025-10-07,South,Bengaluru,Isha Reddy,Individual,Marketplace,41,182.90,1,No,,,Budget Delayed
LEAD004387,2025-10-07,South,Chennai,Isha Reddy,Individual,Walk-in,46,46.87,3,Yes,2025-10-13,6,
LEAD004388,2025-10-07,West,Ahmedabad,Rohan Mehta,Individual,Walk-in,85,53.85,4,Yes,2025-10-13,6,
LEAD004389,2025-10-07,South,Bengaluru,Sneha Rao,Individual,Walk-in,70,53.24,1,Yes,2025-10-19,12,
LEAD004390,2025-10-07,South,Hyderabad,Sneha Rao,Individual,Google Ads,70,553.90,2,Yes,2025-10-19,12,
LEAD004391,2025-10-07,South,Hyderabad,Arjun Nair,Individual,Organic Search,80,90.42,2,No,,,Budget Delayed
LEAD004392,2025-10-07,West,Pune,Meera Joshi,Individual,Referral,48,109.16,3,No,,,Not Ready Yet
LEAD004393,2025-10-07,North,Jaipur,Priya Verma,SME,Marketplace,82,198.45,1,Yes,2025-10-12,5,
LEAD004394,2025-10-08,West,Pune,Dev Patel,SME,Google Ads,52,601.66,1,Yes,2025-10-16,8,
LEAD004395,2025-10-08,North,Delhi,Priya Verma,Individual,Walk-in,75,53.52,4,Yes,2025-10-14,6,
LEAD004396,2025-10-08,West,Pune,Meera Joshi,Individual,Organic Search,42,99.89,2,No,,,Budget Delayed
LEAD004397,2025-10-08,North,Jaipur,Priya Verma,Individual,Organic Search,41,95.72,3,Yes,2025-10-26,18,
LEAD004398,2025-10-08,West,Ahmedabad,Meera Joshi,Individual,Google Ads,72,552.29,2,Yes,2025-11-02,25,
LEAD004399,2025-10-08,South,Bengaluru,Arjun Nair,SME,Walk-in,57,45.43,3,Yes,2025-10-19,11,
LEAD004400,2025-10-08,West,Mumbai,Rohan Mehta,Individual,Walk-in,67,55.73,1,Yes,2025-10-09,1,
LEAD004401,2025-10-08,West,Pune,Rohan Mehta,SME,Referral,58,127.59,1,No,,,Competitor Chosen
LEAD004402,2025-10-08,South,Hyderabad,Arjun Nair,Individual,Organic Search,64,102.25,1,Yes,2025-10-17,9,
LEAD004403,2025-10-08,West,Ahmedabad,Rohan Mehta,Individual,Google Ads,72,611.93,3,Yes,2025-11-02,25,
LEAD004404,2025-10-08,South,Bengaluru,Sneha Rao,Corporate,Corporate Outreach,68,248.51,6,Yes,2025-11-05,28,
LEAD004405,2025-10-08,West,Mumbai,Rohan Mehta,Individual,Referral,59,133.40,4,Yes,2025-10-21,13,
LEAD004406,2025-10-08,West,Ahmedabad,Meera Joshi,Corporate,Corporate Outreach,51,285.83,3,Yes,2025-11-14,37,
LEAD004407,2025-10-08,North,Delhi,Karan Malhotra,Corporate,Organic Search,50,93.15,3,Yes,2025-11-07,30,
LEAD004408,2025-10-08,East,Kolkata,Neha Das,Individual,Marketplace,43,211.51,3,No,,,No Response
LEAD004409,2025-10-08,South,Hyderabad,Arjun Nair,Individual,Organic Search,61,87.66,2,Yes,2025-10-27,19,
LEAD004410,2025-10-09,West,Ahmedabad,Rohan Mehta,Individual,Google Ads,63,579.68,2,Yes,2025-10-17,8,
LEAD004411,2025-10-09,North,Jaipur,Karan Malhotra,Individual,Referral,52,117.40,3,Yes,2025-10-21,12,
LEAD004412,2025-10-09,West,Pune,Dev Patel,Individual,Paid Social,52,492.00,4,No,,,Price Too High
LEAD004413,2025-10-09,South,Bengaluru,Sneha Rao,SME,Corporate Outreach,22,313.59,3,No,,,Budget Delayed
LEAD004414,2025-10-09,West,Mumbai,Rohan Mehta,Individual,Organic Search,55,91.23,4,No,,,No Response
LEAD004415,2025-10-09,South,Bengaluru,Arjun Nair,Individual,Marketplace,54,188.82,3,Yes,2025-10-14,5,
LEAD004416,2025-10-09,West,Mumbai,Rohan Mehta,Individual,Walk-in,48,46.45,2,Yes,2025-10-18,9,
LEAD004417,2025-10-09,South,Bengaluru,Arjun Nair,SME,Marketplace,74,185.53,5,No,,,Not Ready Yet
LEAD004418,2025-10-09,West,Pune,Rohan Mehta,Corporate,Organic Search,76,99.91,4,No,,,Competitor Chosen
LEAD004419,2025-10-09,East,Kolkata,Neha Das,Individual,Referral,53,109.31,3,Yes,2025-10-23,14,
LEAD004420,2025-10-09,West,Mumbai,Rohan Mehta,Individual,Marketplace,61,199.76,2,Yes,2025-10-10,1,
LEAD004421,2025-10-09,East,Kolkata,Kavya Roy,Individual,Walk-in,40,53.45,4,No,,,Price Too High
LEAD004422,2025-10-10,North,Lucknow,Aarav Sharma,Individual,Referral,64,134.44,3,Yes,2025-10-17,7,
LEAD004423,2025-10-10,South,Bengaluru,Isha Reddy,Corporate,Corporate Outreach,62,284.13,5,No,,,No Response
LEAD004424,2025-10-10,East,Kolkata,Kavya Roy,Individual,Referral,48,122.92,3,No,,,No Response
LEAD004425,2025-10-10,North,Delhi,Karan Malhotra,Individual,Marketplace,47,214.57,1,Yes,2025-10-24,14,
LEAD004426,2025-10-10,South,Chennai,Sneha Rao,SME,Walk-in,50,42.81,1,Yes,2025-10-16,6,
LEAD004427,2025-10-10,South,Chennai,Isha Reddy,SME,Corporate Outreach,82,309.96,4,No,,,No Response
LEAD004428,2025-10-10,West,Pune,Dev Patel,Individual,Google Ads,49,702.22,2,Yes,2025-10-19,9,
LEAD004429,2025-10-10,East,Kolkata,Kavya Roy,Individual,Organic Search,54,77.56,2,Yes,2025-10-20,10,
LEAD004430,2025-10-10,West,Pune,Rohan Mehta,Corporate,Corporate Outreach,65,269.38,5,Yes,2025-11-05,26,
LEAD004431,2025-10-11,West,Mumbai,Dev Patel,SME,Paid Social,35,386.73,6,No,,,Competitor Chosen
LEAD004432,2025-10-11,South,Hyderabad,Arjun Nair,SME,Google Ads,18,539.99,5,No,,,No Response
LEAD004433,2025-10-11,South,Hyderabad,Arjun Nair,Individual,Organic Search,91,87.41,3,Yes,2025-10-22,11,
LEAD004434,2025-10-11,North,Delhi,Aarav Sharma,Corporate,Corporate Outreach,46,290.66,6,No,,,Not Ready Yet
LEAD004435,2025-10-11,South,Bengaluru,Isha Reddy,Individual,Paid Social,60,483.18,2,No,,,Not Ready Yet
LEAD004436,2025-10-11,North,Lucknow,Karan Malhotra,Corporate,Corporate Outreach,49,261.49,1,No,,,Not Ready Yet
LEAD004437,2025-10-11,East,Kolkata,Vikram Sen,Individual,Google Ads,78,582.60,2,No,,,Price Too High
LEAD004438,2025-10-12,South,Bengaluru,Arjun Nair,SME,Paid Social,35,477.87,5,No,,,Not Ready Yet
LEAD004439,2025-10-12,West,Ahmedabad,Meera Joshi,SME,Paid Social,66,489.57,3,No,,,Budget Delayed
LEAD004440,2025-10-12,South,Bengaluru,Sneha Rao,SME,Referral,48,104.91,2,Yes,2025-10-17,5,
LEAD004441,2025-10-12,West,Mumbai,Meera Joshi,SME,Corporate Outreach,56,250.08,2,No,,,Price Too High
LEAD004442,2025-10-12,South,Hyderabad,Isha Reddy,Corporate,Referral,48,127.17,5,No,,,Not Ready Yet
LEAD004443,2025-10-12,East,Kolkata,Kavya Roy,Individual,Organic Search,69,101.50,3,Yes,2025-10-27,15,
LEAD004444,2025-10-12,West,Pune,Dev Patel,Individual,Walk-in,65,48.08,2,No,,,No Response
LEAD004445,2025-10-12,South,Hyderabad,Isha Reddy,SME,Paid Social,61,450.09,2,No,,,Not Ready Yet
LEAD004446,2025-10-12,South,Bengaluru,Arjun Nair,SME,Referral,83,124.93,4,Yes,2025-10-25,13,
LEAD004447,2025-10-13,North,Delhi,Priya Verma,Individual,Paid Social,59,487.92,3,Yes,2025-10-29,16,
LEAD004448,2025-10-13,North,Lucknow,Aarav Sharma,Individual,Paid Social,63,466.52,1,No,,,No Response
LEAD004449,2025-10-13,North,Lucknow,Priya Verma,SME,Google Ads,39,663.26,4,No,,,Competitor Chosen
LEAD004450,2025-10-13,South,Hyderabad,Isha Reddy,Individual,Google Ads,45,565.97,6,No,,,Price Too High
LEAD004451,2025-10-13,South,Bengaluru,Isha Reddy,SME,Paid Social,31,492.99,3,No,,,No Response
LEAD004452,2025-10-13,South,Hyderabad,Arjun Nair,Individual,Referral,69,122.88,3,No,,,Price Too High
LEAD004453,2025-10-13,North,Lucknow,Priya Verma,Individual,Marketplace,64,162.59,3,Yes,2025-10-21,8,
LEAD004454,2025-10-13,North,Delhi,Priya Verma,Individual,Google Ads,63,633.39,6,No,,,Budget Delayed
LEAD004455,2025-10-13,South,Bengaluru,Isha Reddy,Individual,Paid Social,73,388.37,4,Yes,2025-10-28,15,
LEAD004456,2025-10-14,South,Bengaluru,Arjun Nair,Individual,Organic Search,72,89.49,1,Yes,2025-11-06,23,
LEAD004457,2025-10-14,North,Delhi,Priya Verma,Individual,Walk-in,53,52.33,4,Yes,2025-10-16,2,
LEAD004458,2025-10-14,North,Jaipur,Priya Verma,Individual,Referral,43,129.21,2,Yes,2025-10-27,13,
LEAD004459,2025-10-14,South,Bengaluru,Isha Reddy,Individual,Organic Search,43,87.26,5,No,,,Competitor Chosen
LEAD004460,2025-10-14,South,Hyderabad,Arjun Nair,Individual,Marketplace,63,216.61,4,Yes,2025-10-28,14,
LEAD004461,2025-10-14,North,Lucknow,Priya Verma,Individual,Organic Search,49,93.56,5,No,,,Budget Delayed
LEAD004462,2025-10-14,North,Jaipur,Priya Verma,Individual,Referral,81,115.57,1,Yes,2025-10-24,10,
LEAD004463,2025-10-14,West,Ahmedabad,Dev Patel,Individual,Referral,97,104.07,3,Yes,2025-10-28,14,
LEAD004464,2025-10-14,West,Mumbai,Dev Patel,Individual,Referral,51,134.34,1,Yes,2025-10-23,9,
LEAD004465,2025-10-14,West,Pune,Dev Patel,Corporate,Organic Search,42,92.75,6,No,,,Price Too High
LEAD004466,2025-10-14,North,Lucknow,Karan Malhotra,Individual,Referral,62,109.82,2,Yes,2025-10-21,7,
LEAD004467,2025-10-14,West,Pune,Meera Joshi,Individual,Paid Social,61,396.67,2,Yes,2025-11-07,24,
LEAD004468,2025-10-14,North,Jaipur,Priya Verma,Individual,Google Ads,56,672.07,3,Yes,2025-11-02,19,
LEAD004469,2025-10-15,North,Jaipur,Priya Verma,SME,Organic Search,66,81.43,4,Yes,2025-10-28,13,
LEAD004470,2025-10-15,West,Ahmedabad,Dev Patel,Individual,Paid Social,62,369.95,3,Yes,2025-10-29,14,
LEAD004471,2025-10-15,West,Pune,Dev Patel,Individual,Walk-in,34,42.91,1,Yes,2025-10-28,13,
LEAD004472,2025-10-15,South,Hyderabad,Isha Reddy,Individual,Marketplace,56,201.24,5,No,,,Price Too High
LEAD004473,2025-10-15,North,Lucknow,Priya Verma,Individual,Marketplace,68,204.12,4,Yes,2025-10-24,9,
LEAD004474,2025-10-15,West,Pune,Meera Joshi,Individual,Walk-in,62,48.23,3,No,,,Price Too High
LEAD004475,2025-10-15,West,Pune,Rohan Mehta,SME,Referral,62,107.38,2,Yes,2025-10-23,8,
LEAD004476,2025-10-15,North,Delhi,Priya Verma,SME,Organic Search,38,77.42,2,No,,,Price Too High
LEAD004477,2025-10-16,North,Delhi,Priya Verma,SME,Marketplace,68,205.05,4,Yes,2025-10-30,14,
LEAD004478,2025-10-16,South,Chennai,Sneha Rao,SME,Walk-in,44,46.10,1,No,,,No Response
LEAD004479,2025-10-16,West,Pune,Dev Patel,Individual,Marketplace,27,181.00,4,Yes,2025-10-17,1,
LEAD004480,2025-10-16,North,Delhi,Karan Malhotra,SME,Corporate Outreach,54,312.31,3,No,,,No Response
LEAD004481,2025-10-16,West,Pune,Dev Patel,SME,Organic Search,65,81.43,3,Yes,2025-10-31,15,
LEAD004482,2025-10-16,North,Delhi,Karan Malhotra,Corporate,Walk-in,67,51.83,2,Yes,2025-10-29,13,
LEAD004483,2025-10-16,South,Hyderabad,Isha Reddy,Individual,Paid Social,43,406.37,2,No,,,Competitor Chosen
LEAD004484,2025-10-16,South,Hyderabad,Sneha Rao,Individual,Google Ads,54,658.76,4,No,,,Competitor Chosen
LEAD004485,2025-10-16,North,Delhi,Aarav Sharma,Individual,Organic Search,63,77.61,3,Yes,2025-11-02,17,
LEAD004486,2025-10-16,South,Hyderabad,Sneha Rao,Individual,Organic Search,31,98.99,2,Yes,2025-10-30,14,
LEAD004487,2025-10-17,North,Delhi,Aarav Sharma,Individual,Marketplace,64,190.30,5,No,,,No Response
LEAD004488,2025-10-17,East,Kolkata,Kavya Roy,Individual,Google Ads,39,535.80,1,No,,,No Response
LEAD004489,2025-10-17,West,Mumbai,Rohan Mehta,SME,Referral,75,128.79,3,Yes,2025-10-29,12,
LEAD004490,2025-10-17,West,Pune,Meera Joshi,Individual,Paid Social,65,367.49,3,No,,,No Response
LEAD004491,2025-10-17,South,Hyderabad,Arjun Nair,Individual,Google Ads,81,536.57,6,No,,,Budget Delayed
LEAD004492,2025-10-17,East,Kolkata,Neha Das,Individual,Paid Social,63,369.04,4,No,,,Price Too High
LEAD004493,2025-10-17,South,Chennai,Arjun Nair,Individual,Organic Search,50,99.69,1,No,,,No Response
LEAD004494,2025-10-17,North,Lucknow,Karan Malhotra,SME,Google Ads,47,596.75,4,No,,,No Response
LEAD004495,2025-10-17,West,Ahmedabad,Meera Joshi,Individual,Google Ads,75,606.65,4,Yes,2025-10-30,13,
LEAD004496,2025-10-17,West,Ahmedabad,Rohan Mehta,SME,Referral,68,135.36,1,Yes,2025-10-21,4,
LEAD004497,2025-10-17,West,Mumbai,Meera Joshi,Individual,Paid Social,33,467.51,2,No,,,Price Too High
LEAD004498,2025-10-17,South,Chennai,Arjun Nair,SME,Organic Search,45,87.91,4,Yes,2025-10-23,6,
LEAD004499,2025-10-17,South,Hyderabad,Arjun Nair,Individual,Referral,66,106.71,1,Yes,2025-10-28,11,
LEAD004500,2025-10-18,South,Chennai,Sneha Rao,Individual,Paid Social,59,393.78,5,No,,,Price Too High
LEAD004501,2025-10-18,South,Bengaluru,Isha Reddy,SME,Referral,75,135.17,2,No,,,No Response
LEAD004502,2025-10-18,South,Bengaluru,Arjun Nair,Individual,Organic Search,64,93.59,5,No,,,No Response
LEAD004503,2025-10-18,South,Hyderabad,Arjun Nair,Corporate,Google Ads,38,534.58,5,Yes,2025-11-16,29,
LEAD004504,2025-10-18,North,Delhi,Karan Malhotra,Individual,Google Ads,73,587.94,2,No,,,Competitor Chosen
LEAD004505,2025-10-18,South,Chennai,Sneha Rao,Corporate,Google Ads,55,588.94,6,No,,,Budget Delayed
LEAD004506,2025-10-19,West,Pune,Rohan Mehta,Corporate,Corporate Outreach,80,290.01,6,No,,,Budget Delayed
LEAD004507,2025-10-19,South,Bengaluru,Arjun Nair,SME,Corporate Outreach,63,308.56,6,No,,,Not Ready Yet
LEAD004508,2025-10-19,East,Kolkata,Neha Das,Individual,Referral,60,118.35,1,Yes,2025-10-24,5,
LEAD004509,2025-10-19,North,Lucknow,Priya Verma,Corporate,Corporate Outreach,67,309.96,3,Yes,2025-11-19,31,
LEAD004510,2025-10-19,West,Mumbai,Dev Patel,Individual,Organic Search,69,86.24,4,No,,,No Response
LEAD004511,2025-10-19,South,Hyderabad,Isha Reddy,Individual,Referral,60,122.20,2,No,,,Not Ready Yet
LEAD004512,2025-10-19,South,Bengaluru,Arjun Nair,Individual,Google Ads,91,624.93,5,No,,,Competitor Chosen
LEAD004513,2025-10-20,West,Mumbai,Rohan Mehta,Individual,Google Ads,60,565.43,6,No,,,No Response
LEAD004514,2025-10-20,North,Delhi,Karan Malhotra,Individual,Referral,79,131.35,1,Yes,2025-10-27,7,
LEAD004515,2025-10-20,East,Guwahati,Vikram Sen,Individual,Google Ads,62,609.88,5,No,,,Budget Delayed
LEAD004516,2025-10-20,South,Bengaluru,Isha Reddy,SME,Marketplace,69,196.28,1,Yes,2025-10-27,7,
LEAD004517,2025-10-20,East,Kolkata,Vikram Sen,SME,Google Ads,36,549.34,3,No,,,Competitor Chosen
LEAD004518,2025-10-20,South,Chennai,Isha Reddy,Individual,Paid Social,46,423.16,3,Yes,2025-11-05,16,
LEAD004519,2025-10-20,North,Delhi,Karan Malhotra,Individual,Paid Social,31,441.58,3,No,,,No Response
LEAD004520,2025-10-20,South,Bengaluru,Sneha Rao,Individual,Google Ads,69,550.12,3,Yes,2025-10-26,6,
LEAD004521,2025-10-20,West,Pune,Meera Joshi,Individual,Organic Search,75,90.37,2,Yes,2025-11-02,13,
LEAD004522,2025-10-20,West,Mumbai,Meera Joshi,Individual,Marketplace,44,164.23,1,No,,,Competitor Chosen
LEAD004523,2025-10-20,South,Chennai,Arjun Nair,Individual,Organic Search,54,99.27,3,Yes,2025-11-13,24,
LEAD004524,2025-10-20,North,Lucknow,Priya Verma,Individual,Google Ads,67,702.79,1,No,,,No Response
LEAD004525,2025-10-20,East,Kolkata,Neha Das,Individual,Paid Social,67,391.51,1,Yes,2025-11-10,21,
LEAD004526,2025-10-21,North,Jaipur,Aarav Sharma,Individual,Organic Search,46,93.84,4,Yes,2025-11-03,13,
LEAD004527,2025-10-21,South,Bengaluru,Arjun Nair,Individual,Paid Social,69,465.45,3,No,,,No Response
LEAD004528,2025-10-21,West,Ahmedabad,Meera Joshi,Individual,Marketplace,69,185.80,4,Yes,2025-10-31,10,
LEAD004529,2025-10-21,North,Lucknow,Aarav Sharma,Individual,Google Ads,27,553.03,5,No,,,No Response
LEAD004530,2025-10-21,West,Mumbai,Rohan Mehta,Individual,Organic Search,54,76.97,1,No,,,No Response
LEAD004531,2025-10-21,West,Ahmedabad,Meera Joshi,Individual,Organic Search,59,96.04,3,No,,,No Response
LEAD004532,2025-10-21,South,Hyderabad,Isha Reddy,Individual,Paid Social,53,388.38,1,Yes,2025-10-24,3,
LEAD004533,2025-10-21,South,Hyderabad,Isha Reddy,Corporate,Organic Search,49,93.05,2,No,,,Budget Delayed
LEAD004534,2025-10-21,West,Mumbai,Rohan Mehta,Individual,Referral,68,111.37,3,No,,,Competitor Chosen
LEAD004535,2025-10-21,North,Delhi,Aarav Sharma,Individual,Walk-in,50,55.42,3,Yes,2025-10-22,1,
LEAD004536,2025-10-21,East,Bhubaneswar,Vikram Sen,SME,Marketplace,46,207.63,3,Yes,2025-11-01,11,
LEAD004537,2025-10-22,South,Bengaluru,Arjun Nair,Individual,Google Ads,61,613.87,6,No,,,No Response
LEAD004538,2025-10-22,East,Bhubaneswar,Vikram Sen,Individual,Referral,67,112.47,4,Yes,2025-11-05,14,
LEAD004539,2025-10-22,South,Hyderabad,Sneha Rao,Individual,Paid Social,32,484.72,2,No,,,Competitor Chosen
LEAD004540,2025-10-22,East,Kolkata,Vikram Sen,Individual,Organic Search,69,81.02,5,No,,,Competitor Chosen
LEAD004541,2025-10-22,West,Mumbai,Meera Joshi,Individual,Referral,46,134.57,3,No,,,No Response
LEAD004542,2025-10-22,West,Mumbai,Rohan Mehta,Individual,Google Ads,53,642.82,2,No,,,Competitor Chosen
LEAD004543,2025-10-22,West,Mumbai,Meera Joshi,Individual,Paid Social,56,421.70,6,No,,,No Response
LEAD004544,2025-10-22,West,Pune,Meera Joshi,Individual,Walk-in,40,43.67,1,Yes,2025-10-24,2,
LEAD004545,2025-10-22,North,Delhi,Aarav Sharma,Individual,Marketplace,75,206.25,6,No,,,Budget Delayed
LEAD004546,2025-10-22,North,Delhi,Karan Malhotra,Individual,Walk-in,54,53.82,3,Yes,2025-11-02,11,
LEAD004547,2025-10-22,West,Pune,Dev Patel,SME,Google Ads,41,594.34,2,Yes,2025-11-15,24,
LEAD004548,2025-10-22,West,Mumbai,Rohan Mehta,Individual,Organic Search,66,81.17,3,Yes,2025-10-31,9,
LEAD004549,2025-10-22,North,Delhi,Aarav Sharma,Individual,Google Ads,31,707.82,2,Yes,2025-11-06,15,
LEAD004550,2025-10-22,North,Delhi,Priya Verma,Individual,Google Ads,82,650.59,1,No,,,Competitor Chosen
LEAD004551,2025-10-22,North,Lucknow,Aarav Sharma,Individual,Marketplace,55,171.70,1,Yes,2025-10-28,6,
LEAD004552,2025-10-23,South,Hyderabad,Isha Reddy,Individual,Organic Search,47,102.86,3,No,,,Price Too High
LEAD004553,2025-10-23,East,Kolkata,Vikram Sen,Individual,Paid Social,60,426.75,3,No,,,Price Too High
LEAD004554,2025-10-23,West,Mumbai,Meera Joshi,Individual,Referral,65,119.77,4,Yes,2025-11-06,14,
LEAD004555,2025-10-23,West,Mumbai,Rohan Mehta,Individual,Referral,66,108.70,3,Yes,2025-11-01,9,
LEAD004556,2025-10-23,East,Bhubaneswar,Neha Das,Individual,Google Ads,51,565.62,1,Yes,2025-11-13,21,
LEAD004557,2025-10-23,South,Chennai,Isha Reddy,Individual,Organic Search,78,83.18,4,Yes,2025-11-12,20,
LEAD004558,2025-10-23,North,Jaipur,Priya Verma,Individual,Google Ads,37,608.29,5,No,,,Budget Delayed
LEAD004559,2025-10-23,South,Hyderabad,Sneha Rao,SME,Corporate Outreach,52,290.29,5,No,,,Price Too High
LEAD004560,2025-10-23,South,Hyderabad,Isha Reddy,Individual,Organic Search,68,91.64,1,No,,,No Response
LEAD004561,2025-10-24,West,Pune,Meera Joshi,Individual,Referral,69,133.93,1,Yes,2025-11-03,10,
LEAD004562,2025-10-24,South,Bengaluru,Isha Reddy,Individual,Google Ads,75,638.34,1,Yes,2025-11-16,23,
LEAD004563,2025-10-24,South,Bengaluru,Arjun Nair,Individual,Google Ads,24,694.15,4,No,,,Not Ready Yet
LEAD004564,2025-10-24,East,Kolkata,Vikram Sen,Individual,Marketplace,59,184.78,4,Yes,2025-11-02,9,
LEAD004565,2025-10-24,West,Pune,Dev Patel,Individual,Paid Social,52,373.16,1,Yes,2025-10-31,7,
LEAD004566,2025-10-24,South,Hyderabad,Sneha Rao,Individual,Referral,55,135.66,2,No,,,Budget Delayed
LEAD004567,2025-10-24,South,Chennai,Arjun Nair,SME,Organic Search,49,94.87,2,Yes,2025-10-27,3,
LEAD004568,2025-10-24,East,Bhubaneswar,Neha Das,Individual,Paid Social,66,440.09,6,No,,,Competitor Chosen
LEAD004569,2025-10-25,West,Mumbai,Meera Joshi,Individual,Marketplace,66,167.19,2,Yes,2025-10-28,3,
LEAD004570,2025-10-25,West,Ahmedabad,Rohan Mehta,SME,Organic Search,48,87.96,5,No,,,No Response
LEAD004571,2025-10-25,South,Chennai,Isha Reddy,SME,Organic Search,69,98.86,6,No,,,Budget Delayed
LEAD004572,2025-10-25,South,Bengaluru,Arjun Nair,SME,Google Ads,61,529.65,3,Yes,2025-10-28,3,
LEAD004573,2025-10-25,North,Delhi,Priya Verma,Individual,Google Ads,68,574.37,4,Yes,2025-11-03,9,
LEAD004574,2025-10-25,East,Kolkata,Neha Das,Individual,Organic Search,75,92.02,6,No,,,Price Too High
LEAD004575,2025-10-25,South,Bengaluru,Sneha Rao,Individual,Referral,78,118.33,1,Yes,2025-11-03,9,
LEAD004576,2025-10-25,South,Bengaluru,Arjun Nair,Individual,Marketplace,59,184.31,6,No,,,Budget Delayed
LEAD004577,2025-10-25,South,Chennai,Sneha Rao,Individual,Walk-in,75,50.72,1,Yes,2025-11-04,10,
LEAD004578,2025-10-25,West,Mumbai,Meera Joshi,SME,Marketplace,57,205.92,2,Yes,2025-10-30,5,
LEAD004579,2025-10-25,West,Pune,Meera Joshi,Individual,Organic Search,59,83.16,5,No,,,No Response
LEAD004580,2025-10-25,South,Bengaluru,Isha Reddy,Individual,Organic Search,41,79.67,6,No,,,Price Too High
LEAD004581,2025-10-25,North,Jaipur,Priya Verma,SME,Google Ads,57,613.99,2,Yes,2025-11-05,11,
LEAD004582,2025-10-25,West,Mumbai,Meera Joshi,Individual,Google Ads,57,533.60,2,Yes,2025-11-11,17,
LEAD004583,2025-10-25,North,Delhi,Aarav Sharma,Individual,Organic Search,67,88.52,3,Yes,2025-11-09,15,
LEAD004584,2025-10-26,North,Lucknow,Aarav Sharma,Corporate,Corporate Outreach,48,272.82,3,No,,,Price Too High
LEAD004585,2025-10-26,North,Delhi,Karan Malhotra,SME,Walk-in,66,47.04,3,Yes,2025-10-28,2,
LEAD004586,2025-10-26,North,Jaipur,Karan Malhotra,Individual,Organic Search,70,79.67,3,No,,,Competitor Chosen
LEAD004587,2025-10-26,North,Lucknow,Karan Malhotra,Individual,Marketplace,53,185.37,3,Yes,2025-11-02,7,
LEAD004588,2025-10-26,East,Kolkata,Vikram Sen,SME,Google Ads,42,566.53,2,Yes,2025-11-13,18,
LEAD004589,2025-10-26,East,Bhubaneswar,Neha Das,Individual,Google Ads,67,659.44,2,Yes,2025-11-16,21,
LEAD004590,2025-10-26,South,Hyderabad,Arjun Nair,Individual,Paid Social,74,380.89,2,No,,,No Response
LEAD004591,2025-10-26,South,Bengaluru,Isha Reddy,Individual,Organic Search,52,85.23,1,Yes,2025-11-19,24,
LEAD004592,2025-10-27,North,Delhi,Priya Verma,Individual,Organic Search,60,87.30,3,No,,,Price Too High
LEAD004593,2025-10-27,North,Jaipur,Aarav Sharma,Individual,Paid Social,52,443.57,2,No,,,No Response
LEAD004594,2025-10-27,West,Ahmedabad,Meera Joshi,Corporate,Corporate Outreach,88,314.54,6,No,,,Price Too High
LEAD004595,2025-10-27,West,Ahmedabad,Dev Patel,Individual,Google Ads,46,607.63,4,No,,,Competitor Chosen
LEAD004596,2025-10-27,South,Hyderabad,Isha Reddy,SME,Organic Search,68,76.63,2,Yes,2025-11-11,15,
LEAD004597,2025-10-27,South,Chennai,Sneha Rao,Individual,Paid Social,56,470.22,5,No,,,Not Ready Yet
LEAD004598,2025-10-27,South,Bengaluru,Isha Reddy,Corporate,Referral,41,112.68,1,Yes,2025-11-28,32,
LEAD004599,2025-10-27,South,Hyderabad,Isha Reddy,Individual,Google Ads,42,675.10,1,Yes,2025-11-11,15,
LEAD004600,2025-10-27,West,Pune,Meera Joshi,Corporate,Corporate Outreach,61,311.98,5,Yes,2025-11-30,34,
LEAD004601,2025-10-27,South,Chennai,Arjun Nair,Individual,Referral,89,115.77,4,Yes,2025-11-06,10,
LEAD004602,2025-10-27,South,Hyderabad,Sneha Rao,Individual,Organic Search,69,77.74,4,No,,,No Response
LEAD004603,2025-10-27,West,Mumbai,Rohan Mehta,Individual,Organic Search,80,102.30,3,No,,,Budget Delayed
LEAD004604,2025-10-27,South,Chennai,Isha Reddy,Individual,Organic Search,65,98.95,1,Yes,2025-11-04,8,
LEAD004605,2025-10-28,South,Chennai,Isha Reddy,Individual,Marketplace,39,169.44,1,No,,,Competitor Chosen
LEAD004606,2025-10-28,South,Chennai,Sneha Rao,Individual,Organic Search,36,86.54,2,Yes,2025-11-05,8,
LEAD004607,2025-10-28,West,Mumbai,Dev Patel,Individual,Referral,87,124.32,6,No,,,Budget Delayed
LEAD004608,2025-10-28,West,Ahmedabad,Rohan Mehta,Individual,Referral,75,116.04,4,Yes,2025-11-05,8,
LEAD004609,2025-10-28,West,Pune,Rohan Mehta,Individual,Organic Search,46,85.38,4,Yes,2025-11-11,14,
LEAD004610,2025-10-28,West,Pune,Dev Patel,Individual,Paid Social,49,471.29,2,Yes,2025-11-11,14,
LEAD004611,2025-10-28,West,Mumbai,Dev Patel,Individual,Walk-in,40,53.05,1,No,,,Competitor Chosen
LEAD004612,2025-10-28,North,Delhi,Karan Malhotra,Individual,Organic Search,37,82.92,3,Yes,2025-10-30,2,
LEAD004613,2025-10-28,South,Hyderabad,Arjun Nair,SME,Referral,42,123.27,4,Yes,2025-11-08,11,
LEAD004614,2025-10-28,North,Delhi,Karan Malhotra,Individual,Organic Search,50,85.67,3,No,,,Competitor Chosen
LEAD004615,2025-10-28,South,Bengaluru,Sneha Rao,Individual,Walk-in,41,50.30,1,No,,,Price Too High
LEAD004616,2025-10-28,East,Bhubaneswar,Vikram Sen,SME,Paid Social,42,453.72,5,No,,,Price Too High
LEAD004617,2025-10-28,West,Mumbai,Rohan Mehta,Individual,Paid Social,38,395.51,6,No,,,Competitor Chosen
LEAD004618,2025-10-28,North,Delhi,Priya Verma,Individual,Marketplace,84,165.86,3,Yes,2025-11-09,12,
LEAD004619,2025-10-28,North,Delhi,Aarav Sharma,Individual,Marketplace,51,211.49,2,No,,,No Response
LEAD004620,2025-10-29,West,Pune,Rohan Mehta,SME,Google Ads,68,603.51,1,Yes,2025-11-02,4,
LEAD004621,2025-10-29,South,Bengaluru,Arjun Nair,Individual,Paid Social,55,467.71,1,Yes,2025-11-21,23,
LEAD004622,2025-10-29,North,Delhi,Aarav Sharma,SME,Walk-in,51,56.36,5,No,,,Budget Delayed
LEAD004623,2025-10-29,South,Hyderabad,Sneha Rao,SME,Referral,33,115.82,1,No,,,Price Too High
LEAD004624,2025-10-29,North,Lucknow,Priya Verma,Individual,Google Ads,52,621.91,4,No,,,No Response
LEAD004625,2025-10-29,North,Lucknow,Aarav Sharma,Individual,Walk-in,53,49.93,4,Yes,2025-10-31,2,
LEAD004626,2025-10-30,West,Mumbai,Meera Joshi,Individual,Paid Social,40,477.84,3,Yes,2025-11-17,18,
LEAD004627,2025-10-30,West,Pune,Meera Joshi,Corporate,Corporate Outreach,64,294.24,2,No,,,No Response
LEAD004628,2025-10-30,West,Mumbai,Rohan Mehta,Individual,Walk-in,50,57.37,3,No,,,No Response
LEAD004629,2025-10-30,East,Bhubaneswar,Vikram Sen,Corporate,Corporate Outreach,64,280.94,7,Yes,2025-11-26,27,
LEAD004630,2025-10-30,West,Ahmedabad,Rohan Mehta,SME,Google Ads,62,584.50,3,Yes,2025-11-09,10,
LEAD004631,2025-10-30,West,Pune,Dev Patel,Individual,Walk-in,48,53.91,1,Yes,2025-11-13,14,
LEAD004632,2025-10-30,East,Bhubaneswar,Neha Das,Individual,Walk-in,53,42.61,3,Yes,2025-11-04,5,
LEAD004633,2025-10-30,North,Jaipur,Aarav Sharma,Individual,Organic Search,61,76.61,4,No,,,Price Too High
LEAD004634,2025-10-31,South,Bengaluru,Isha Reddy,SME,Referral,66,130.66,3,Yes,2025-11-07,7,
LEAD004635,2025-10-31,West,Ahmedabad,Dev Patel,Corporate,Walk-in,50,44.08,5,Yes,2025-11-12,12,
LEAD004636,2025-10-31,West,Mumbai,Rohan Mehta,Individual,Google Ads,56,608.83,1,No,,,No Response
LEAD004637,2025-10-31,South,Bengaluru,Arjun Nair,Individual,Walk-in,60,42.88,2,Yes,2025-11-07,7,
LEAD004638,2025-10-31,East,Kolkata,Vikram Sen,Corporate,Walk-in,42,49.66,3,No,,,Not Ready Yet
LEAD004639,2025-10-31,South,Chennai,Sneha Rao,SME,Organic Search,36,83.06,4,Yes,2025-11-18,18,
LEAD004640,2025-10-31,West,Mumbai,Dev Patel,SME,Marketplace,66,190.78,3,Yes,2025-11-14,14,
LEAD004641,2025-10-31,North,Jaipur,Karan Malhotra,Individual,Walk-in,32,54.90,6,No,,,No Response
LEAD004642,2025-10-31,South,Chennai,Arjun Nair,Individual,Google Ads,61,653.59,6,No,,,No Response
LEAD004643,2025-10-31,West,Mumbai,Meera Joshi,Individual,Paid Social,54,370.53,2,Yes,2025-11-05,5,
LEAD004644,2025-10-31,West,Mumbai,Dev Patel,Individual,Referral,58,129.55,2,Yes,2025-11-13,13,
LEAD004645,2025-11-01,West,Pune,Dev Patel,SME,Marketplace,65,187.74,3,No,,,Price Too High
LEAD004646,2025-11-01,North,Delhi,Karan Malhotra,Corporate,Walk-in,51,54.87,7,Yes,2025-12-01,30,
LEAD004647,2025-11-01,South,Hyderabad,Arjun Nair,Individual,Walk-in,42,50.25,6,No,,,Competitor Chosen
LEAD004648,2025-11-01,East,Bhubaneswar,Neha Das,Individual,Marketplace,66,192.29,4,Yes,2025-11-11,10,
LEAD004649,2025-11-01,North,Lucknow,Aarav Sharma,Individual,Organic Search,55,76.76,5,No,,,Budget Delayed
LEAD004650,2025-11-02,North,Delhi,Aarav Sharma,Individual,Walk-in,47,55.01,3,Yes,2025-11-11,9,
LEAD004651,2025-11-02,East,Bhubaneswar,Kavya Roy,SME,Organic Search,47,99.02,6,No,,,Price Too High
LEAD004652,2025-11-02,West,Pune,Dev Patel,SME,Marketplace,86,169.65,1,Yes,2025-11-08,6,
LEAD004653,2025-11-02,East,Bhubaneswar,Kavya Roy,Individual,Google Ads,34,623.04,5,No,,,Not Ready Yet
LEAD004654,2025-11-02,North,Jaipur,Priya Verma,Individual,Paid Social,71,375.76,4,Yes,2025-11-17,15,
LEAD004655,2025-11-02,South,Hyderabad,Arjun Nair,Individual,Paid Social,83,457.85,4,Yes,2025-11-09,7,
LEAD004656,2025-11-02,South,Chennai,Isha Reddy,SME,Walk-in,71,53.11,3,Yes,2025-11-08,6,
LEAD004657,2025-11-02,South,Hyderabad,Isha Reddy,Individual,Organic Search,53,97.96,2,Yes,2025-11-14,12,
LEAD004658,2025-11-02,South,Hyderabad,Arjun Nair,Individual,Paid Social,47,370.78,3,No,,,Not Ready Yet
LEAD004659,2025-11-02,West,Mumbai,Dev Patel,Individual,Walk-in,65,54.82,5,No,,,No Response
LEAD004660,2025-11-02,West,Pune,Dev Patel,SME,Corporate Outreach,34,315.29,1,Yes,2025-11-22,20,
LEAD004661,2025-11-02,North,Delhi,Priya Verma,Corporate,Google Ads,84,682.55,3,Yes,2025-11-25,23,
LEAD004662,2025-11-03,South,Chennai,Arjun Nair,Individual,Marketplace,72,214.44,5,No,,,Competitor Chosen
LEAD004663,2025-11-03,East,Kolkata,Neha Das,Individual,Google Ads,35,699.42,4,Yes,2025-11-16,13,
LEAD004664,2025-11-03,North,Delhi,Aarav Sharma,Individual,Organic Search,53,83.03,1,Yes,2025-11-26,23,
LEAD004665,2025-11-03,West,Mumbai,Meera Joshi,Individual,Google Ads,89,687.94,1,Yes,2025-11-07,4,
LEAD004666,2025-11-03,South,Bengaluru,Isha Reddy,Individual,Paid Social,30,372.88,6,No,,,Competitor Chosen
LEAD004667,2025-11-03,East,Bhubaneswar,Vikram Sen,Individual,Organic Search,71,99.28,6,No,,,Competitor Chosen
LEAD004668,2025-11-04,West,Ahmedabad,Meera Joshi,Individual,Paid Social,38,380.74,5,No,,,Competitor Chosen
LEAD004669,2025-11-04,South,Bengaluru,Arjun Nair,Individual,Marketplace,48,169.62,1,Yes,2025-11-05,1,
LEAD004670,2025-11-04,North,Delhi,Karan Malhotra,Corporate,Corporate Outreach,78,259.57,7,Yes,2025-11-15,11,
LEAD004671,2025-11-04,North,Delhi,Priya Verma,Individual,Organic Search,78,80.68,4,No,,,No Response
LEAD004672,2025-11-04,East,Guwahati,Vikram Sen,Individual,Paid Social,39,437.92,2,No,,,Budget Delayed
LEAD004673,2025-11-04,West,Mumbai,Rohan Mehta,Individual,Organic Search,60,102.60,1,Yes,2025-11-29,25,
LEAD004674,2025-11-04,South,Bengaluru,Isha Reddy,SME,Organic Search,74,81.72,5,No,,,Not Ready Yet
LEAD004675,2025-11-04,South,Bengaluru,Arjun Nair,SME,Referral,54,115.97,4,Yes,2025-11-09,5,
LEAD004676,2025-11-04,West,Mumbai,Rohan Mehta,Individual,Marketplace,71,185.36,2,Yes,2025-11-09,5,
LEAD004677,2025-11-05,East,Bhubaneswar,Kavya Roy,SME,Corporate Outreach,42,266.94,3,No,,,No Response
LEAD004678,2025-11-05,West,Ahmedabad,Dev Patel,Individual,Walk-in,64,46.66,2,Yes,2025-11-18,13,
LEAD004679,2025-11-05,West,Mumbai,Meera Joshi,Individual,Organic Search,45,80.40,1,No,,,No Response
LEAD004680,2025-11-05,South,Hyderabad,Sneha Rao,Individual,Organic Search,39,82.99,4,Yes,2025-11-23,18,
LEAD004681,2025-11-05,East,Kolkata,Neha Das,Individual,Paid Social,40,450.50,2,No,,,Competitor Chosen
LEAD004682,2025-11-05,North,Lucknow,Aarav Sharma,Individual,Paid Social,54,478.20,2,No,,,No Response
LEAD004683,2025-11-05,East,Guwahati,Neha Das,Individual,Paid Social,38,388.04,3,No,,,Budget Delayed
LEAD004684,2025-11-05,North,Jaipur,Aarav Sharma,Individual,Walk-in,55,45.13,4,Yes,2025-11-10,5,
LEAD004685,2025-11-06,South,Hyderabad,Arjun Nair,SME,Google Ads,43,570.29,3,Yes,2025-11-11,5,
LEAD004686,2025-11-06,North,Delhi,Aarav Sharma,Individual,Google Ads,55,646.34,6,No,,,Competitor Chosen
LEAD004687,2025-11-06,West,Mumbai,Dev Patel,SME,Paid Social,39,421.83,3,Yes,2025-11-28,22,
LEAD004688,2025-11-06,West,Mumbai,Rohan Mehta,Individual,Walk-in,57,48.72,5,No,,,Price Too High
LEAD004689,2025-11-06,North,Lucknow,Karan Malhotra,Individual,Referral,73,137.82,3,Yes,2025-11-09,3,
LEAD004690,2025-11-06,East,Kolkata,Vikram Sen,Individual,Marketplace,70,187.28,6,No,,,No Response
LEAD004691,2025-11-06,South,Chennai,Arjun Nair,Individual,Paid Social,75,376.15,1,Yes,2025-11-22,16,
LEAD004692,2025-11-06,South,Hyderabad,Sneha Rao,Individual,Walk-in,85,53.30,1,Yes,2025-11-07,1,
LEAD004693,2025-11-07,East,Kolkata,Kavya Roy,Individual,Marketplace,43,170.03,2,Yes,2025-11-18,11,
LEAD004694,2025-11-07,North,Lucknow,Aarav Sharma,Individual,Marketplace,75,208.43,1,No,,,Competitor Chosen
LEAD004695,2025-11-07,North,Delhi,Karan Malhotra,Corporate,Referral,66,123.62,4,Yes,2025-12-02,25,
LEAD004696,2025-11-07,South,Hyderabad,Sneha Rao,Individual,Walk-in,77,47.52,5,No,,,No Response
LEAD004697,2025-11-07,North,Delhi,Karan Malhotra,Individual,Organic Search,78,85.89,3,Yes,2025-11-28,21,
LEAD004698,2025-11-07,West,Pune,Rohan Mehta,Individual,Google Ads,84,613.93,1,No,,,Competitor Chosen
LEAD004699,2025-11-07,North,Delhi,Priya Verma,Individual,Walk-in,51,45.16,4,Yes,2025-11-16,9,
LEAD004700,2025-11-07,North,Jaipur,Priya Verma,SME,Corporate Outreach,81,304.92,3,Yes,2025-12-02,25,
LEAD004701,2025-11-07,South,Bengaluru,Sneha Rao,Individual,Paid Social,41,383.98,1,No,,,Competitor Chosen
LEAD004702,2025-11-07,North,Lucknow,Aarav Sharma,Individual,Organic Search,32,78.61,3,Yes,2025-11-30,23,
LEAD004703,2025-11-07,West,Mumbai,Meera Joshi,Individual,Organic Search,47,97.19,4,No,,,Price Too High
LEAD004704,2025-11-07,South,Hyderabad,Arjun Nair,Individual,Referral,74,107.70,2,Yes,2025-11-11,4,
LEAD004705,2025-11-07,South,Bengaluru,Sneha Rao,Individual,Marketplace,45,211.70,3,Yes,2025-11-15,8,
LEAD004706,2025-11-07,West,Mumbai,Dev Patel,Individual,Walk-in,57,57.27,2,No,,,Price Too High
LEAD004707,2025-11-07,West,Pune,Meera Joshi,SME,Google Ads,49,628.92,3,Yes,2025-11-10,3,
LEAD004708,2025-11-07,West,Mumbai,Meera Joshi,SME,Google Ads,21,554.62,5,No,,,No Response
LEAD004709,2025-11-08,North,Delhi,Aarav Sharma,Individual,Marketplace,79,203.42,2,Yes,2025-11-17,9,
LEAD004710,2025-11-08,North,Delhi,Priya Verma,Individual,Google Ads,87,530.86,4,Yes,2025-11-20,12,
LEAD004711,2025-11-08,West,Ahmedabad,Meera Joshi,Individual,Referral,47,132.30,2,Yes,2025-11-19,11,
LEAD004712,2025-11-08,West,Ahmedabad,Meera Joshi,Individual,Walk-in,22,43.54,4,Yes,2025-11-19,11,
LEAD004713,2025-11-08,North,Delhi,Karan Malhotra,Corporate,Organic Search,63,86.95,2,No,,,No Response
LEAD004714,2025-11-08,West,Pune,Meera Joshi,SME,Referral,57,115.36,3,Yes,2025-11-15,7,
LEAD004715,2025-11-08,North,Delhi,Aarav Sharma,SME,Organic Search,69,80.15,4,Yes,2025-12-02,24,
LEAD004716,2025-11-08,North,Delhi,Priya Verma,Individual,Walk-in,43,48.33,2,Yes,2025-11-10,2,
LEAD004717,2025-11-08,North,Jaipur,Aarav Sharma,Individual,Walk-in,71,49.83,1,Yes,2025-11-22,14,
LEAD004718,2025-11-08,West,Pune,Dev Patel,SME,Walk-in,26,48.18,1,Yes,2025-11-16,8,
LEAD004719,2025-11-08,South,Bengaluru,Isha Reddy,Individual,Referral,62,111.62,6,No,,,Competitor Chosen
LEAD004720,2025-11-09,South,Chennai,Sneha Rao,Individual,Organic Search,51,100.52,1,No,,,Price Too High
LEAD004721,2025-11-09,South,Chennai,Isha Reddy,Individual,Referral,70,103.98,2,No,,,Price Too High
LEAD004722,2025-11-09,North,Jaipur,Aarav Sharma,Individual,Google Ads,56,536.17,4,No,,,Not Ready Yet
LEAD004723,2025-11-09,South,Bengaluru,Arjun Nair,Individual,Walk-in,79,50.55,3,No,,,No Response
LEAD004724,2025-11-09,North,Delhi,Priya Verma,SME,Walk-in,77,45.37,4,Yes,2025-11-11,2,
LEAD004725,2025-11-09,North,Delhi,Priya Verma,Individual,Google Ads,34,534.20,6,No,,,No Response
LEAD004726,2025-11-09,West,Ahmedabad,Rohan Mehta,Individual,Google Ads,53,583.80,1,No,,,Price Too High
LEAD004727,2025-11-09,South,Bengaluru,Sneha Rao,Individual,Paid Social,55,474.42,6,No,,,No Response
LEAD004728,2025-11-10,North,Delhi,Priya Verma,Individual,Google Ads,53,693.90,6,No,,,No Response
LEAD004729,2025-11-10,West,Pune,Meera Joshi,Individual,Referral,53,112.01,1,Yes,2025-11-24,14,
LEAD004730,2025-11-10,South,Bengaluru,Sneha Rao,Individual,Marketplace,38,173.57,1,Yes,2025-11-22,12,
LEAD004731,2025-11-10,East,Kolkata,Vikram Sen,Individual,Google Ads,57,562.43,5,No,,,Budget Delayed
LEAD004732,2025-11-10,North,Delhi,Karan Malhotra,Corporate,Referral,63,130.09,2,No,,,No Response
LEAD004733,2025-11-10,East,Bhubaneswar,Vikram Sen,SME,Google Ads,59,614.55,1,Yes,2025-11-20,10,
LEAD004734,2025-11-10,West,Pune,Meera Joshi,Corporate,Corporate Outreach,71,239.60,1,Yes,2025-11-21,11,
LEAD004735,2025-11-10,West,Mumbai,Rohan Mehta,Individual,Google Ads,50,643.34,2,No,,,Competitor Chosen
LEAD004736,2025-11-10,North,Delhi,Karan Malhotra,Individual,Google Ads,48,706.26,4,Yes,2025-11-30,20,
LEAD004737,2025-11-10,East,Kolkata,Neha Das,Corporate,Corporate Outreach,47,279.86,5,No,,,No Response
LEAD004738,2025-11-10,West,Mumbai,Dev Patel,Individual,Paid Social,67,383.02,6,No,,,Budget Delayed
LEAD004739,2025-11-10,North,Delhi,Karan Malhotra,Individual,Google Ads,31,644.37,1,No,,,Competitor Chosen
LEAD004740,2025-11-10,North,Jaipur,Karan Malhotra,Corporate,Referral,88,108.37,5,No,,,Not Ready Yet
LEAD004741,2025-11-10,North,Lucknow,Karan Malhotra,Individual,Google Ads,74,683.42,4,No,,,Price Too High
LEAD004742,2025-11-10,West,Mumbai,Rohan Mehta,Individual,Organic Search,62,78.74,4,Yes,2025-11-21,11,
LEAD004743,2025-11-11,West,Mumbai,Dev Patel,Individual,Organic Search,41,97.41,3,No,,,No Response
LEAD004744,2025-11-11,South,Hyderabad,Isha Reddy,SME,Paid Social,67,444.99,4,Yes,2025-11-16,5,
LEAD004745,2025-11-11,West,Pune,Meera Joshi,Individual,Marketplace,80,168.89,2,No,,,Competitor Chosen
LEAD004746,2025-11-11,North,Delhi,Priya Verma,Individual,Paid Social,69,368.38,2,Yes,2025-11-30,19,
LEAD004747,2025-11-11,West,Mumbai,Rohan Mehta,Individual,Organic Search,77,92.48,2,No,,,No Response
LEAD004748,2025-11-11,East,Kolkata,Kavya Roy,Individual,Referral,60,109.85,4,Yes,2025-11-18,7,
LEAD004749,2025-11-11,East,Bhubaneswar,Kavya Roy,Corporate,Walk-in,53,54.11,3,Yes,2025-11-28,17,
LEAD004750,2025-11-11,West,Mumbai,Rohan Mehta,Individual,Walk-in,50,48.02,4,Yes,2025-11-22,11,
LEAD004751,2025-11-11,South,Chennai,Arjun Nair,SME,Walk-in,52,46.85,2,Yes,2025-11-17,6,
LEAD004752,2025-11-11,West,Pune,Rohan Mehta,SME,Marketplace,28,170.82,4,No,,,Budget Delayed
LEAD004753,2025-11-12,West,Ahmedabad,Meera Joshi,Individual,Organic Search,76,102.35,2,No,,,Price Too High
LEAD004754,2025-11-12,North,Jaipur,Priya Verma,Individual,Organic Search,63,79.72,4,No,,,Competitor Chosen
LEAD004755,2025-11-12,North,Delhi,Aarav Sharma,Corporate,Corporate Outreach,59,321.53,7,Yes,2025-12-19,37,
LEAD004756,2025-11-12,North,Jaipur,Aarav Sharma,Individual,Referral,71,103.02,1,Yes,2025-11-25,13,
LEAD004757,2025-11-12,North,Lucknow,Aarav Sharma,Individual,Walk-in,54,46.33,1,Yes,2025-11-26,14,
LEAD004758,2025-11-12,North,Delhi,Aarav Sharma,SME,Marketplace,49,197.77,1,No,,,No Response
LEAD004759,2025-11-12,South,Chennai,Isha Reddy,Individual,Walk-in,68,56.76,4,Yes,2025-11-20,8,
LEAD004760,2025-11-12,West,Mumbai,Dev Patel,Corporate,Google Ads,53,695.11,3,Yes,2025-11-26,14,
LEAD004761,2025-11-13,South,Chennai,Sneha Rao,Individual,Google Ads,46,581.22,1,Yes,2025-11-16,3,
LEAD004762,2025-11-13,West,Ahmedabad,Rohan Mehta,Individual,Referral,88,110.02,2,Yes,2025-11-14,1,
LEAD004763,2025-11-13,West,Mumbai,Dev Patel,Individual,Paid Social,36,479.91,5,No,,,No Response
LEAD004764,2025-11-13,North,Delhi,Karan Malhotra,Individual,Organic Search,50,100.05,5,No,,,Budget Delayed
LEAD004765,2025-11-13,South,Chennai,Arjun Nair,Individual,Referral,44,135.13,4,No,,,No Response
LEAD004766,2025-11-13,South,Chennai,Isha Reddy,Individual,Walk-in,57,51.51,3,Yes,2025-11-24,11,
LEAD004767,2025-11-13,East,Kolkata,Neha Das,Individual,Referral,72,103.22,3,Yes,2025-11-21,8,
LEAD004768,2025-11-13,South,Hyderabad,Sneha Rao,Individual,Google Ads,41,578.90,2,No,,,Competitor Chosen
LEAD004769,2025-11-13,South,Chennai,Isha Reddy,SME,Paid Social,38,448.68,1,No,,,No Response
LEAD004770,2025-11-13,West,Ahmedabad,Meera Joshi,SME,Organic Search,52,102.77,3,No,,,Price Too High
LEAD004771,2025-11-13,East,Guwahati,Vikram Sen,Individual,Organic Search,46,98.07,5,No,,,Competitor Chosen
LEAD004772,2025-11-14,West,Ahmedabad,Rohan Mehta,Corporate,Organic Search,44,85.86,5,No,,,Competitor Chosen
LEAD004773,2025-11-14,South,Chennai,Arjun Nair,Individual,Walk-in,75,49.08,1,Yes,2025-11-28,14,
LEAD004774,2025-11-14,South,Chennai,Isha Reddy,Individual,Walk-in,64,52.77,2,Yes,2025-11-17,3,
LEAD004775,2025-11-14,South,Hyderabad,Arjun Nair,Individual,Google Ads,44,628.55,4,No,,,Price Too High
LEAD004776,2025-11-14,East,Bhubaneswar,Neha Das,Individual,Organic Search,44,90.77,2,No,,,No Response
LEAD004777,2025-11-14,West,Pune,Rohan Mehta,Individual,Paid Social,72,419.36,5,No,,,No Response
LEAD004778,2025-11-14,North,Jaipur,Karan Malhotra,SME,Corporate Outreach,22,269.87,1,No,,,No Response
LEAD004779,2025-11-14,West,Pune,Rohan Mehta,SME,Google Ads,66,538.72,4,No,,,No Response
LEAD004780,2025-11-14,South,Bengaluru,Arjun Nair,Individual,Organic Search,46,95.84,2,Yes,2025-11-26,12,
LEAD004781,2025-11-14,North,Lucknow,Karan Malhotra,SME,Referral,64,137.73,1,Yes,2025-11-18,4,
LEAD004782,2025-11-15,South,Hyderabad,Arjun Nair,Individual,Marketplace,55,188.50,1,Yes,2025-11-29,14,
LEAD004783,2025-11-15,West,Ahmedabad,Meera Joshi,SME,Google Ads,71,542.98,3,No,,,No Response
LEAD004784,2025-11-15,East,Guwahati,Vikram Sen,Corporate,Corporate Outreach,66,301.42,4,No,,,Budget Delayed
LEAD004785,2025-11-15,South,Bengaluru,Isha Reddy,Individual,Organic Search,52,90.24,3,Yes,2025-11-30,15,
LEAD004786,2025-11-15,West,Mumbai,Meera Joshi,Individual,Google Ads,44,527.27,3,No,,,Budget Delayed
LEAD004787,2025-11-15,East,Kolkata,Neha Das,Individual,Google Ads,72,617.29,4,Yes,2025-11-30,15,
LEAD004788,2025-11-15,South,Chennai,Sneha Rao,Individual,Google Ads,59,628.85,3,Yes,2025-11-25,10,
LEAD004789,2025-11-15,West,Ahmedabad,Rohan Mehta,Individual,Google Ads,56,706.20,2,Yes,2025-11-25,10,
LEAD004790,2025-11-15,South,Bengaluru,Isha Reddy,Individual,Marketplace,60,195.76,2,Yes,2025-11-19,4,
LEAD004791,2025-11-16,North,Jaipur,Priya Verma,Individual,Marketplace,68,210.84,1,Yes,2025-11-21,5,
LEAD004792,2025-11-16,West,Ahmedabad,Meera Joshi,Corporate,Corporate Outreach,71,299.56,4,No,,,Competitor Chosen
LEAD004793,2025-11-16,West,Pune,Rohan Mehta,Individual,Google Ads,64,632.38,2,Yes,2025-11-24,8,
LEAD004794,2025-11-16,South,Bengaluru,Sneha Rao,SME,Marketplace,55,169.14,2,Yes,2025-11-26,10,
LEAD004795,2025-11-16,West,Mumbai,Dev Patel,SME,Organic Search,46,80.28,1,Yes,2025-11-27,11,
LEAD004796,2025-11-16,South,Chennai,Sneha Rao,Individual,Organic Search,26,90.33,1,Yes,2025-11-25,9,
LEAD004797,2025-11-16,East,Guwahati,Kavya Roy,Individual,Google Ads,41,660.05,4,No,,,Price Too High
LEAD004798,2025-11-16,West,Pune,Rohan Mehta,Individual,Organic Search,67,102.04,2,No,,,Price Too High
LEAD004799,2025-11-17,South,Hyderabad,Sneha Rao,SME,Paid Social,65,458.32,4,Yes,2025-11-24,7,
LEAD004800,2025-11-17,South,Chennai,Isha Reddy,SME,Organic Search,65,92.01,1,Yes,2025-12-11,24,
LEAD004801,2025-11-17,North,Lucknow,Karan Malhotra,Individual,Walk-in,49,50.54,5,No,,,Price Too High
LEAD004802,2025-11-17,North,Delhi,Karan Malhotra,Individual,Marketplace,61,195.58,2,Yes,2025-11-24,7,
LEAD004803,2025-11-17,North,Jaipur,Karan Malhotra,Individual,Marketplace,88,169.57,2,Yes,2025-11-25,8,
LEAD004804,2025-11-17,South,Bengaluru,Sneha Rao,Corporate,Corporate Outreach,50,311.14,2,No,,,No Response
LEAD004805,2025-11-17,South,Hyderabad,Isha Reddy,Individual,Google Ads,68,702.10,4,Yes,2025-12-05,18,
LEAD004806,2025-11-17,West,Pune,Dev Patel,Individual,Google Ads,66,605.91,4,Yes,2025-11-21,4,
LEAD004807,2025-11-17,North,Delhi,Aarav Sharma,Individual,Paid Social,51,393.48,2,No,,,Budget Delayed
LEAD004808,2025-11-17,South,Hyderabad,Arjun Nair,Individual,Google Ads,54,596.60,2,No,,,No Response
LEAD004809,2025-11-17,South,Hyderabad,Arjun Nair,Corporate,Organic Search,46,80.18,4,Yes,2025-12-11,24,
LEAD004810,2025-11-17,West,Mumbai,Meera Joshi,Individual,Organic Search,41,97.88,3,Yes,2025-11-24,7,
LEAD004811,2025-11-17,North,Jaipur,Aarav Sharma,Individual,Google Ads,49,580.06,3,No,,,Competitor Chosen
LEAD004812,2025-11-17,East,Kolkata,Kavya Roy,Individual,Marketplace,44,191.07,3,No,,,Price Too High
LEAD004813,2025-11-17,South,Chennai,Sneha Rao,Individual,Walk-in,34,50.13,5,No,,,Not Ready Yet
LEAD004814,2025-11-17,North,Jaipur,Karan Malhotra,SME,Referral,58,137.93,2,Yes,2025-11-20,3,
LEAD004815,2025-11-17,South,Bengaluru,Sneha Rao,Individual,Organic Search,52,94.83,2,No,,,Competitor Chosen
LEAD004816,2025-11-17,West,Mumbai,Rohan Mehta,SME,Referral,46,136.54,2,No,,,Competitor Chosen
LEAD004817,2025-11-18,North,Delhi,Aarav Sharma,Individual,Referral,74,132.38,2,Yes,2025-12-01,13,
LEAD004818,2025-11-18,South,Hyderabad,Isha Reddy,SME,Corporate Outreach,72,315.98,3,Yes,2025-12-09,21,
LEAD004819,2025-11-18,North,Lucknow,Aarav Sharma,Individual,Organic Search,59,76.84,4,No,,,Competitor Chosen
LEAD004820,2025-11-18,West,Pune,Meera Joshi,Individual,Google Ads,58,581.63,5,No,,,No Response
LEAD004821,2025-11-18,North,Jaipur,Karan Malhotra,SME,Paid Social,19,487.54,1,Yes,2025-11-30,12,
LEAD004822,2025-11-19,North,Delhi,Karan Malhotra,SME,Paid Social,35,439.36,1,No,,,Price Too High
LEAD004823,2025-11-19,South,Hyderabad,Isha Reddy,Individual,Google Ads,78,570.66,1,Yes,2025-12-09,20,
LEAD004824,2025-11-19,West,Ahmedabad,Dev Patel,Individual,Paid Social,69,451.03,5,No,,,Competitor Chosen
LEAD004825,2025-11-19,North,Delhi,Priya Verma,Individual,Paid Social,48,492.67,2,Yes,2025-11-28,9,
LEAD004826,2025-11-19,East,Bhubaneswar,Kavya Roy,Corporate,Corporate Outreach,80,316.92,3,No,,,No Response
LEAD004827,2025-11-19,South,Bengaluru,Isha Reddy,SME,Walk-in,75,47.36,5,No,,,Budget Delayed
LEAD004828,2025-11-19,West,Ahmedabad,Meera Joshi,Individual,Marketplace,44,217.64,4,Yes,2025-11-20,1,
LEAD004829,2025-11-19,South,Bengaluru,Isha Reddy,Individual,Marketplace,59,197.07,3,Yes,2025-11-23,4,
LEAD004830,2025-11-20,North,Lucknow,Aarav Sharma,Individual,Organic Search,67,86.57,1,Yes,2025-12-12,22,
LEAD004831,2025-11-20,West,Pune,Dev Patel,Individual,Paid Social,53,394.04,6,No,,,No Response
LEAD004832,2025-11-20,West,Mumbai,Rohan Mehta,Individual,Organic Search,92,100.80,1,No,,,Price Too High
LEAD004833,2025-11-20,West,Pune,Meera Joshi,Individual,Referral,82,126.17,3,Yes,2025-11-27,7,
LEAD004834,2025-11-20,West,Pune,Rohan Mehta,Individual,Google Ads,45,568.48,3,Yes,2025-11-25,5,
LEAD004835,2025-11-20,North,Delhi,Priya Verma,Individual,Walk-in,64,42.57,1,Yes,2025-11-22,2,
LEAD004836,2025-11-20,West,Pune,Rohan Mehta,Individual,Google Ads,58,706.55,3,Yes,2025-12-03,13,
LEAD004837,2025-11-21,West,Pune,Rohan Mehta,Individual,Referral,61,132.91,3,Yes,2025-11-30,9,
LEAD004838,2025-11-21,North,Delhi,Aarav Sharma,Individual,Marketplace,51,212.37,1,Yes,2025-11-30,9,
LEAD004839,2025-11-21,East,Kolkata,Kavya Roy,SME,Referral,63,120.88,5,No,,,No Response
LEAD004840,2025-11-21,South,Bengaluru,Sneha Rao,Individual,Google Ads,55,657.48,1,No,,,Competitor Chosen
LEAD004841,2025-11-21,North,Lucknow,Aarav Sharma,Individual,Paid Social,61,483.60,3,No,,,Price Too High
LEAD004842,2025-11-21,South,Chennai,Arjun Nair,Individual,Google Ads,55,703.03,5,No,,,Price Too High
LEAD004843,2025-11-21,North,Jaipur,Aarav Sharma,Individual,Organic Search,43,98.22,1,Yes,2025-11-26,5,
LEAD004844,2025-11-21,East,Bhubaneswar,Vikram Sen,Individual,Google Ads,50,592.82,3,No,,,Competitor Chosen
LEAD004845,2025-11-21,West,Pune,Dev Patel,Individual,Paid Social,69,398.53,3,Yes,2025-12-15,24,
LEAD004846,2025-11-21,West,Mumbai,Meera Joshi,Corporate,Corporate Outreach,40,284.06,5,Yes,2025-12-25,34,
LEAD004847,2025-11-21,South,Bengaluru,Isha Reddy,Corporate,Referral,52,108.33,6,No,,,Competitor Chosen
LEAD004848,2025-11-21,North,Delhi,Karan Malhotra,SME,Organic Search,52,96.44,5,No,,,Price Too High
LEAD004849,2025-11-21,North,Lucknow,Aarav Sharma,Individual,Marketplace,51,170.93,5,No,,,Competitor Chosen
LEAD004850,2025-11-21,West,Pune,Meera Joshi,SME,Referral,64,113.20,3,Yes,2025-11-30,9,
LEAD004851,2025-11-21,North,Delhi,Karan Malhotra,SME,Organic Search,57,100.31,4,Yes,2025-12-04,13,
LEAD004852,2025-11-22,West,Mumbai,Meera Joshi,Individual,Marketplace,79,193.89,4,Yes,2025-12-05,13,
LEAD004853,2025-11-22,East,Kolkata,Kavya Roy,Individual,Google Ads,70,649.62,1,No,,,Not Ready Yet
LEAD004854,2025-11-22,North,Jaipur,Karan Malhotra,Corporate,Corporate Outreach,41,286.00,3,No,,,No Response
LEAD004855,2025-11-22,North,Jaipur,Priya Verma,Individual,Organic Search,46,102.17,4,No,,,Budget Delayed
LEAD004856,2025-11-23,South,Chennai,Isha Reddy,Individual,Marketplace,73,181.83,4,Yes,2025-11-30,7,
LEAD004857,2025-11-23,North,Delhi,Priya Verma,Individual,Marketplace,59,189.65,4,No,,,Competitor Chosen
LEAD004858,2025-11-23,West,Ahmedabad,Dev Patel,Individual,Marketplace,86,206.86,1,Yes,2025-12-06,13,
LEAD004859,2025-11-23,West,Mumbai,Rohan Mehta,Individual,Referral,48,137.70,2,Yes,2025-11-25,2,
LEAD004860,2025-11-23,West,Ahmedabad,Meera Joshi,Individual,Organic Search,40,81.37,6,No,,,Price Too High
LEAD004861,2025-11-23,West,Mumbai,Dev Patel,Corporate,Corporate Outreach,46,304.61,2,Yes,2025-12-14,21,
LEAD004862,2025-11-23,West,Mumbai,Dev Patel,SME,Corporate Outreach,64,320.93,1,No,,,Price Too High
LEAD004863,2025-11-23,East,Bhubaneswar,Vikram Sen,Individual,Walk-in,72,55.43,3,Yes,2025-11-26,3,
LEAD004864,2025-11-23,South,Bengaluru,Isha Reddy,Individual,Walk-in,73,50.67,1,Yes,2025-12-01,8,
LEAD004865,2025-11-24,South,Chennai,Arjun Nair,Individual,Organic Search,71,87.70,2,No,,,No Response
LEAD004866,2025-11-24,East,Guwahati,Kavya Roy,SME,Google Ads,65,700.66,5,No,,,No Response
LEAD004867,2025-11-24,South,Bengaluru,Arjun Nair,Individual,Organic Search,71,102.18,4,No,,,No Response
LEAD004868,2025-11-24,West,Mumbai,Meera Joshi,Individual,Referral,84,107.80,2,Yes,2025-11-28,4,
LEAD004869,2025-11-24,West,Ahmedabad,Dev Patel,SME,Organic Search,75,98.74,1,No,,,Budget Delayed
LEAD004870,2025-11-24,South,Hyderabad,Arjun Nair,Individual,Walk-in,58,44.01,3,Yes,2025-11-27,3,
LEAD004871,2025-11-24,North,Jaipur,Karan Malhotra,Individual,Organic Search,48,83.69,5,No,,,Not Ready Yet
LEAD004872,2025-11-24,South,Hyderabad,Arjun Nair,SME,Corporate Outreach,44,269.65,5,No,,,Budget Delayed
LEAD004873,2025-11-24,West,Pune,Rohan Mehta,Individual,Organic Search,65,95.18,6,No,,,Not Ready Yet
LEAD004874,2025-11-25,North,Lucknow,Priya Verma,Individual,Google Ads,66,559.13,5,No,,,Budget Delayed
LEAD004875,2025-11-25,East,Kolkata,Vikram Sen,Individual,Marketplace,85,179.23,4,Yes,2025-12-02,7,
LEAD004876,2025-11-25,East,Bhubaneswar,Vikram Sen,SME,Marketplace,86,197.23,4,Yes,2025-11-27,2,
LEAD004877,2025-11-25,North,Delhi,Aarav Sharma,Individual,Marketplace,45,194.47,5,No,,,Not Ready Yet
LEAD004878,2025-11-25,South,Hyderabad,Arjun Nair,Individual,Google Ads,47,662.35,1,Yes,2025-12-19,24,
LEAD004879,2025-11-25,North,Lucknow,Karan Malhotra,SME,Google Ads,62,669.47,1,No,,,Not Ready Yet
LEAD004880,2025-11-25,West,Mumbai,Meera Joshi,Individual,Marketplace,59,212.71,4,Yes,2025-12-01,6,
LEAD004881,2025-11-25,West,Pune,Meera Joshi,Individual,Organic Search,65,80.16,2,Yes,2025-12-17,22,
LEAD004882,2025-11-25,South,Chennai,Sneha Rao,SME,Corporate Outreach,46,304.30,1,No,,,Price Too High
LEAD004883,2025-11-25,North,Delhi,Karan Malhotra,Individual,Marketplace,18,181.84,6,No,,,Competitor Chosen
LEAD004884,2025-11-25,West,Mumbai,Meera Joshi,Individual,Google Ads,60,545.60,2,No,,,Competitor Chosen
LEAD004885,2025-11-25,West,Ahmedabad,Rohan Mehta,SME,Marketplace,51,215.60,1,Yes,2025-12-05,10,
LEAD004886,2025-11-25,West,Pune,Meera Joshi,Individual,Paid Social,62,384.20,1,No,,,Competitor Chosen
LEAD004887,2025-11-25,North,Jaipur,Karan Malhotra,Individual,Paid Social,48,433.26,3,No,,,No Response
LEAD004888,2025-11-25,South,Hyderabad,Isha Reddy,SME,Marketplace,73,201.38,1,Yes,2025-12-01,6,
LEAD004889,2025-11-26,North,Jaipur,Priya Verma,Individual,Walk-in,64,45.79,1,Yes,2025-12-04,8,
LEAD004890,2025-11-26,South,Bengaluru,Sneha Rao,SME,Organic Search,62,79.61,4,Yes,2025-12-07,11,
LEAD004891,2025-11-26,South,Bengaluru,Isha Reddy,Individual,Google Ads,55,671.76,3,No,,,Budget Delayed
LEAD004892,2025-11-27,South,Hyderabad,Sneha Rao,SME,Marketplace,21,164.94,2,Yes,2025-12-11,14,
LEAD004893,2025-11-27,South,Chennai,Isha Reddy,Individual,Marketplace,50,164.40,2,Yes,2025-12-04,7,
LEAD004894,2025-11-27,West,Ahmedabad,Rohan Mehta,Individual,Walk-in,51,50.74,2,Yes,2025-12-08,11,
LEAD004895,2025-11-27,North,Lucknow,Karan Malhotra,SME,Referral,60,124.41,1,No,,,No Response
LEAD004896,2025-11-27,West,Pune,Meera Joshi,Individual,Google Ads,27,654.35,1,No,,,No Response
LEAD004897,2025-11-27,North,Delhi,Karan Malhotra,Individual,Walk-in,52,56.39,4,Yes,2025-12-09,12,
LEAD004898,2025-11-27,South,Chennai,Sneha Rao,Individual,Walk-in,51,47.94,3,No,,,No Response
LEAD004899,2025-11-27,South,Chennai,Sneha Rao,Individual,Marketplace,44,178.38,1,Yes,2025-11-28,1,
LEAD004900,2025-11-27,West,Mumbai,Dev Patel,Individual,Google Ads,48,550.27,1,Yes,2025-11-29,2,
LEAD004901,2025-11-27,North,Delhi,Karan Malhotra,Corporate,Organic Search,47,102.74,2,No,,,Price Too High
LEAD004902,2025-11-28,East,Guwahati,Vikram Sen,Individual,Paid Social,38,438.50,2,No,,,Price Too High
LEAD004903,2025-11-28,North,Lucknow,Aarav Sharma,SME,Organic Search,70,87.50,4,Yes,2025-12-15,17,
LEAD004904,2025-11-28,South,Hyderabad,Isha Reddy,Individual,Paid Social,49,414.28,2,No,,,Competitor Chosen
LEAD004905,2025-11-28,West,Mumbai,Dev Patel,Corporate,Referral,29,126.87,3,Yes,2025-12-20,22,
LEAD004906,2025-11-28,West,Pune,Rohan Mehta,Individual,Walk-in,32,44.62,1,Yes,2025-11-29,1,
LEAD004907,2025-11-28,North,Delhi,Aarav Sharma,Individual,Organic Search,62,87.00,3,Yes,2025-12-23,25,
LEAD004908,2025-11-28,South,Hyderabad,Arjun Nair,Individual,Google Ads,80,566.16,1,Yes,2025-12-09,11,
LEAD004909,2025-11-28,North,Jaipur,Aarav Sharma,Individual,Referral,64,102.68,6,No,,,No Response
LEAD004910,2025-11-28,South,Hyderabad,Sneha Rao,Individual,Google Ads,84,695.57,6,No,,,Budget Delayed
LEAD004911,2025-11-28,South,Hyderabad,Arjun Nair,SME,Google Ads,72,529.56,3,No,,,Budget Delayed
LEAD004912,2025-11-29,East,Guwahati,Kavya Roy,Individual,Paid Social,53,466.34,3,Yes,2025-12-18,19,
LEAD004913,2025-11-29,South,Chennai,Isha Reddy,Individual,Referral,27,115.97,6,No,,,No Response
LEAD004914,2025-11-29,South,Bengaluru,Sneha Rao,Individual,Referral,58,114.40,6,No,,,Price Too High
LEAD004915,2025-11-29,East,Bhubaneswar,Vikram Sen,Individual,Referral,65,130.35,1,No,,,No Response
LEAD004916,2025-11-29,East,Bhubaneswar,Vikram Sen,Individual,Organic Search,42,77.29,6,No,,,Price Too High
LEAD004917,2025-11-29,South,Hyderabad,Isha Reddy,SME,Organic Search,50,103.39,4,No,,,Competitor Chosen
LEAD004918,2025-11-29,South,Hyderabad,Isha Reddy,Individual,Walk-in,47,51.29,3,Yes,2025-12-04,5,
LEAD004919,2025-11-29,East,Bhubaneswar,Vikram Sen,SME,Corporate Outreach,71,291.17,4,No,,,No Response
LEAD004920,2025-11-29,West,Ahmedabad,Meera Joshi,Corporate,Corporate Outreach,82,306.44,5,No,,,No Response
LEAD004921,2025-11-29,South,Chennai,Sneha Rao,Individual,Marketplace,36,187.50,2,Yes,2025-12-01,2,
LEAD004922,2025-11-29,South,Bengaluru,Sneha Rao,Individual,Paid Social,35,474.74,3,No,,,Competitor Chosen
LEAD004923,2025-11-30,South,Bengaluru,Isha Reddy,Individual,Marketplace,48,179.42,3,No,,,Price Too High
LEAD004924,2025-11-30,East,Bhubaneswar,Kavya Roy,Individual,Paid Social,77,474.08,4,No,,,No Response
LEAD004925,2025-11-30,North,Delhi,Aarav Sharma,SME,Google Ads,45,604.96,5,No,,,No Response
LEAD004926,2025-11-30,South,Bengaluru,Arjun Nair,Individual,Organic Search,65,87.43,1,No,,,Price Too High
LEAD004927,2025-11-30,West,Pune,Meera Joshi,Corporate,Corporate Outreach,73,279.22,3,Yes,2026-01-08,39,
LEAD004928,2025-11-30,North,Delhi,Aarav Sharma,Individual,Walk-in,65,44.34,1,Yes,2025-12-02,2,
LEAD004929,2025-11-30,North,Delhi,Karan Malhotra,Individual,Referral,70,105.05,3,No,,,Price Too High
LEAD004930,2025-11-30,South,Bengaluru,Sneha Rao,Individual,Walk-in,38,57.43,1,Yes,2025-12-12,12,
LEAD004931,2025-12-01,South,Hyderabad,Sneha Rao,Corporate,Google Ads,56,539.60,1,No,,,Price Too High
LEAD004932,2025-12-01,North,Lucknow,Karan Malhotra,Individual,Marketplace,65,204.22,1,Yes,2025-12-02,1,
LEAD004933,2025-12-01,North,Delhi,Karan Malhotra,Individual,Google Ads,56,560.19,2,No,,,No Response
LEAD004934,2025-12-01,West,Pune,Rohan Mehta,Individual,Marketplace,67,184.21,3,Yes,2025-12-15,14,
LEAD004935,2025-12-01,West,Pune,Rohan Mehta,Individual,Referral,58,127.93,2,No,,,Competitor Chosen
LEAD004936,2025-12-01,West,Pune,Rohan Mehta,Individual,Paid Social,49,404.53,2,No,,,Budget Delayed
LEAD004937,2025-12-01,South,Hyderabad,Isha Reddy,Individual,Google Ads,72,564.41,6,No,,,Price Too High
LEAD004938,2025-12-01,West,Ahmedabad,Meera Joshi,Individual,Referral,53,112.03,3,Yes,2025-12-04,3,
LEAD004939,2025-12-02,East,Kolkata,Kavya Roy,Individual,Referral,55,112.66,3,No,,,Competitor Chosen
LEAD004940,2025-12-02,South,Chennai,Arjun Nair,SME,Paid Social,37,407.59,4,Yes,2025-12-13,11,
LEAD004941,2025-12-02,West,Ahmedabad,Dev Patel,Individual,Google Ads,39,687.73,5,No,,,Budget Delayed
LEAD004942,2025-12-02,North,Jaipur,Aarav Sharma,Corporate,Corporate Outreach,36,283.05,2,No,,,Competitor Chosen
LEAD004943,2025-12-02,West,Pune,Dev Patel,Individual,Google Ads,52,560.66,2,Yes,2025-12-08,6,
LEAD004944,2025-12-03,North,Delhi,Karan Malhotra,Individual,Referral,77,129.85,2,Yes,2025-12-09,6,
LEAD004945,2025-12-03,East,Bhubaneswar,Vikram Sen,Individual,Paid Social,54,432.03,4,No,,,Budget Delayed
LEAD004946,2025-12-03,West,Ahmedabad,Dev Patel,Individual,Walk-in,69,50.63,3,Yes,2025-12-13,10,
LEAD004947,2025-12-03,South,Chennai,Sneha Rao,Individual,Marketplace,70,217.73,4,No,,,Budget Delayed
LEAD004948,2025-12-03,North,Jaipur,Priya Verma,Individual,Paid Social,65,390.89,4,Yes,2025-12-21,18,
LEAD004949,2025-12-03,East,Guwahati,Vikram Sen,Individual,Paid Social,53,399.04,2,No,,,Price Too High
LEAD004950,2025-12-04,South,Chennai,Arjun Nair,Individual,Organic Search,44,103.24,3,Yes,2025-12-07,3,
LEAD004951,2025-12-04,East,Guwahati,Kavya Roy,Individual,Paid Social,52,453.59,6,No,,,No Response
LEAD004952,2025-12-04,West,Mumbai,Meera Joshi,Individual,Marketplace,69,206.15,2,Yes,2025-12-05,1,
LEAD004953,2025-12-04,West,Mumbai,Rohan Mehta,Individual,Organic Search,96,98.93,1,Yes,2025-12-27,23,
LEAD004954,2025-12-04,South,Bengaluru,Isha Reddy,Corporate,Corporate Outreach,30,278.57,6,No,,,Competitor Chosen
LEAD004955,2025-12-04,West,Pune,Dev Patel,Individual,Marketplace,81,174.86,3,No,,,No Response
LEAD004956,2025-12-04,North,Lucknow,Karan Malhotra,Individual,Walk-in,51,50.51,1,No,,,Price Too High
LEAD004957,2025-12-05,East,Bhubaneswar,Neha Das,SME,Organic Search,35,79.33,4,No,,,No Response
LEAD004958,2025-12-05,South,Hyderabad,Isha Reddy,SME,Organic Search,67,93.56,1,No,,,No Response
LEAD004959,2025-12-05,North,Jaipur,Karan Malhotra,SME,Google Ads,69,688.83,3,No,,,No Response
LEAD004960,2025-12-05,South,Chennai,Arjun Nair,Individual,Organic Search,76,77.11,6,No,,,Budget Delayed
LEAD004961,2025-12-05,North,Delhi,Priya Verma,Individual,Google Ads,45,692.52,1,Yes,2025-12-10,5,
LEAD004962,2025-12-05,West,Mumbai,Meera Joshi,Individual,Referral,69,130.28,1,Yes,2025-12-14,9,
LEAD004963,2025-12-05,West,Mumbai,Meera Joshi,Individual,Paid Social,72,386.88,2,No,,,Price Too High
LEAD004964,2025-12-05,North,Jaipur,Aarav Sharma,Individual,Referral,51,110.08,2,Yes,2025-12-06,1,
LEAD004965,2025-12-05,North,Jaipur,Aarav Sharma,SME,Walk-in,58,43.32,5,No,,,Competitor Chosen
LEAD004966,2025-12-05,South,Hyderabad,Sneha Rao,Individual,Google Ads,55,663.83,4,Yes,2025-12-14,9,
LEAD004967,2025-12-05,North,Lucknow,Karan Malhotra,Individual,Referral,69,134.71,6,No,,,Not Ready Yet
LEAD004968,2025-12-05,West,Ahmedabad,Dev Patel,Individual,Google Ads,46,552.69,5,No,,,No Response
LEAD004969,2025-12-06,North,Jaipur,Priya Verma,Individual,Referral,77,132.38,6,No,,,Competitor Chosen
LEAD004970,2025-12-06,West,Ahmedabad,Rohan Mehta,Individual,Paid Social,67,437.97,4,Yes,2025-12-21,15,
LEAD004971,2025-12-06,East,Guwahati,Vikram Sen,Individual,Marketplace,28,163.73,5,No,,,No Response
LEAD004972,2025-12-06,South,Chennai,Isha Reddy,SME,Marketplace,42,194.94,3,No,,,Budget Delayed
LEAD004973,2025-12-06,North,Delhi,Aarav Sharma,Individual,Google Ads,71,569.51,4,Yes,2025-12-18,12,
LEAD004974,2025-12-06,South,Chennai,Isha Reddy,Individual,Paid Social,75,475.70,2,Yes,2025-12-17,11,
LEAD004975,2025-12-06,North,Delhi,Karan Malhotra,Individual,Marketplace,63,200.67,3,No,,,Price Too High
LEAD004976,2025-12-06,South,Bengaluru,Isha Reddy,Corporate,Google Ads,41,549.42,7,Yes,2025-12-18,12,
LEAD004977,2025-12-06,North,Delhi,Karan Malhotra,Individual,Marketplace,58,206.79,3,Yes,2025-12-19,13,
LEAD004978,2025-12-06,West,Pune,Meera Joshi,Individual,Paid Social,61,389.84,4,No,,,Price Too High
LEAD004979,2025-12-06,East,Guwahati,Kavya Roy,Individual,Marketplace,52,176.30,2,Yes,2025-12-13,7,
LEAD004980,2025-12-07,South,Chennai,Isha Reddy,Individual,Paid Social,77,417.17,3,No,,,Budget Delayed
LEAD004981,2025-12-07,North,Delhi,Aarav Sharma,SME,Referral,74,134.91,1,Yes,2025-12-20,13,
LEAD004982,2025-12-07,East,Guwahati,Vikram Sen,SME,Organic Search,82,91.09,4,Yes,2025-12-31,24,
LEAD004983,2025-12-07,East,Kolkata,Kavya Roy,SME,Organic Search,43,94.83,4,Yes,2025-12-27,20,
LEAD004984,2025-12-07,North,Lucknow,Aarav Sharma,Individual,Walk-in,67,51.87,2,Yes,2025-12-11,4,
LEAD004985,2025-12-07,North,Jaipur,Priya Verma,Individual,Marketplace,55,213.49,3,No,,,Budget Delayed
LEAD004986,2025-12-07,East,Kolkata,Neha Das,Individual,Walk-in,80,54.75,4,Yes,2025-12-20,13,
LEAD004987,2025-12-07,South,Hyderabad,Sneha Rao,Individual,Organic Search,75,79.89,3,Yes,2025-12-27,20,
LEAD004988,2025-12-07,North,Lucknow,Aarav Sharma,Individual,Paid Social,44,413.98,2,No,,,Price Too High
LEAD004989,2025-12-07,South,Bengaluru,Isha Reddy,Individual,Marketplace,89,193.63,4,Yes,2025-12-16,9,
LEAD004990,2025-12-08,South,Bengaluru,Sneha Rao,Individual,Organic Search,48,85.03,2,Yes,2025-12-22,14,
LEAD004991,2025-12-08,East,Bhubaneswar,Kavya Roy,Individual,Paid Social,61,407.38,2,No,,,Price Too High
LEAD004992,2025-12-08,South,Bengaluru,Sneha Rao,Individual,Paid Social,57,402.99,5,No,,,Not Ready Yet
LEAD004993,2025-12-08,West,Mumbai,Dev Patel,Individual,Marketplace,57,211.99,3,Yes,2025-12-11,3,
LEAD004994,2025-12-08,North,Delhi,Aarav Sharma,Individual,Paid Social,77,385.30,1,Yes,2025-12-15,7,
LEAD004995,2025-12-08,West,Pune,Dev Patel,Individual,Marketplace,48,171.16,4,Yes,2025-12-10,2,
LEAD004996,2025-12-08,South,Bengaluru,Isha Reddy,Individual,Marketplace,42,185.20,4,Yes,2025-12-12,4,
LEAD004997,2025-12-08,East,Kolkata,Neha Das,Individual,Google Ads,44,686.61,4,No,,,Competitor Chosen
LEAD004998,2025-12-08,East,Bhubaneswar,Neha Das,Individual,Organic Search,38,96.73,3,No,,,Not Ready Yet
LEAD004999,2025-12-08,West,Ahmedabad,Meera Joshi,Individual,Paid Social,87,447.26,3,Yes,2025-12-31,23,
LEAD005000,2025-12-08,East,Guwahati,Kavya Roy,Individual,Marketplace,66,182.22,4,Yes,2025-12-22,14,
LEAD005001,2025-12-08,North,Delhi,Karan Malhotra,Individual,Organic Search,78,77.78,3,Yes,2026-01-02,25,
LEAD005002,2025-12-09,East,Kolkata,Vikram Sen,SME,Marketplace,34,171.12,2,No,,,Not Ready Yet
LEAD005003,2025-12-09,North,Delhi,Karan Malhotra,SME,Corporate Outreach,50,283.85,3,Yes,2025-12-29,20,
LEAD005004,2025-12-09,West,Ahmedabad,Meera Joshi,Corporate,Corporate Outreach,49,281.69,4,No,,,Competitor Chosen
LEAD005005,2025-12-09,West,Ahmedabad,Meera Joshi,SME,Paid Social,38,367.18,3,Yes,2025-12-26,17,
LEAD005006,2025-12-09,South,Chennai,Sneha Rao,Individual,Paid Social,48,429.94,1,Yes,2025-12-30,21,
LEAD005007,2025-12-09,North,Delhi,Priya Verma,Individual,Referral,67,123.42,2,Yes,2025-12-21,12,
LEAD005008,2025-12-10,East,Bhubaneswar,Neha Das,Individual,Referral,53,122.17,3,Yes,2025-12-19,9,
LEAD005009,2025-12-10,North,Jaipur,Karan Malhotra,Individual,Organic Search,60,80.14,2,Yes,2026-01-03,24,
LEAD005010,2025-12-10,South,Chennai,Sneha Rao,Individual,Paid Social,66,389.93,4,Yes,2025-12-28,18,
LEAD005011,2025-12-10,South,Chennai,Isha Reddy,Individual,Paid Social,49,409.01,2,Yes,2025-12-20,10,
LEAD005012,2025-12-10,South,Hyderabad,Isha Reddy,Individual,Paid Social,55,369.80,1,No,,,Not Ready Yet
LEAD005013,2025-12-10,South,Bengaluru,Arjun Nair,Individual,Referral,66,129.59,1,Yes,2025-12-17,7,
LEAD005014,2025-12-10,West,Mumbai,Dev Patel,SME,Referral,54,109.00,3,Yes,2025-12-16,6,
LEAD005015,2025-12-10,West,Pune,Meera Joshi,Corporate,Walk-in,66,48.57,5,Yes,2025-12-20,10,
LEAD005016,2025-12-10,North,Jaipur,Karan Malhotra,Individual,Google Ads,44,560.61,4,No,,,Price Too High
LEAD005017,2025-12-10,West,Pune,Dev Patel,SME,Google Ads,27,534.38,4,No,,,Price Too High
LEAD005018,2025-12-11,South,Chennai,Isha Reddy,Individual,Referral,73,133.03,3,Yes,2025-12-16,5,
LEAD005019,2025-12-11,North,Lucknow,Aarav Sharma,Corporate,Google Ads,54,586.85,1,No,,,Budget Delayed
LEAD005020,2025-12-11,West,Pune,Rohan Mehta,Corporate,Walk-in,45,48.35,2,Yes,2026-01-12,32,
LEAD005021,2025-12-11,East,Bhubaneswar,Kavya Roy,Individual,Organic Search,46,91.57,2,No,,,Price Too High
LEAD005022,2025-12-11,North,Delhi,Aarav Sharma,Individual,Walk-in,70,43.09,4,Yes,2025-12-23,12,
LEAD005023,2025-12-11,East,Kolkata,Neha Das,Individual,Organic Search,67,90.41,2,Yes,2025-12-30,19,
LEAD005024,2025-12-11,North,Lucknow,Aarav Sharma,Individual,Google Ads,72,685.27,3,Yes,2025-12-17,6,
LEAD005025,2025-12-12,West,Ahmedabad,Dev Patel,Individual,Walk-in,67,48.94,4,Yes,2025-12-25,13,
LEAD005026,2025-12-12,West,Mumbai,Dev Patel,Individual,Referral,63,102.77,1,Yes,2025-12-22,10,
LEAD005027,2025-12-12,South,Chennai,Sneha Rao,Individual,Organic Search,65,91.64,4,Yes,2025-12-16,4,
LEAD005028,2025-12-12,West,Pune,Meera Joshi,SME,Google Ads,71,599.82,1,Yes,2026-01-05,24,
LEAD005029,2025-12-12,East,Guwahati,Kavya Roy,Individual,Paid Social,82,386.37,3,No,,,Not Ready Yet
LEAD005030,2025-12-12,North,Delhi,Aarav Sharma,SME,Referral,66,109.30,3,Yes,2025-12-16,4,
LEAD005031,2025-12-12,West,Pune,Rohan Mehta,Corporate,Corporate Outreach,32,262.24,1,No,,,No Response
LEAD005032,2025-12-12,South,Chennai,Sneha Rao,Individual,Organic Search,41,77.70,4,No,,,Not Ready Yet
LEAD005033,2025-12-12,West,Ahmedabad,Meera Joshi,Individual,Organic Search,66,89.66,3,No,,,Competitor Chosen
LEAD005034,2025-12-12,West,Pune,Rohan Mehta,Individual,Organic Search,96,99.55,3,Yes,2025-12-17,5,
LEAD005035,2025-12-12,North,Jaipur,Priya Verma,Individual,Walk-in,53,47.73,6,No,,,Price Too High
LEAD005036,2025-12-13,West,Mumbai,Dev Patel,SME,Paid Social,73,484.03,2,Yes,2026-01-05,23,
LEAD005037,2025-12-13,North,Jaipur,Karan Malhotra,SME,Google Ads,48,580.92,2,No,,,Budget Delayed
LEAD005038,2025-12-13,South,Chennai,Arjun Nair,Individual,Google Ads,44,530.12,6,No,,,Competitor Chosen
LEAD005039,2025-12-13,North,Jaipur,Karan Malhotra,SME,Marketplace,56,172.41,3,No,,,Price Too High
LEAD005040,2025-12-13,East,Bhubaneswar,Vikram Sen,Corporate,Corporate Outreach,80,299.35,3,No,,,No Response
LEAD005041,2025-12-13,North,Lucknow,Karan Malhotra,SME,Corporate Outreach,43,302.73,3,No,,,No Response
LEAD005042,2025-12-13,North,Delhi,Karan Malhotra,SME,Referral,82,104.62,4,Yes,2025-12-14,1,
LEAD005043,2025-12-13,South,Hyderabad,Sneha Rao,SME,Corporate Outreach,92,262.05,1,Yes,2025-12-15,2,
LEAD005044,2025-12-14,West,Pune,Meera Joshi,Individual,Organic Search,73,84.97,4,Yes,2025-12-25,11,
LEAD005045,2025-12-14,North,Jaipur,Priya Verma,Individual,Marketplace,30,215.81,1,Yes,2025-12-24,10,
LEAD005046,2025-12-14,South,Chennai,Arjun Nair,SME,Paid Social,50,393.21,4,Yes,2025-12-28,14,
LEAD005047,2025-12-14,South,Hyderabad,Isha Reddy,SME,Walk-in,58,46.27,4,Yes,2025-12-15,1,
LEAD005048,2025-12-14,West,Pune,Dev Patel,Individual,Walk-in,29,50.92,6,No,,,Price Too High
LEAD005049,2025-12-14,East,Bhubaneswar,Kavya Roy,SME,Organic Search,73,77.13,4,Yes,2025-12-30,16,
LEAD005050,2025-12-15,West,Mumbai,Rohan Mehta,Individual,Paid Social,38,412.19,2,Yes,2025-12-24,9,
LEAD005051,2025-12-15,North,Delhi,Karan Malhotra,Individual,Paid Social,68,409.01,2,No,,,Not Ready Yet
LEAD005052,2025-12-15,West,Ahmedabad,Meera Joshi,Individual,Paid Social,76,481.00,6,No,,,Budget Delayed
LEAD005053,2025-12-15,North,Delhi,Priya Verma,SME,Paid Social,40,372.75,1,No,,,Price Too High
LEAD005054,2025-12-15,South,Bengaluru,Arjun Nair,SME,Organic Search,64,82.23,1,Yes,2025-12-22,7,
LEAD005055,2025-12-15,West,Ahmedabad,Rohan Mehta,Individual,Organic Search,58,98.58,1,Yes,2025-12-18,3,
LEAD005056,2025-12-15,South,Chennai,Arjun Nair,Individual,Paid Social,42,433.74,1,No,,,Price Too High
LEAD005057,2025-12-15,West,Ahmedabad,Dev Patel,Individual,Paid Social,40,475.09,2,No,,,No Response
LEAD005058,2025-12-15,West,Pune,Meera Joshi,Individual,Referral,78,136.88,3,Yes,2025-12-20,5,
LEAD005059,2025-12-15,South,Hyderabad,Arjun Nair,Individual,Referral,74,113.24,4,Yes,2025-12-29,14,
LEAD005060,2025-12-16,North,Lucknow,Aarav Sharma,Individual,Google Ads,69,621.71,3,No,,,Price Too High
LEAD005061,2025-12-16,North,Delhi,Karan Malhotra,Individual,Referral,67,118.44,2,No,,,Competitor Chosen
LEAD005062,2025-12-16,West,Pune,Rohan Mehta,Individual,Organic Search,60,95.70,4,Yes,2026-01-03,18,
LEAD005063,2025-12-16,North,Delhi,Aarav Sharma,Corporate,Walk-in,50,51.98,2,Yes,2026-01-22,37,
LEAD005064,2025-12-16,East,Guwahati,Kavya Roy,Individual,Organic Search,69,90.98,4,No,,,No Response
LEAD005065,2025-12-16,West,Pune,Meera Joshi,Corporate,Corporate Outreach,67,243.70,5,No,,,Competitor Chosen
LEAD005066,2025-12-16,South,Chennai,Isha Reddy,Individual,Referral,41,120.37,6,No,,,No Response
LEAD005067,2025-12-16,West,Pune,Rohan Mehta,Corporate,Referral,52,120.86,5,Yes,2026-01-01,16,
LEAD005068,2025-12-17,South,Hyderabad,Arjun Nair,Individual,Referral,38,116.25,3,Yes,2025-12-18,1,
LEAD005069,2025-12-17,North,Jaipur,Priya Verma,Individual,Organic Search,45,90.57,5,No,,,Price Too High
LEAD005070,2025-12-17,South,Hyderabad,Arjun Nair,SME,Organic Search,58,78.23,1,Yes,2026-01-07,21,
LEAD005071,2025-12-17,North,Jaipur,Aarav Sharma,Individual,Marketplace,68,168.16,5,No,,,Price Too High
LEAD005072,2025-12-17,South,Bengaluru,Arjun Nair,Individual,Google Ads,36,602.10,1,No,,,Budget Delayed
LEAD005073,2025-12-17,South,Hyderabad,Isha Reddy,Individual,Google Ads,53,663.61,2,Yes,2026-01-05,19,
LEAD005074,2025-12-18,South,Hyderabad,Arjun Nair,SME,Organic Search,65,83.18,6,No,,,Price Too High
LEAD005075,2025-12-18,West,Mumbai,Dev Patel,Individual,Google Ads,49,560.66,2,No,,,Price Too High
LEAD005076,2025-12-18,South,Chennai,Sneha Rao,SME,Referral,79,113.69,1,Yes,2026-01-01,14,
LEAD005077,2025-12-18,South,Chennai,Sneha Rao,Corporate,Google Ads,33,648.65,6,Yes,2025-12-29,11,
LEAD005078,2025-12-18,South,Hyderabad,Sneha Rao,SME,Referral,75,133.38,4,Yes,2025-12-30,12,
LEAD005079,2025-12-18,South,Hyderabad,Arjun Nair,Individual,Marketplace,44,196.81,3,Yes,2025-12-23,5,
LEAD005080,2025-12-18,North,Delhi,Aarav Sharma,Individual,Google Ads,76,562.92,4,Yes,2026-01-07,20,
LEAD005081,2025-12-18,South,Bengaluru,Isha Reddy,SME,Organic Search,45,100.40,4,No,,,No Response
LEAD005082,2025-12-18,North,Jaipur,Karan Malhotra,Individual,Organic Search,77,95.13,2,No,,,No Response
LEAD005083,2025-12-18,North,Delhi,Priya Verma,SME,Corporate Outreach,58,303.61,4,No,,,Budget Delayed
LEAD005084,2025-12-18,South,Hyderabad,Isha Reddy,SME,Marketplace,45,180.27,3,Yes,2025-12-27,9,
LEAD005085,2025-12-19,West,Mumbai,Rohan Mehta,Individual,Paid Social,51,463.22,4,Yes,2025-12-22,3,
LEAD005086,2025-12-19,South,Bengaluru,Sneha Rao,Individual,Organic Search,59,83.82,3,No,,,No Response
LEAD005087,2025-12-19,East,Kolkata,Kavya Roy,Individual,Paid Social,50,490.18,1,No,,,Not Ready Yet
LEAD005088,2025-12-19,North,Delhi,Karan Malhotra,Individual,Organic Search,65,94.60,1,No,,,Price Too High
LEAD005089,2025-12-19,North,Delhi,Karan Malhotra,Corporate,Walk-in,62,46.37,3,No,,,Price Too High
LEAD005090,2025-12-19,South,Bengaluru,Arjun Nair,Corporate,Corporate Outreach,67,292.66,5,No,,,Budget Delayed
LEAD005091,2025-12-20,South,Chennai,Sneha Rao,Individual,Google Ads,73,610.19,2,Yes,2025-12-27,7,
LEAD005092,2025-12-20,West,Pune,Dev Patel,Individual,Organic Search,36,82.43,4,No,,,Not Ready Yet
LEAD005093,2025-12-20,West,Mumbai,Dev Patel,SME,Corporate Outreach,52,309.34,1,Yes,2025-12-27,7,
LEAD005094,2025-12-20,East,Bhubaneswar,Kavya Roy,SME,Organic Search,34,94.37,6,No,,,Price Too High
LEAD005095,2025-12-20,North,Lucknow,Aarav Sharma,Individual,Referral,45,114.92,2,Yes,2025-12-26,6,
LEAD005096,2025-12-20,North,Delhi,Aarav Sharma,Individual,Referral,60,115.59,4,Yes,2025-12-24,4,
LEAD005097,2025-12-20,West,Pune,Rohan Mehta,Individual,Google Ads,43,627.81,4,Yes,2025-12-24,4,
LEAD005098,2025-12-21,South,Chennai,Sneha Rao,SME,Walk-in,72,53.39,3,No,,,Budget Delayed
LEAD005099,2025-12-21,North,Delhi,Priya Verma,Individual,Organic Search,69,78.90,2,No,,,Competitor Chosen
LEAD005100,2025-12-21,South,Hyderabad,Arjun Nair,Individual,Marketplace,42,172.03,3,Yes,2025-12-25,4,
LEAD005101,2025-12-21,West,Mumbai,Rohan Mehta,Individual,Google Ads,71,528.06,4,Yes,2026-01-06,16,
LEAD005102,2025-12-21,West,Ahmedabad,Dev Patel,Individual,Organic Search,69,77.35,6,No,,,No Response
LEAD005103,2025-12-22,South,Hyderabad,Arjun Nair,Corporate,Corporate Outreach,65,305.43,4,No,,,Competitor Chosen
LEAD005104,2025-12-22,South,Chennai,Sneha Rao,Individual,Walk-in,63,46.41,2,Yes,2025-12-26,4,
LEAD005105,2025-12-22,West,Mumbai,Dev Patel,Individual,Google Ads,45,555.80,2,Yes,2026-01-03,12,
LEAD005106,2025-12-22,East,Kolkata,Vikram Sen,Individual,Marketplace,48,185.83,1,No,,,No Response
LEAD005107,2025-12-22,West,Pune,Meera Joshi,Individual,Paid Social,62,484.34,2,No,,,Price Too High
LEAD005108,2025-12-22,North,Delhi,Priya Verma,SME,Marketplace,74,190.53,2,Yes,2026-01-03,12,
LEAD005109,2025-12-22,North,Jaipur,Karan Malhotra,Individual,Google Ads,29,649.36,3,No,,,Competitor Chosen
LEAD005110,2025-12-22,South,Hyderabad,Sneha Rao,Individual,Walk-in,38,48.83,6,No,,,Competitor Chosen
LEAD005111,2025-12-22,South,Chennai,Arjun Nair,SME,Paid Social,81,424.52,2,No,,,Price Too High
LEAD005112,2025-12-22,West,Ahmedabad,Meera Joshi,Individual,Google Ads,55,600.26,2,Yes,2026-01-10,19,
LEAD005113,2025-12-23,South,Chennai,Isha Reddy,Individual,Referral,60,111.65,4,Yes,2025-12-27,4,
LEAD005114,2025-12-23,South,Hyderabad,Arjun Nair,Individual,Organic Search,59,95.88,5,No,,,Competitor Chosen
LEAD005115,2025-12-23,South,Hyderabad,Arjun Nair,Individual,Organic Search,70,80.04,3,Yes,2025-12-27,4,
LEAD005116,2025-12-23,East,Kolkata,Neha Das,Individual,Marketplace,69,210.07,5,No,,,Competitor Chosen
LEAD005117,2025-12-23,South,Hyderabad,Isha Reddy,SME,Google Ads,39,611.24,3,Yes,2026-01-01,9,
LEAD005118,2025-12-23,North,Lucknow,Karan Malhotra,Individual,Organic Search,62,83.39,2,Yes,2026-01-14,22,
LEAD005119,2025-12-23,North,Jaipur,Aarav Sharma,Individual,Google Ads,48,560.24,6,No,,,No Response
LEAD005120,2025-12-23,South,Bengaluru,Isha Reddy,Individual,Paid Social,36,422.56,4,Yes,2026-01-07,15,
LEAD005121,2025-12-24,North,Lucknow,Aarav Sharma,SME,Google Ads,50,535.57,3,No,,,No Response
LEAD005122,2025-12-24,South,Bengaluru,Isha Reddy,Individual,Organic Search,39,84.06,5,No,,,Budget Delayed
LEAD005123,2025-12-24,West,Ahmedabad,Meera Joshi,Corporate,Referral,39,137.67,1,Yes,2026-01-19,26,
LEAD005124,2025-12-24,North,Delhi,Karan Malhotra,Individual,Google Ads,51,534.88,2,No,,,Budget Delayed
LEAD005125,2025-12-25,West,Pune,Rohan Mehta,Individual,Google Ads,51,684.38,2,Yes,2025-12-30,5,
LEAD005126,2025-12-25,East,Bhubaneswar,Kavya Roy,Individual,Referral,40,107.82,4,Yes,2026-01-08,14,
LEAD005127,2025-12-25,South,Bengaluru,Isha Reddy,Individual,Google Ads,53,603.61,5,No,,,No Response
LEAD005128,2025-12-25,North,Jaipur,Priya Verma,Individual,Marketplace,58,202.68,6,No,,,No Response
LEAD005129,2025-12-25,North,Lucknow,Karan Malhotra,Individual,Marketplace,22,203.30,5,No,,,No Response
LEAD005130,2025-12-25,West,Pune,Meera Joshi,SME,Walk-in,79,56.48,4,Yes,2026-01-05,11,
LEAD005131,2025-12-25,South,Hyderabad,Sneha Rao,Individual,Walk-in,58,44.17,6,No,,,No Response
LEAD005132,2025-12-25,West,Pune,Dev Patel,SME,Google Ads,76,687.89,2,Yes,2026-01-19,25,
LEAD005133,2025-12-25,West,Pune,Dev Patel,Individual,Organic Search,63,88.81,1,Yes,2026-01-13,19,
LEAD005134,2025-12-25,East,Bhubaneswar,Kavya Roy,Individual,Google Ads,60,586.06,3,No,,,No Response
LEAD005135,2025-12-25,West,Pune,Dev Patel,SME,Paid Social,71,383.94,2,No,,,Not Ready Yet
LEAD005136,2025-12-26,South,Bengaluru,Sneha Rao,Individual,Organic Search,55,78.03,1,Yes,2026-01-02,7,
LEAD005137,2025-12-26,West,Ahmedabad,Dev Patel,Individual,Organic Search,79,89.96,2,Yes,2026-01-19,24,
LEAD005138,2025-12-26,North,Jaipur,Aarav Sharma,Individual,Google Ads,62,664.67,2,Yes,2026-01-19,24,
LEAD005139,2025-12-26,South,Chennai,Arjun Nair,Individual,Organic Search,41,100.48,2,No,,,Competitor Chosen
LEAD005140,2025-12-26,North,Delhi,Aarav Sharma,SME,Google Ads,46,650.14,3,No,,,Competitor Chosen
LEAD005141,2025-12-26,East,Kolkata,Kavya Roy,Corporate,Referral,61,121.39,2,No,,,Competitor Chosen
LEAD005142,2025-12-26,North,Lucknow,Karan Malhotra,Individual,Google Ads,54,631.34,4,Yes,2026-01-01,6,
LEAD005143,2025-12-27,North,Jaipur,Karan Malhotra,Individual,Referral,83,128.90,4,No,,,Budget Delayed
LEAD005144,2025-12-27,South,Bengaluru,Isha Reddy,Individual,Google Ads,50,604.01,3,No,,,No Response
LEAD005145,2025-12-27,South,Chennai,Arjun Nair,Individual,Referral,62,116.33,1,Yes,2025-12-29,2,
LEAD005146,2025-12-27,East,Bhubaneswar,Kavya Roy,SME,Marketplace,64,214.55,5,No,,,Price Too High
LEAD005147,2025-12-27,North,Jaipur,Karan Malhotra,Individual,Referral,82,125.19,2,Yes,2026-01-06,10,
LEAD005148,2025-12-27,North,Delhi,Aarav Sharma,Corporate,Corporate Outreach,40,238.60,6,No,,,Price Too High
LEAD005149,2025-12-27,North,Delhi,Aarav Sharma,Individual,Marketplace,45,191.07,4,Yes,2026-01-08,12,
LEAD005150,2025-12-27,South,Bengaluru,Arjun Nair,Individual,Organic Search,33,101.89,2,No,,,No Response
LEAD005151,2025-12-27,North,Delhi,Priya Verma,Individual,Google Ads,58,615.45,3,No,,,Competitor Chosen
LEAD005152,2025-12-27,West,Mumbai,Dev Patel,Individual,Referral,59,115.47,1,Yes,2025-12-28,1,
LEAD005153,2025-12-27,East,Bhubaneswar,Vikram Sen,Individual,Referral,64,135.43,2,Yes,2026-01-09,13,
LEAD005154,2025-12-27,North,Delhi,Aarav Sharma,Individual,Walk-in,41,44.67,3,Yes,2026-01-10,14,
LEAD005155,2025-12-27,North,Jaipur,Priya Verma,Individual,Organic Search,51,78.29,3,No,,,No Response
LEAD005156,2025-12-27,West,Ahmedabad,Meera Joshi,SME,Marketplace,64,200.82,5,No,,,No Response
LEAD005157,2025-12-28,East,Bhubaneswar,Neha Das,Individual,Paid Social,32,412.84,4,Yes,2026-01-04,7,
LEAD005158,2025-12-28,South,Hyderabad,Sneha Rao,Corporate,Referral,77,103.05,1,No,,,Price Too High
LEAD005159,2025-12-28,South,Bengaluru,Isha Reddy,Individual,Organic Search,52,99.15,5,No,,,Price Too High
LEAD005160,2025-12-28,East,Kolkata,Vikram Sen,SME,Marketplace,62,196.21,3,Yes,2025-12-29,1,
LEAD005161,2025-12-28,West,Mumbai,Meera Joshi,Individual,Paid Social,49,450.41,3,Yes,2026-01-19,22,
LEAD005162,2025-12-28,North,Jaipur,Aarav Sharma,Corporate,Corporate Outreach,61,255.70,4,Yes,2026-01-23,26,
LEAD005163,2025-12-28,North,Jaipur,Priya Verma,Individual,Walk-in,54,46.93,3,Yes,2025-12-31,3,
LEAD005164,2025-12-28,North,Jaipur,Priya Verma,Individual,Organic Search,64,82.33,1,Yes,2026-01-01,4,
LEAD005165,2025-12-28,South,Bengaluru,Sneha Rao,Individual,Organic Search,48,89.15,1,No,,,No Response
LEAD005166,2025-12-29,South,Chennai,Arjun Nair,Individual,Organic Search,55,90.20,5,No,,,Price Too High
LEAD005167,2025-12-29,West,Mumbai,Rohan Mehta,Individual,Google Ads,51,547.89,3,No,,,Competitor Chosen
LEAD005168,2025-12-29,South,Chennai,Isha Reddy,Individual,Google Ads,68,662.63,4,Yes,2026-01-10,12,
LEAD005169,2025-12-29,South,Hyderabad,Isha Reddy,Individual,Marketplace,83,192.71,3,Yes,2025-12-30,1,
LEAD005170,2025-12-29,North,Delhi,Karan Malhotra,Individual,Google Ads,67,639.03,2,Yes,2026-01-13,15,
LEAD005171,2025-12-29,West,Ahmedabad,Dev Patel,Individual,Walk-in,61,54.10,3,Yes,2026-01-08,10,
LEAD005172,2025-12-29,West,Mumbai,Rohan Mehta,Individual,Walk-in,46,48.22,2,No,,,Competitor Chosen
LEAD005173,2025-12-29,South,Hyderabad,Arjun Nair,SME,Google Ads,41,530.36,1,No,,,Competitor Chosen
LEAD005174,2025-12-30,North,Jaipur,Priya Verma,Corporate,Referral,41,123.39,4,Yes,2026-01-16,17,
LEAD005175,2025-12-30,North,Lucknow,Karan Malhotra,Individual,Google Ads,36,607.87,5,No,,,Price Too High
LEAD005176,2025-12-30,South,Bengaluru,Isha Reddy,Individual,Referral,59,111.88,2,Yes,2026-01-08,9,
LEAD005177,2025-12-30,North,Lucknow,Aarav Sharma,SME,Walk-in,53,54.13,2,Yes,2026-01-11,12,
LEAD005178,2025-12-30,South,Hyderabad,Sneha Rao,Individual,Referral,60,105.43,2,Yes,2026-01-03,4,
LEAD005179,2025-12-30,West,Pune,Rohan Mehta,SME,Marketplace,66,208.08,2,Yes,2026-01-05,6,
LEAD005180,2025-12-30,East,Bhubaneswar,Vikram Sen,SME,Corporate Outreach,48,240.76,1,Yes,2026-01-01,2,
LEAD005181,2025-12-31,West,Mumbai,Dev Patel,Individual,Paid Social,39,426.51,2,No,,,Price Too High
LEAD005182,2025-12-31,South,Bengaluru,Isha Reddy,Individual,Paid Social,50,432.17,4,No,,,Not Ready Yet
LEAD005183,2025-12-31,North,Delhi,Aarav Sharma,Individual,Referral,69,105.98,4,No,,,No Response
LEAD005184,2025-12-31,West,Mumbai,Dev Patel,Individual,Google Ads,56,689.81,3,Yes,2026-01-09,9,
LEAD005185,2025-12-31,West,Pune,Rohan Mehta,Individual,Referral,44,132.91,2,No,,,Competitor Chosen
LEAD005186,2025-12-31,North,Delhi,Aarav Sharma,SME,Marketplace,39,175.81,4,No,,,Price Too High
LEAD005187,2025-12-31,West,Pune,Dev Patel,SME,Organic Search,62,91.68,3,No,,,Not Ready Yet
LEAD005188,2026-01-01,West,Mumbai,Meera Joshi,Individual,Google Ads,78,695.61,4,Yes,2026-01-24,23,
LEAD005189,2026-01-01,North,Lucknow,Karan Malhotra,Corporate,Corporate Outreach,96,295.71,7,Yes,2026-01-15,14,
LEAD005190,2026-01-01,North,Jaipur,Aarav Sharma,Individual,Google Ads,63,626.99,4,Yes,2026-01-14,13,
LEAD005191,2026-01-01,West,Mumbai,Meera Joshi,SME,Google Ads,49,566.67,3,Yes,2026-01-04,3,
LEAD005192,2026-01-01,East,Guwahati,Kavya Roy,SME,Corporate Outreach,81,250.42,1,No,,,Budget Delayed
LEAD005193,2026-01-01,North,Delhi,Karan Malhotra,Individual,Organic Search,49,85.33,1,No,,,Competitor Chosen
LEAD005194,2026-01-01,West,Ahmedabad,Rohan Mehta,Individual,Walk-in,64,48.21,4,No,,,Price Too High
LEAD005195,2026-01-02,West,Mumbai,Dev Patel,Individual,Walk-in,62,54.91,6,No,,,Not Ready Yet
LEAD005196,2026-01-02,West,Mumbai,Rohan Mehta,Individual,Organic Search,48,78.13,4,Yes,2026-01-08,6,
LEAD005197,2026-01-02,South,Bengaluru,Sneha Rao,Individual,Referral,80,111.44,2,Yes,2026-01-08,6,
LEAD005198,2026-01-02,West,Mumbai,Rohan Mehta,SME,Google Ads,60,647.47,3,Yes,2026-01-07,5,
LEAD005199,2026-01-02,South,Hyderabad,Arjun Nair,SME,Marketplace,62,174.35,4,Yes,2026-01-05,3,
LEAD005200,2026-01-02,South,Chennai,Isha Reddy,Individual,Paid Social,75,434.41,4,No,,,Not Ready Yet
LEAD005201,2026-01-03,East,Bhubaneswar,Vikram Sen,SME,Marketplace,73,216.77,3,Yes,2026-01-05,2,
LEAD005202,2026-01-03,North,Delhi,Priya Verma,Individual,Walk-in,77,55.44,2,Yes,2026-01-04,1,
LEAD005203,2026-01-03,West,Mumbai,Dev Patel,Individual,Google Ads,27,613.18,3,Yes,2026-01-25,22,
LEAD005204,2026-01-03,West,Mumbai,Dev Patel,Individual,Paid Social,43,450.87,2,No,,,Price Too High
LEAD005205,2026-01-03,East,Guwahati,Kavya Roy,SME,Paid Social,66,442.05,6,No,,,No Response
LEAD005206,2026-01-03,West,Ahmedabad,Rohan Mehta,SME,Paid Social,69,413.63,3,Yes,2026-01-19,16,
LEAD005207,2026-01-03,West,Ahmedabad,Dev Patel,SME,Organic Search,46,95.12,2,No,,,No Response
LEAD005208,2026-01-04,North,Delhi,Aarav Sharma,Individual,Marketplace,70,178.14,1,Yes,2026-01-07,3,
LEAD005209,2026-01-04,North,Jaipur,Karan Malhotra,SME,Referral,61,109.81,4,Yes,2026-01-07,3,
LEAD005210,2026-01-04,North,Delhi,Priya Verma,Individual,Google Ads,66,654.03,3,No,,,No Response
LEAD005211,2026-01-04,South,Hyderabad,Arjun Nair,Individual,Marketplace,65,213.46,2,Yes,2026-01-05,1,
LEAD005212,2026-01-04,West,Pune,Meera Joshi,SME,Walk-in,59,46.50,2,Yes,2026-01-15,11,
LEAD005213,2026-01-05,East,Bhubaneswar,Kavya Roy,Individual,Paid Social,61,477.36,5,No,,,Competitor Chosen
LEAD005214,2026-01-05,South,Bengaluru,Sneha Rao,SME,Google Ads,23,603.94,4,No,,,Price Too High
LEAD005215,2026-01-05,South,Chennai,Isha Reddy,Individual,Referral,74,117.52,2,Yes,2026-01-07,2,
LEAD005216,2026-01-05,South,Hyderabad,Arjun Nair,Individual,Walk-in,75,52.24,4,Yes,2026-01-17,12,
LEAD005217,2026-01-05,East,Guwahati,Kavya Roy,Individual,Organic Search,56,82.59,3,Yes,2026-01-15,10,
LEAD005218,2026-01-05,North,Lucknow,Karan Malhotra,SME,Referral,83,117.67,5,No,,,Price Too High
LEAD005219,2026-01-05,West,Mumbai,Meera Joshi,Individual,Google Ads,78,636.65,4,Yes,2026-01-08,3,
LEAD005220,2026-01-05,East,Kolkata,Kavya Roy,Individual,Walk-in,43,49.61,5,No,,,Not Ready Yet
LEAD005221,2026-01-06,West,Mumbai,Dev Patel,Individual,Paid Social,48,462.75,4,No,,,Competitor Chosen
LEAD005222,2026-01-06,South,Bengaluru,Isha Reddy,Corporate,Referral,61,128.63,3,Yes,2026-01-28,22,
LEAD005223,2026-01-06,North,Delhi,Karan Malhotra,SME,Walk-in,45,54.58,4,No,,,No Response
LEAD005224,2026-01-06,North,Jaipur,Priya Verma,Individual,Google Ads,60,570.54,5,No,,,Price Too High
LEAD005225,2026-01-06,South,Chennai,Isha Reddy,Individual,Marketplace,79,192.54,5,No,,,Not Ready Yet
LEAD005226,2026-01-06,South,Chennai,Isha Reddy,Individual,Marketplace,33,203.24,4,Yes,2026-01-17,11,
LEAD005227,2026-01-06,West,Ahmedabad,Rohan Mehta,Individual,Google Ads,63,674.02,1,Yes,2026-01-08,2,
LEAD005228,2026-01-06,West,Mumbai,Meera Joshi,Individual,Paid Social,47,466.23,2,Yes,2026-01-14,8,
LEAD005229,2026-01-06,South,Bengaluru,Arjun Nair,Individual,Organic Search,50,76.82,6,No,,,No Response
LEAD005230,2026-01-06,West,Ahmedabad,Dev Patel,Individual,Referral,63,135.00,1,Yes,2026-01-13,7,
LEAD005231,2026-01-07,North,Delhi,Aarav Sharma,Individual,Google Ads,72,553.92,1,Yes,2026-01-26,19,
LEAD005232,2026-01-07,East,Kolkata,Neha Das,Individual,Google Ads,45,587.59,4,Yes,2026-01-31,24,
LEAD005233,2026-01-07,West,Ahmedabad,Dev Patel,Individual,Google Ads,64,567.62,1,No,,,No Response
LEAD005234,2026-01-07,South,Bengaluru,Isha Reddy,Individual,Marketplace,71,196.99,5,No,,,No Response
LEAD005235,2026-01-07,South,Bengaluru,Arjun Nair,SME,Organic Search,48,100.31,4,No,,,No Response
LEAD005236,2026-01-07,North,Delhi,Priya Verma,Individual,Marketplace,64,212.21,6,No,,,Competitor Chosen
LEAD005237,2026-01-08,West,Pune,Meera Joshi,Individual,Organic Search,58,98.27,3,Yes,2026-01-22,14,
LEAD005238,2026-01-08,South,Hyderabad,Isha Reddy,Individual,Google Ads,54,701.28,5,No,,,Competitor Chosen
LEAD005239,2026-01-09,South,Hyderabad,Sneha Rao,Individual,Marketplace,90,193.94,4,Yes,2026-01-11,2,
LEAD005240,2026-01-09,West,Mumbai,Dev Patel,Individual,Organic Search,81,95.10,2,Yes,2026-01-31,22,
LEAD005241,2026-01-09,West,Ahmedabad,Rohan Mehta,Individual,Organic Search,52,80.96,1,Yes,2026-01-20,11,
LEAD005242,2026-01-09,North,Delhi,Karan Malhotra,Individual,Referral,73,108.10,1,Yes,2026-01-21,12,
LEAD005243,2026-01-09,North,Lucknow,Aarav Sharma,Individual,Organic Search,72,80.80,3,Yes,2026-01-19,10,
LEAD005244,2026-01-09,South,Bengaluru,Arjun Nair,Individual,Referral,53,132.53,3,Yes,2026-01-16,7,
LEAD005245,2026-01-09,East,Kolkata,Kavya Roy,Individual,Organic Search,78,89.76,3,No,,,Competitor Chosen
LEAD005246,2026-01-09,North,Jaipur,Karan Malhotra,Individual,Marketplace,85,184.60,1,Yes,2026-01-13,4,
LEAD005247,2026-01-09,West,Ahmedabad,Dev Patel,Individual,Google Ads,37,678.27,5,No,,,Competitor Chosen
LEAD005248,2026-01-10,North,Jaipur,Karan Malhotra,SME,Organic Search,54,89.26,2,No,,,Budget Delayed
LEAD005249,2026-01-10,North,Delhi,Aarav Sharma,Individual,Referral,68,133.56,1,Yes,2026-01-20,10,
LEAD005250,2026-01-10,West,Pune,Dev Patel,Individual,Google Ads,73,553.46,2,No,,,Competitor Chosen
LEAD005251,2026-01-10,South,Chennai,Arjun Nair,Individual,Organic Search,66,95.20,3,No,,,Price Too High
LEAD005252,2026-01-10,South,Hyderabad,Sneha Rao,SME,Google Ads,83,646.30,4,Yes,2026-01-30,20,
LEAD005253,2026-01-10,North,Jaipur,Priya Verma,SME,Marketplace,68,213.07,3,Yes,2026-01-11,1,
LEAD005254,2026-01-10,North,Lucknow,Aarav Sharma,Individual,Marketplace,92,197.73,3,Yes,2026-01-17,7,
LEAD005255,2026-01-10,North,Delhi,Priya Verma,SME,Corporate Outreach,71,268.60,4,Yes,2026-02-03,24,
LEAD005256,2026-01-10,West,Pune,Dev Patel,Individual,Organic Search,26,82.68,5,No,,,Price Too High
LEAD005257,2026-01-11,South,Chennai,Sneha Rao,SME,Paid Social,49,456.03,4,No,,,Price Too High
LEAD005258,2026-01-11,North,Jaipur,Aarav Sharma,Individual,Paid Social,69,388.40,2,No,,,Not Ready Yet
LEAD005259,2026-01-11,North,Delhi,Karan Malhotra,Individual,Marketplace,57,187.86,4,No,,,Not Ready Yet
LEAD005260,2026-01-11,North,Delhi,Karan Malhotra,Individual,Organic Search,74,83.81,4,No,,,No Response
LEAD005261,2026-01-11,South,Bengaluru,Sneha Rao,Individual,Google Ads,67,710.98,2,Yes,2026-01-16,5,
LEAD005262,2026-01-11,North,Delhi,Karan Malhotra,Individual,Marketplace,43,209.00,1,No,,,Budget Delayed
LEAD005263,2026-01-11,East,Guwahati,Kavya Roy,Corporate,Organic Search,71,78.54,2,Yes,2026-01-28,17,
LEAD005264,2026-01-11,North,Lucknow,Aarav Sharma,Individual,Google Ads,73,622.65,2,No,,,Competitor Chosen
LEAD005265,2026-01-11,East,Kolkata,Kavya Roy,Individual,Organic Search,68,91.98,3,No,,,Price Too High
LEAD005266,2026-01-12,South,Hyderabad,Isha Reddy,Individual,Organic Search,75,89.98,3,No,,,Competitor Chosen
LEAD005267,2026-01-12,South,Bengaluru,Sneha Rao,Individual,Organic Search,48,88.41,3,No,,,No Response
LEAD005268,2026-01-12,West,Ahmedabad,Dev Patel,Individual,Marketplace,57,218.06,1,Yes,2026-01-21,9,
LEAD005269,2026-01-12,East,Bhubaneswar,Neha Das,Corporate,Organic Search,62,78.64,2,Yes,2026-02-10,29,
LEAD005270,2026-01-12,South,Bengaluru,Arjun Nair,Individual,Paid Social,59,392.71,1,Yes,2026-01-28,16,
LEAD005271,2026-01-12,North,Lucknow,Aarav Sharma,Individual,Referral,58,121.83,2,Yes,2026-01-15,3,
LEAD005272,2026-01-12,South,Hyderabad,Arjun Nair,Individual,Google Ads,46,593.12,3,No,,,No Response
LEAD005273,2026-01-12,South,Bengaluru,Arjun Nair,Individual,Marketplace,34,210.48,6,No,,,Budget Delayed
LEAD005274,2026-01-12,West,Mumbai,Rohan Mehta,Individual,Paid Social,35,440.13,5,No,,,Not Ready Yet
LEAD005275,2026-01-13,North,Jaipur,Karan Malhotra,SME,Google Ads,57,633.22,1,Yes,2026-01-27,14,
LEAD005276,2026-01-13,West,Mumbai,Meera Joshi,Individual,Organic Search,58,77.00,5,No,,,Competitor Chosen
LEAD005277,2026-01-13,East,Bhubaneswar,Neha Das,Individual,Organic Search,26,80.90,3,No,,,Price Too High
LEAD005278,2026-01-13,South,Bengaluru,Arjun Nair,SME,Paid Social,46,440.10,4,Yes,2026-01-19,6,
LEAD005279,2026-01-13,West,Pune,Rohan Mehta,Individual,Organic Search,66,86.59,2,Yes,2026-01-22,9,
LEAD005280,2026-01-13,East,Kolkata,Neha Das,Individual,Paid Social,39,454.50,6,No,,,Budget Delayed
LEAD005281,2026-01-13,West,Mumbai,Rohan Mehta,Individual,Organic Search,76,84.63,3,Yes,2026-02-07,25,
LEAD005282,2026-01-13,North,Jaipur,Karan Malhotra,SME,Organic Search,70,76.99,4,No,,,Competitor Chosen
LEAD005283,2026-01-13,South,Hyderabad,Isha Reddy,Individual,Organic Search,88,82.75,4,Yes,2026-02-02,20,
LEAD005284,2026-01-14,East,Bhubaneswar,Neha Das,Corporate,Referral,84,118.09,1,Yes,2026-02-16,33,
LEAD005285,2026-01-14,South,Bengaluru,Arjun Nair,Individual,Referral,90,105.69,1,Yes,2026-01-19,5,
LEAD005286,2026-01-14,North,Jaipur,Priya Verma,Corporate,Walk-in,48,53.85,2,No,,,Not Ready Yet
LEAD005287,2026-01-14,North,Delhi,Priya Verma,Individual,Organic Search,59,90.98,4,Yes,2026-01-21,7,
LEAD005288,2026-01-14,West,Pune,Meera Joshi,Individual,Google Ads,60,564.43,5,No,,,Budget Delayed
LEAD005289,2026-01-14,North,Lucknow,Aarav Sharma,Individual,Google Ads,57,635.31,2,No,,,Price Too High
LEAD005290,2026-01-14,South,Hyderabad,Isha Reddy,Individual,Marketplace,47,183.18,1,No,,,Budget Delayed
LEAD005291,2026-01-14,East,Kolkata,Vikram Sen,SME,Walk-in,30,48.35,2,No,,,No Response
LEAD005292,2026-01-15,West,Mumbai,Meera Joshi,Corporate,Organic Search,62,77.28,7,Yes,2026-02-13,29,
LEAD005293,2026-01-15,South,Hyderabad,Sneha Rao,Individual,Google Ads,67,708.25,3,Yes,2026-02-06,22,
LEAD005294,2026-01-15,South,Hyderabad,Arjun Nair,Individual,Organic Search,77,92.82,2,Yes,2026-01-25,10,
LEAD005295,2026-01-16,South,Bengaluru,Sneha Rao,Individual,Organic Search,43,77.04,6,No,,,No Response
LEAD005296,2026-01-16,West,Ahmedabad,Rohan Mehta,Corporate,Corporate Outreach,69,297.00,6,Yes,2026-02-16,31,
LEAD005297,2026-01-16,South,Hyderabad,Sneha Rao,Individual,Marketplace,81,197.33,2,Yes,2026-01-21,5,
LEAD005298,2026-01-16,West,Ahmedabad,Rohan Mehta,SME,Referral,49,108.09,4,Yes,2026-01-22,6,
LEAD005299,2026-01-16,South,Bengaluru,Arjun Nair,Individual,Walk-in,65,47.23,4,Yes,2026-01-19,3,
LEAD005300,2026-01-16,North,Delhi,Priya Verma,Individual,Google Ads,61,608.59,1,Yes,2026-02-10,25,
LEAD005301,2026-01-16,West,Ahmedabad,Meera Joshi,Corporate,Corporate Outreach,80,297.06,5,Yes,2026-02-06,21,
LEAD005302,2026-01-17,South,Bengaluru,Arjun Nair,Individual,Google Ads,45,662.38,2,No,,,No Response
LEAD005303,2026-01-17,East,Kolkata,Kavya Roy,Individual,Google Ads,45,651.08,2,No,,,Budget Delayed
LEAD005304,2026-01-17,South,Chennai,Sneha Rao,Individual,Walk-in,59,46.69,2,Yes,2026-01-19,2,
LEAD005305,2026-01-17,South,Hyderabad,Isha Reddy,Individual,Referral,61,113.22,5,No,,,Price Too High
LEAD005306,2026-01-18,South,Hyderabad,Isha Reddy,Individual,Walk-in,55,46.91,1,Yes,2026-01-20,2,
LEAD005307,2026-01-18,North,Delhi,Aarav Sharma,Individual,Walk-in,74,48.18,1,Yes,2026-01-20,2,
LEAD005308,2026-01-18,North,Delhi,Priya Verma,Individual,Google Ads,51,693.02,4,Yes,2026-02-11,24,
LEAD005309,2026-01-18,North,Delhi,Priya Verma,Individual,Google Ads,60,613.41,3,Yes,2026-02-02,15,
LEAD005310,2026-01-18,West,Mumbai,Dev Patel,Individual,Organic Search,60,94.41,2,Yes,2026-02-12,25,
LEAD005311,2026-01-18,North,Delhi,Aarav Sharma,Individual,Walk-in,55,56.68,5,No,,,Competitor Chosen
LEAD005312,2026-01-18,South,Chennai,Arjun Nair,Individual,Organic Search,52,103.01,1,No,,,Price Too High
LEAD005313,2026-01-18,West,Pune,Dev Patel,SME,Google Ads,30,686.77,2,No,,,No Response
LEAD005314,2026-01-19,West,Mumbai,Meera Joshi,SME,Marketplace,48,198.13,1,No,,,Budget Delayed
LEAD005315,2026-01-19,South,Bengaluru,Isha Reddy,Individual,Paid Social,33,430.50,6,No,,,Not Ready Yet
LEAD005316,2026-01-19,West,Pune,Dev Patel,Individual,Organic Search,49,81.05,1,Yes,2026-02-05,17,
LEAD005317,2026-01-19,North,Jaipur,Priya Verma,Individual,Referral,92,120.89,2,Yes,2026-01-31,12,
LEAD005318,2026-01-19,South,Bengaluru,Isha Reddy,Individual,Marketplace,65,210.10,6,No,,,Competitor Chosen
LEAD005319,2026-01-20,South,Hyderabad,Sneha Rao,Corporate,Walk-in,98,54.55,4,Yes,2026-02-09,20,
LEAD005320,2026-01-20,South,Bengaluru,Sneha Rao,Individual,Organic Search,36,84.19,3,Yes,2026-02-11,22,
LEAD005321,2026-01-20,North,Delhi,Priya Verma,Individual,Google Ads,48,576.89,5,No,,,Budget Delayed
LEAD005322,2026-01-20,West,Mumbai,Dev Patel,Corporate,Corporate Outreach,45,292.19,3,No,,,No Response
LEAD005323,2026-01-20,East,Guwahati,Kavya Roy,Corporate,Corporate Outreach,73,302.04,4,No,,,No Response
LEAD005324,2026-01-20,South,Bengaluru,Isha Reddy,Individual,Marketplace,63,204.19,3,Yes,2026-01-22,2,
LEAD005325,2026-01-20,West,Mumbai,Meera Joshi,Corporate,Referral,77,109.28,4,Yes,2026-02-05,16,
LEAD005326,2026-01-20,North,Jaipur,Karan Malhotra,Individual,Walk-in,74,54.43,3,Yes,2026-01-27,7,
LEAD005327,2026-01-20,South,Bengaluru,Arjun Nair,SME,Walk-in,50,54.55,5,No,,,No Response
LEAD005328,2026-01-21,West,Mumbai,Meera Joshi,SME,Walk-in,76,44.10,3,Yes,2026-01-28,7,
LEAD005329,2026-01-21,West,Pune,Dev Patel,Individual,Google Ads,55,687.83,4,No,,,Price Too High
LEAD005330,2026-01-21,West,Pune,Meera Joshi,Individual,Referral,36,114.38,1,Yes,2026-01-24,3,
LEAD005331,2026-01-21,West,Mumbai,Rohan Mehta,Individual,Walk-in,59,51.42,2,Yes,2026-01-28,7,
LEAD005332,2026-01-21,North,Jaipur,Karan Malhotra,Individual,Referral,74,116.16,4,Yes,2026-02-03,13,
LEAD005333,2026-01-22,West,Pune,Meera Joshi,Individual,Google Ads,75,593.29,4,Yes,2026-01-26,4,
LEAD005334,2026-01-22,North,Delhi,Priya Verma,Individual,Referral,64,124.71,5,No,,,No Response
LEAD005335,2026-01-22,West,Mumbai,Meera Joshi,Individual,Marketplace,63,170.18,1,Yes,2026-01-29,7,
LEAD005336,2026-01-22,North,Delhi,Priya Verma,SME,Corporate Outreach,46,273.25,4,No,,,Competitor Chosen
LEAD005337,2026-01-22,West,Ahmedabad,Meera Joshi,SME,Referral,87,115.65,2,Yes,2026-02-04,13,
LEAD005338,2026-01-22,North,Jaipur,Aarav Sharma,Individual,Walk-in,21,51.22,4,Yes,2026-01-26,4,
LEAD005339,2026-01-22,East,Bhubaneswar,Vikram Sen,Individual,Paid Social,46,489.99,1,No,,,Not Ready Yet
LEAD005340,2026-01-22,South,Hyderabad,Isha Reddy,SME,Marketplace,47,215.77,2,Yes,2026-01-25,3,
LEAD005341,2026-01-22,South,Hyderabad,Arjun Nair,Individual,Google Ads,73,592.32,1,Yes,2026-02-08,17,
LEAD005342,2026-01-22,North,Jaipur,Karan Malhotra,Individual,Marketplace,47,176.34,2,No,,,Price Too High
LEAD005343,2026-01-22,West,Pune,Dev Patel,SME,Referral,72,133.17,2,Yes,2026-02-05,14,
LEAD005344,2026-01-23,East,Kolkata,Neha Das,Corporate,Corporate Outreach,38,263.69,4,No,,,Competitor Chosen
LEAD005345,2026-01-23,North,Delhi,Karan Malhotra,Individual,Paid Social,62,458.04,1,Yes,2026-01-29,6,
LEAD005346,2026-01-23,East,Guwahati,Neha Das,SME,Organic Search,54,96.06,1,No,,,No Response
LEAD005347,2026-01-23,West,Ahmedabad,Dev Patel,SME,Corporate Outreach,68,249.90,4,No,,,Competitor Chosen
LEAD005348,2026-01-23,North,Delhi,Aarav Sharma,Individual,Organic Search,28,102.96,3,No,,,No Response
LEAD005349,2026-01-23,West,Mumbai,Dev Patel,Individual,Walk-in,47,50.69,3,Yes,2026-01-30,7,
LEAD005350,2026-01-23,South,Chennai,Arjun Nair,SME,Walk-in,36,50.65,1,Yes,2026-01-26,3,
LEAD005351,2026-01-24,South,Hyderabad,Sneha Rao,Individual,Marketplace,59,195.83,4,No,,,Budget Delayed
LEAD005352,2026-01-24,North,Jaipur,Priya Verma,Individual,Organic Search,44,83.52,2,Yes,2026-01-26,2,
LEAD005353,2026-01-24,West,Mumbai,Dev Patel,Individual,Referral,62,126.14,1,Yes,2026-02-06,13,
LEAD005354,2026-01-25,West,Mumbai,Meera Joshi,SME,Organic Search,67,82.51,4,No,,,Price Too High
LEAD005355,2026-01-25,East,Kolkata,Vikram Sen,Individual,Organic Search,89,77.58,1,Yes,2026-02-08,14,
LEAD005356,2026-01-25,North,Lucknow,Priya Verma,Individual,Walk-in,39,48.18,5,No,,,No Response
LEAD005357,2026-01-25,West,Mumbai,Dev Patel,Individual,Organic Search,66,92.77,1,Yes,2026-02-02,8,
LEAD005358,2026-01-25,North,Jaipur,Aarav Sharma,Individual,Marketplace,65,195.74,5,No,,,Not Ready Yet
LEAD005359,2026-01-25,North,Delhi,Aarav Sharma,Individual,Paid Social,30,375.59,1,Yes,2026-02-03,9,
LEAD005360,2026-01-25,West,Ahmedabad,Meera Joshi,SME,Referral,52,107.64,1,Yes,2026-01-30,5,
LEAD005361,2026-01-25,West,Mumbai,Rohan Mehta,Individual,Marketplace,50,207.39,3,Yes,2026-02-05,11,
LEAD005362,2026-01-26,South,Hyderabad,Isha Reddy,Individual,Organic Search,62,83.38,6,No,,,Not Ready Yet
LEAD005363,2026-01-26,South,Bengaluru,Isha Reddy,Individual,Marketplace,82,169.15,2,Yes,2026-01-29,3,
LEAD005364,2026-01-26,South,Hyderabad,Arjun Nair,Individual,Google Ads,46,666.26,1,No,,,Competitor Chosen
LEAD005365,2026-01-26,West,Mumbai,Meera Joshi,Individual,Organic Search,63,84.04,6,No,,,No Response
LEAD005366,2026-01-26,West,Mumbai,Meera Joshi,Individual,Organic Search,84,79.57,4,Yes,2026-01-29,3,
LEAD005367,2026-01-26,East,Guwahati,Vikram Sen,Individual,Marketplace,61,210.64,4,Yes,2026-01-31,5,
LEAD005368,2026-01-26,North,Delhi,Aarav Sharma,SME,Walk-in,68,48.96,2,Yes,2026-01-27,1,
LEAD005369,2026-01-27,West,Mumbai,Rohan Mehta,Individual,Organic Search,54,92.74,2,Yes,2026-02-18,22,
LEAD005370,2026-01-27,South,Hyderabad,Isha Reddy,Individual,Walk-in,36,55.95,1,Yes,2026-02-09,13,
LEAD005371,2026-01-27,East,Kolkata,Neha Das,Individual,Organic Search,75,86.84,1,Yes,2026-02-11,15,
LEAD005372,2026-01-27,North,Lucknow,Priya Verma,Individual,Paid Social,51,375.72,3,Yes,2026-02-21,25,
LEAD005373,2026-01-27,South,Hyderabad,Sneha Rao,Individual,Organic Search,35,84.70,1,Yes,2026-02-16,20,
LEAD005374,2026-01-27,North,Delhi,Karan Malhotra,Individual,Walk-in,49,54.52,1,No,,,Budget Delayed
LEAD005375,2026-01-27,North,Delhi,Aarav Sharma,Individual,Paid Social,55,425.18,1,No,,,Price Too High
LEAD005376,2026-01-27,West,Pune,Rohan Mehta,Individual,Marketplace,62,178.75,1,Yes,2026-02-08,12,
LEAD005377,2026-01-27,South,Hyderabad,Isha Reddy,Individual,Marketplace,62,203.59,4,No,,,Budget Delayed
LEAD005378,2026-01-28,South,Bengaluru,Isha Reddy,Individual,Paid Social,51,384.74,3,Yes,2026-02-13,16,
LEAD005379,2026-01-28,North,Lucknow,Karan Malhotra,Individual,Organic Search,69,79.81,2,Yes,2026-02-01,4,
LEAD005380,2026-01-28,South,Hyderabad,Arjun Nair,Individual,Referral,64,130.63,1,Yes,2026-02-09,12,
LEAD005381,2026-01-28,West,Mumbai,Rohan Mehta,Individual,Organic Search,57,86.29,6,No,,,No Response
LEAD005382,2026-01-28,West,Mumbai,Dev Patel,Individual,Organic Search,67,76.54,4,No,,,Price Too High
LEAD005383,2026-01-28,West,Pune,Dev Patel,Individual,Organic Search,41,84.26,6,No,,,Competitor Chosen
LEAD005384,2026-01-28,South,Hyderabad,Isha Reddy,SME,Walk-in,50,55.46,3,No,,,No Response
LEAD005385,2026-01-28,East,Kolkata,Kavya Roy,SME,Referral,65,106.66,2,Yes,2026-02-03,6,
LEAD005386,2026-01-28,West,Mumbai,Dev Patel,Individual,Walk-in,31,44.77,1,No,,,Budget Delayed
LEAD005387,2026-01-28,East,Kolkata,Neha Das,Individual,Marketplace,35,207.47,1,Yes,2026-02-04,7,
LEAD005388,2026-01-28,South,Chennai,Arjun Nair,Individual,Organic Search,70,89.82,1,Yes,2026-02-02,5,
LEAD005389,2026-01-28,South,Chennai,Arjun Nair,Individual,Referral,61,115.69,1,Yes,2026-02-09,12,
LEAD005390,2026-01-28,East,Kolkata,Kavya Roy,Individual,Paid Social,72,386.65,3,Yes,2026-02-15,18,
LEAD005391,2026-01-29,West,Mumbai,Meera Joshi,SME,Corporate Outreach,65,307.30,3,Yes,2026-02-20,22,
LEAD005392,2026-01-29,West,Mumbai,Dev Patel,Individual,Paid Social,60,438.27,3,No,,,No Response
LEAD005393,2026-01-29,North,Jaipur,Aarav Sharma,Individual,Referral,88,108.87,2,Yes,2026-01-31,2,
LEAD005394,2026-01-30,North,Jaipur,Priya Verma,SME,Paid Social,36,389.16,2,Yes,2026-02-05,6,
LEAD005395,2026-01-30,West,Mumbai,Meera Joshi,Individual,Referral,40,119.35,4,Yes,2026-02-07,8,
LEAD005396,2026-01-30,North,Delhi,Aarav Sharma,Corporate,Walk-in,49,52.69,5,No,,,No Response
LEAD005397,2026-01-30,North,Lucknow,Karan Malhotra,Individual,Referral,61,130.43,2,Yes,2026-02-11,12,
LEAD005398,2026-01-31,South,Bengaluru,Arjun Nair,Individual,Organic Search,69,84.59,4,Yes,2026-02-15,15,
LEAD005399,2026-01-31,West,Mumbai,Meera Joshi,Individual,Google Ads,77,557.04,2,Yes,2026-02-12,12,
LEAD005400,2026-01-31,North,Jaipur,Aarav Sharma,SME,Corporate Outreach,52,252.69,4,Yes,2026-02-05,5,
LEAD005401,2026-01-31,South,Hyderabad,Isha Reddy,Individual,Organic Search,74,85.72,4,No,,,Competitor Chosen
LEAD005402,2026-01-31,East,Kolkata,Vikram Sen,Individual,Referral,85,121.62,1,Yes,2026-02-01,1,
LEAD005403,2026-01-31,West,Pune,Rohan Mehta,Corporate,Organic Search,80,102.85,4,No,,,Competitor Chosen
LEAD005404,2026-01-31,South,Hyderabad,Isha Reddy,Individual,Marketplace,51,179.19,1,No,,,No Response
LEAD005405,2026-02-01,West,Pune,Meera Joshi,Individual,Organic Search,64,98.95,4,Yes,2026-02-21,20,
LEAD005406,2026-02-01,North,Delhi,Aarav Sharma,Corporate,Corporate Outreach,41,257.33,2,No,,,Budget Delayed
LEAD005407,2026-02-01,West,Ahmedabad,Dev Patel,Individual,Walk-in,63,49.97,6,No,,,Budget Delayed
LEAD005408,2026-02-02,South,Bengaluru,Sneha Rao,Individual,Paid Social,65,369.03,5,No,,,Price Too High
LEAD005409,2026-02-02,South,Bengaluru,Sneha Rao,Individual,Referral,53,126.04,4,Yes,2026-02-10,8,
LEAD005410,2026-02-02,South,Hyderabad,Sneha Rao,Corporate,Corporate Outreach,80,300.23,5,Yes,2026-03-11,37,
LEAD005411,2026-02-02,South,Hyderabad,Isha Reddy,Individual,Referral,79,113.69,3,Yes,2026-02-16,14,
LEAD005412,2026-02-02,North,Delhi,Priya Verma,SME,Corporate Outreach,83,316.72,2,No,,,Price Too High
LEAD005413,2026-02-02,North,Jaipur,Priya Verma,Individual,Google Ads,32,595.07,2,Yes,2026-02-24,22,
LEAD005414,2026-02-02,South,Chennai,Sneha Rao,SME,Walk-in,75,51.39,1,Yes,2026-02-15,13,
LEAD005415,2026-02-03,North,Delhi,Aarav Sharma,Individual,Google Ads,78,663.48,4,Yes,2026-02-22,19,
LEAD005416,2026-02-03,West,Mumbai,Meera Joshi,Individual,Paid Social,60,370.30,4,Yes,2026-02-06,3,
LEAD005417,2026-02-03,North,Jaipur,Karan Malhotra,Individual,Organic Search,78,102.43,3,Yes,2026-02-12,9,
LEAD005418,2026-02-03,South,Hyderabad,Arjun Nair,Individual,Organic Search,52,88.87,3,Yes,2026-02-22,19,
LEAD005419,2026-02-03,East,Kolkata,Vikram Sen,Individual,Google Ads,79,597.79,2,Yes,2026-02-07,4,
LEAD005420,2026-02-03,South,Hyderabad,Sneha Rao,Individual,Google Ads,48,697.85,3,No,,,Competitor Chosen
LEAD005421,2026-02-03,North,Delhi,Karan Malhotra,Corporate,Organic Search,57,94.60,3,Yes,2026-03-06,31,
LEAD005422,2026-02-03,South,Bengaluru,Arjun Nair,SME,Corporate Outreach,59,273.99,4,No,,,No Response
LEAD005423,2026-02-03,South,Bengaluru,Sneha Rao,Individual,Organic Search,78,100.32,1,Yes,2026-02-24,21,
LEAD005424,2026-02-03,North,Delhi,Aarav Sharma,Individual,Organic Search,69,79.15,3,No,,,Price Too High
LEAD005425,2026-02-03,South,Hyderabad,Sneha Rao,Individual,Google Ads,62,706.48,3,Yes,2026-02-09,6,
LEAD005426,2026-02-03,East,Bhubaneswar,Kavya Roy,Individual,Paid Social,62,379.74,4,No,,,Price Too High
LEAD005427,2026-02-03,South,Chennai,Sneha Rao,Individual,Referral,53,128.48,4,Yes,2026-02-07,4,
LEAD005428,2026-02-04,West,Pune,Dev Patel,Individual,Marketplace,61,213.24,3,Yes,2026-02-08,4,
LEAD005429,2026-02-04,North,Jaipur,Aarav Sharma,SME,Google Ads,56,707.31,1,Yes,2026-02-14,10,
LEAD005430,2026-02-04,North,Lucknow,Priya Verma,Individual,Paid Social,33,435.23,2,No,,,Price Too High
LEAD005431,2026-02-04,West,Ahmedabad,Dev Patel,Individual,Marketplace,37,182.18,2,Yes,2026-02-16,12,
LEAD005432,2026-02-04,South,Hyderabad,Isha Reddy,SME,Paid Social,30,455.74,3,Yes,2026-02-21,17,
LEAD005433,2026-02-04,South,Bengaluru,Arjun Nair,Corporate,Walk-in,57,46.82,5,Yes,2026-03-05,29,
LEAD005434,2026-02-04,North,Delhi,Priya Verma,SME,Walk-in,57,47.66,4,Yes,2026-02-14,10,
LEAD005435,2026-02-04,West,Ahmedabad,Meera Joshi,Individual,Referral,81,121.74,4,Yes,2026-02-18,14,
LEAD005436,2026-02-05,East,Kolkata,Vikram Sen,SME,Google Ads,44,594.41,1,No,,,Price Too High
LEAD005437,2026-02-05,North,Jaipur,Aarav Sharma,Individual,Google Ads,73,606.57,2,Yes,2026-02-27,22,
LEAD005438,2026-02-05,North,Jaipur,Priya Verma,Individual,Marketplace,44,178.49,3,Yes,2026-02-10,5,
LEAD005439,2026-02-05,South,Bengaluru,Isha Reddy,SME,Marketplace,57,162.67,2,Yes,2026-02-10,5,
LEAD005440,2026-02-05,West,Ahmedabad,Rohan Mehta,Individual,Organic Search,61,96.55,3,Yes,2026-02-08,3,
LEAD005441,2026-02-05,West,Ahmedabad,Dev Patel,Individual,Google Ads,51,562.89,2,No,,,Budget Delayed
LEAD005442,2026-02-05,South,Hyderabad,Sneha Rao,Individual,Organic Search,73,79.67,1,Yes,2026-02-08,3,
LEAD005443,2026-02-05,East,Kolkata,Kavya Roy,Individual,Organic Search,52,96.50,1,No,,,Not Ready Yet
LEAD005444,2026-02-06,South,Hyderabad,Isha Reddy,Individual,Paid Social,20,454.97,4,No,,,Not Ready Yet
LEAD005445,2026-02-06,West,Mumbai,Meera Joshi,Individual,Paid Social,78,442.57,4,No,,,No Response
LEAD005446,2026-02-06,North,Lucknow,Aarav Sharma,Individual,Paid Social,41,379.44,5,No,,,Budget Delayed
LEAD005447,2026-02-06,East,Kolkata,Neha Das,Individual,Referral,58,119.22,3,Yes,2026-02-15,9,
LEAD005448,2026-02-06,North,Lucknow,Aarav Sharma,Individual,Walk-in,95,53.32,3,Yes,2026-02-09,3,
LEAD005449,2026-02-07,North,Lucknow,Priya Verma,SME,Walk-in,49,43.03,1,Yes,2026-02-21,14,
LEAD005450,2026-02-07,North,Delhi,Aarav Sharma,Individual,Marketplace,66,164.95,4,Yes,2026-02-14,7,
LEAD005451,2026-02-07,North,Delhi,Priya Verma,Individual,Google Ads,49,700.42,1,No,,,Budget Delayed
LEAD005452,2026-02-07,West,Pune,Meera Joshi,Corporate,Corporate Outreach,68,262.85,2,Yes,2026-03-13,34,
LEAD005453,2026-02-07,North,Jaipur,Karan Malhotra,Individual,Google Ads,58,644.49,1,Yes,2026-02-10,3,
LEAD005454,2026-02-07,North,Lucknow,Priya Verma,Individual,Organic Search,51,83.48,4,Yes,2026-02-27,20,
LEAD005455,2026-02-07,East,Kolkata,Neha Das,Corporate,Corporate Outreach,45,301.35,1,No,,,No Response
LEAD005456,2026-02-07,East,Kolkata,Vikram Sen,Individual,Marketplace,70,212.47,2,Yes,2026-02-14,7,
LEAD005457,2026-02-08,West,Ahmedabad,Rohan Mehta,SME,Referral,49,135.27,1,Yes,2026-02-22,14,
LEAD005458,2026-02-08,North,Delhi,Aarav Sharma,SME,Paid Social,39,416.82,1,No,,,No Response
LEAD005459,2026-02-08,East,Kolkata,Kavya Roy,Individual,Walk-in,45,50.02,3,Yes,2026-02-11,3,
LEAD005460,2026-02-08,North,Jaipur,Karan Malhotra,Individual,Walk-in,54,43.67,2,Yes,2026-02-19,11,
LEAD005461,2026-02-08,South,Bengaluru,Isha Reddy,SME,Google Ads,70,607.45,6,No,,,Price Too High
LEAD005462,2026-02-08,North,Delhi,Priya Verma,Individual,Google Ads,43,694.53,5,No,,,Competitor Chosen
LEAD005463,2026-02-08,South,Bengaluru,Sneha Rao,Individual,Google Ads,31,584.00,5,No,,,No Response
LEAD005464,2026-02-08,South,Chennai,Sneha Rao,Individual,Google Ads,52,639.24,2,No,,,Not Ready Yet
LEAD005465,2026-02-08,West,Mumbai,Dev Patel,Individual,Google Ads,67,538.07,4,Yes,2026-02-14,6,
LEAD005466,2026-02-08,South,Hyderabad,Sneha Rao,Individual,Marketplace,80,207.44,4,No,,,Not Ready Yet
LEAD005467,2026-02-08,West,Mumbai,Meera Joshi,Individual,Marketplace,47,168.75,3,Yes,2026-02-10,2,
LEAD005468,2026-02-09,North,Delhi,Karan Malhotra,Individual,Google Ads,53,626.05,3,No,,,Not Ready Yet
LEAD005469,2026-02-09,North,Delhi,Karan Malhotra,Individual,Paid Social,74,486.60,2,No,,,Price Too High
LEAD005470,2026-02-09,North,Delhi,Karan Malhotra,Individual,Organic Search,62,86.26,3,Yes,2026-02-19,10,
LEAD005471,2026-02-09,North,Delhi,Priya Verma,Individual,Organic Search,69,80.78,6,No,,,Price Too High
LEAD005472,2026-02-09,West,Ahmedabad,Rohan Mehta,Individual,Organic Search,32,88.35,2,Yes,2026-02-16,7,
LEAD005473,2026-02-09,West,Mumbai,Meera Joshi,Individual,Marketplace,59,204.69,2,Yes,2026-02-17,8,
LEAD005474,2026-02-10,North,Delhi,Priya Verma,Individual,Google Ads,28,625.71,4,No,,,No Response
LEAD005475,2026-02-10,East,Kolkata,Kavya Roy,Individual,Google Ads,89,674.07,1,Yes,2026-03-04,22,
LEAD005476,2026-02-10,North,Jaipur,Priya Verma,Individual,Walk-in,52,55.52,4,Yes,2026-02-12,2,
LEAD005477,2026-02-10,West,Pune,Rohan Mehta,SME,Organic Search,48,85.43,6,No,,,Budget Delayed
LEAD005478,2026-02-11,East,Bhubaneswar,Kavya Roy,SME,Organic Search,39,91.28,1,Yes,2026-02-22,11,
LEAD005479,2026-02-11,North,Delhi,Aarav Sharma,Individual,Google Ads,61,577.82,6,No,,,Competitor Chosen
LEAD005480,2026-02-11,North,Lucknow,Priya Verma,SME,Paid Social,77,476.51,1,Yes,2026-03-04,21,
LEAD005481,2026-02-11,South,Hyderabad,Isha Reddy,Individual,Walk-in,59,57.15,1,Yes,2026-02-19,8,
LEAD005482,2026-02-11,South,Hyderabad,Isha Reddy,SME,Google Ads,52,653.70,6,No,,,Competitor Chosen
LEAD005483,2026-02-11,West,Pune,Meera Joshi,SME,Paid Social,71,472.59,4,No,,,No Response
LEAD005484,2026-02-11,West,Mumbai,Meera Joshi,Individual,Organic Search,63,90.43,3,No,,,Price Too High
LEAD005485,2026-02-12,West,Mumbai,Rohan Mehta,Individual,Marketplace,69,215.09,3,Yes,2026-02-23,11,
LEAD005486,2026-02-12,West,Ahmedabad,Dev Patel,Individual,Organic Search,54,94.82,1,No,,,Price Too High
LEAD005487,2026-02-12,South,Hyderabad,Isha Reddy,Individual,Google Ads,82,641.36,3,Yes,2026-03-08,24,
LEAD005488,2026-02-12,West,Pune,Meera Joshi,Individual,Organic Search,56,77.16,5,No,,,No Response
LEAD005489,2026-02-12,North,Lucknow,Aarav Sharma,SME,Google Ads,63,636.33,4,Yes,2026-03-06,22,
LEAD005490,2026-02-12,West,Mumbai,Rohan Mehta,SME,Walk-in,71,42.83,4,Yes,2026-02-18,6,
LEAD005491,2026-02-12,North,Jaipur,Priya Verma,Individual,Referral,71,109.96,2,Yes,2026-02-13,1,
LEAD005492,2026-02-12,South,Chennai,Isha Reddy,Individual,Marketplace,68,212.93,1,Yes,2026-02-21,9,
LEAD005493,2026-02-12,South,Hyderabad,Sneha Rao,Individual,Paid Social,79,438.16,4,No,,,Price Too High
LEAD005494,2026-02-12,North,Delhi,Karan Malhotra,SME,Walk-in,36,44.28,2,Yes,2026-02-19,7,
LEAD005495,2026-02-13,North,Jaipur,Priya Verma,Individual,Referral,84,116.29,4,Yes,2026-02-14,1,
LEAD005496,2026-02-13,West,Mumbai,Dev Patel,Individual,Google Ads,77,571.73,2,No,,,Not Ready Yet
LEAD005497,2026-02-13,West,Mumbai,Meera Joshi,Individual,Walk-in,56,42.56,2,Yes,2026-02-25,12,
LEAD005498,2026-02-13,West,Ahmedabad,Dev Patel,Individual,Organic Search,53,101.97,3,Yes,2026-02-16,3,
LEAD005499,2026-02-13,South,Hyderabad,Isha Reddy,Individual,Paid Social,53,487.71,1,No,,,No Response
LEAD005500,2026-02-13,East,Kolkata,Kavya Roy,Individual,Marketplace,53,169.83,4,Yes,2026-02-26,13,
LEAD005501,2026-02-14,North,Jaipur,Karan Malhotra,Individual,Organic Search,61,91.66,4,No,,,Price Too High
LEAD005502,2026-02-14,South,Hyderabad,Sneha Rao,Individual,Organic Search,78,103.08,2,Yes,2026-03-09,23,
LEAD005503,2026-02-14,North,Delhi,Aarav Sharma,Individual,Organic Search,59,94.13,4,Yes,2026-02-28,14,
LEAD005504,2026-02-14,North,Delhi,Karan Malhotra,Individual,Walk-in,60,44.71,6,No,,,Budget Delayed
LEAD005505,2026-02-14,North,Jaipur,Aarav Sharma,Individual,Marketplace,79,172.22,3,Yes,2026-02-27,13,
LEAD005506,2026-02-14,East,Kolkata,Kavya Roy,SME,Walk-in,29,47.11,3,No,,,Budget Delayed
LEAD005507,2026-02-14,North,Lucknow,Karan Malhotra,Individual,Paid Social,33,413.07,6,No,,,No Response
LEAD005508,2026-02-15,West,Pune,Meera Joshi,Individual,Paid Social,77,422.18,3,No,,,No Response
LEAD005509,2026-02-15,West,Mumbai,Rohan Mehta,Individual,Paid Social,64,401.45,1,No,,,No Response
LEAD005510,2026-02-15,West,Ahmedabad,Dev Patel,Individual,Paid Social,50,483.48,3,Yes,2026-02-28,13,
LEAD005511,2026-02-15,East,Kolkata,Vikram Sen,Corporate,Corporate Outreach,63,291.49,1,No,,,Price Too High
LEAD005512,2026-02-16,South,Chennai,Isha Reddy,Individual,Referral,66,128.65,2,Yes,2026-02-23,7,
LEAD005513,2026-02-16,North,Lucknow,Priya Verma,Individual,Marketplace,70,188.23,3,Yes,2026-02-25,9,
LEAD005514,2026-02-16,South,Bengaluru,Arjun Nair,Individual,Walk-in,78,46.72,2,Yes,2026-02-17,1,
LEAD005515,2026-02-16,North,Jaipur,Karan Malhotra,SME,Google Ads,44,554.54,6,No,,,No Response
LEAD005516,2026-02-16,South,Hyderabad,Sneha Rao,Individual,Paid Social,34,383.24,4,No,,,Not Ready Yet
LEAD005517,2026-02-16,West,Mumbai,Dev Patel,SME,Referral,98,102.62,2,Yes,2026-02-23,7,
LEAD005518,2026-02-17,West,Ahmedabad,Dev Patel,Individual,Organic Search,65,89.38,6,No,,,No Response
LEAD005519,2026-02-17,North,Delhi,Karan Malhotra,Individual,Organic Search,68,99.81,1,Yes,2026-03-08,19,
LEAD005520,2026-02-17,East,Bhubaneswar,Neha Das,Individual,Walk-in,64,50.26,2,Yes,2026-02-18,1,
LEAD005521,2026-02-17,North,Jaipur,Aarav Sharma,Individual,Marketplace,60,199.54,4,Yes,2026-02-18,1,
LEAD005522,2026-02-17,West,Pune,Rohan Mehta,Individual,Organic Search,69,100.36,1,No,,,No Response
LEAD005523,2026-02-17,North,Delhi,Karan Malhotra,SME,Walk-in,52,54.30,3,Yes,2026-02-21,4,
LEAD005524,2026-02-17,East,Bhubaneswar,Neha Das,Individual,Google Ads,64,541.79,4,Yes,2026-03-10,21,
LEAD005525,2026-02-17,West,Ahmedabad,Rohan Mehta,SME,Organic Search,61,93.04,3,No,,,Competitor Chosen
LEAD005526,2026-02-18,West,Mumbai,Meera Joshi,Individual,Google Ads,71,649.75,4,Yes,2026-02-28,10,
LEAD005527,2026-02-18,West,Mumbai,Meera Joshi,SME,Corporate Outreach,55,287.07,1,No,,,No Response
LEAD005528,2026-02-18,East,Bhubaneswar,Neha Das,SME,Google Ads,47,547.57,2,Yes,2026-02-24,6,
LEAD005529,2026-02-18,East,Kolkata,Neha Das,Individual,Organic Search,47,79.74,2,Yes,2026-03-12,22,
LEAD005530,2026-02-18,West,Mumbai,Meera Joshi,Individual,Organic Search,36,85.53,1,No,,,Budget Delayed
LEAD005531,2026-02-18,West,Ahmedabad,Dev Patel,Individual,Google Ads,59,626.87,1,Yes,2026-03-11,21,
LEAD005532,2026-02-18,North,Delhi,Aarav Sharma,Individual,Paid Social,37,493.27,4,Yes,2026-03-02,12,
LEAD005533,2026-02-18,North,Delhi,Aarav Sharma,Individual,Paid Social,84,494.36,2,Yes,2026-03-13,23,
LEAD005534,2026-02-18,North,Lucknow,Aarav Sharma,Individual,Paid Social,60,388.11,3,Yes,2026-02-24,6,
LEAD005535,2026-02-18,South,Hyderabad,Sneha Rao,Individual,Paid Social,57,467.68,2,Yes,2026-02-23,5,
LEAD005536,2026-02-19,South,Bengaluru,Arjun Nair,Corporate,Corporate Outreach,57,303.13,6,No,,,No Response
LEAD005537,2026-02-19,East,Kolkata,Kavya Roy,Individual,Paid Social,35,376.63,1,No,,,Price Too High
LEAD005538,2026-02-19,South,Chennai,Sneha Rao,Individual,Organic Search,85,81.93,3,Yes,2026-03-15,24,
LEAD005539,2026-02-19,North,Delhi,Priya Verma,Individual,Walk-in,56,52.31,1,Yes,2026-03-05,14,
LEAD005540,2026-02-19,West,Mumbai,Dev Patel,Individual,Organic Search,50,87.53,3,No,,,Not Ready Yet
LEAD005541,2026-02-19,West,Mumbai,Rohan Mehta,Individual,Google Ads,65,534.73,3,Yes,2026-03-01,10,
LEAD005542,2026-02-19,North,Delhi,Karan Malhotra,Individual,Marketplace,58,170.15,1,Yes,2026-02-23,4,
LEAD005543,2026-02-19,North,Lucknow,Aarav Sharma,Corporate,Google Ads,61,599.21,4,No,,,No Response
LEAD005544,2026-02-19,South,Bengaluru,Sneha Rao,Corporate,Organic Search,67,92.50,1,No,,,No Response
LEAD005545,2026-02-19,East,Kolkata,Neha Das,Individual,Walk-in,51,57.28,1,No,,,No Response
LEAD005546,2026-02-20,North,Jaipur,Priya Verma,Corporate,Corporate Outreach,81,240.34,4,No,,,Not Ready Yet
LEAD005547,2026-02-20,West,Mumbai,Rohan Mehta,SME,Organic Search,61,78.20,3,Yes,2026-03-07,15,
LEAD005548,2026-02-20,West,Mumbai,Rohan Mehta,Individual,Paid Social,91,408.86,2,Yes,2026-03-05,13,
LEAD005549,2026-02-20,West,Pune,Rohan Mehta,Individual,Paid Social,85,480.55,1,No,,,Price Too High
LEAD005550,2026-02-20,South,Chennai,Arjun Nair,Individual,Marketplace,51,163.89,2,Yes,2026-03-05,13,
LEAD005551,2026-02-20,South,Bengaluru,Sneha Rao,Individual,Marketplace,51,184.52,2,No,,,No Response
LEAD005552,2026-02-20,North,Lucknow,Aarav Sharma,SME,Marketplace,46,175.58,6,No,,,No Response
LEAD005553,2026-02-20,West,Pune,Meera Joshi,Individual,Organic Search,63,92.91,3,Yes,2026-03-16,24,
LEAD005554,2026-02-21,South,Bengaluru,Isha Reddy,Individual,Google Ads,60,665.63,2,No,,,No Response
LEAD005555,2026-02-21,North,Lucknow,Karan Malhotra,Individual,Google Ads,36,537.00,4,No,,,Price Too High
LEAD005556,2026-02-21,West,Pune,Meera Joshi,Individual,Marketplace,70,173.22,1,Yes,2026-03-02,9,
LEAD005557,2026-02-21,West,Pune,Rohan Mehta,Individual,Paid Social,69,480.35,2,Yes,2026-02-27,6,
LEAD005558,2026-02-21,South,Hyderabad,Isha Reddy,Individual,Walk-in,87,52.50,2,Yes,2026-03-06,13,
LEAD005559,2026-02-21,South,Chennai,Arjun Nair,Individual,Referral,72,123.58,1,Yes,2026-02-25,4,
LEAD005560,2026-02-21,South,Hyderabad,Isha Reddy,SME,Walk-in,55,54.57,3,Yes,2026-02-27,6,
LEAD005561,2026-02-21,West,Pune,Rohan Mehta,SME,Walk-in,41,47.91,4,Yes,2026-03-02,9,
LEAD005562,2026-02-22,North,Jaipur,Karan Malhotra,SME,Corporate Outreach,34,288.91,2,Yes,2026-03-16,22,
LEAD005563,2026-02-22,West,Mumbai,Meera Joshi,Individual,Marketplace,70,195.94,3,Yes,2026-03-06,12,
LEAD005564,2026-02-22,East,Kolkata,Kavya Roy,Individual,Organic Search,70,94.84,4,No,,,No Response
LEAD005565,2026-02-23,West,Pune,Rohan Mehta,Individual,Marketplace,60,201.22,3,No,,,No Response
LEAD005566,2026-02-23,West,Ahmedabad,Rohan Mehta,Individual,Walk-in,54,47.79,2,Yes,2026-03-06,11,
LEAD005567,2026-02-23,South,Bengaluru,Isha Reddy,Individual,Referral,73,111.53,1,Yes,2026-02-25,2,
LEAD005568,2026-02-23,West,Ahmedabad,Rohan Mehta,Corporate,Google Ads,53,547.31,3,No,,,Price Too High
LEAD005569,2026-02-23,South,Chennai,Arjun Nair,SME,Walk-in,52,48.37,2,Yes,2026-03-02,7,
LEAD005570,2026-02-23,North,Jaipur,Priya Verma,Individual,Paid Social,68,464.01,2,No,,,Not Ready Yet
LEAD005571,2026-02-23,South,Bengaluru,Sneha Rao,Individual,Paid Social,81,431.86,3,Yes,2026-03-04,9,
LEAD005572,2026-02-23,South,Chennai,Isha Reddy,Individual,Paid Social,77,445.80,6,No,,,No Response
LEAD005573,2026-02-23,South,Chennai,Arjun Nair,Individual,Referral,57,108.26,4,Yes,2026-03-04,9,
LEAD005574,2026-02-23,South,Hyderabad,Sneha Rao,SME,Referral,79,129.92,3,Yes,2026-03-04,9,
LEAD005575,2026-02-23,West,Ahmedabad,Dev Patel,Individual,Paid Social,55,437.78,5,No,,,No Response
LEAD005576,2026-02-24,West,Mumbai,Meera Joshi,Individual,Walk-in,48,56.50,4,Yes,2026-03-08,12,
LEAD005577,2026-02-24,South,Chennai,Isha Reddy,Individual,Referral,48,110.94,2,Yes,2026-03-04,8,
LEAD005578,2026-02-24,West,Ahmedabad,Rohan Mehta,Individual,Walk-in,32,45.59,2,Yes,2026-02-28,4,
LEAD005579,2026-02-24,North,Delhi,Aarav Sharma,Individual,Marketplace,30,172.27,4,No,,,Budget Delayed
LEAD005580,2026-02-24,South,Hyderabad,Sneha Rao,Individual,Paid Social,94,447.45,4,Yes,2026-03-09,13,
LEAD005581,2026-02-24,South,Bengaluru,Isha Reddy,SME,Google Ads,54,603.97,2,Yes,2026-02-26,2,
LEAD005582,2026-02-24,North,Lucknow,Priya Verma,Individual,Organic Search,75,98.85,4,Yes,2026-03-14,18,
LEAD005583,2026-02-24,South,Bengaluru,Isha Reddy,Individual,Marketplace,38,180.42,4,Yes,2026-03-07,11,
LEAD005584,2026-02-24,West,Mumbai,Dev Patel,Individual,Google Ads,91,577.71,4,Yes,2026-03-03,7,
LEAD005585,2026-02-24,West,Mumbai,Meera Joshi,Individual,Walk-in,81,42.92,4,Yes,2026-03-09,13,
LEAD005586,2026-02-24,North,Delhi,Aarav Sharma,Individual,Google Ads,31,590.00,5,No,,,No Response
LEAD005587,2026-02-25,South,Chennai,Isha Reddy,Individual,Paid Social,91,450.64,4,Yes,2026-03-21,24,
LEAD005588,2026-02-25,North,Delhi,Priya Verma,Individual,Google Ads,41,684.43,1,No,,,No Response
LEAD005589,2026-02-25,South,Bengaluru,Arjun Nair,Individual,Walk-in,76,44.20,1,Yes,2026-02-28,3,
LEAD005590,2026-02-25,West,Mumbai,Rohan Mehta,SME,Corporate Outreach,51,247.34,5,No,,,No Response
LEAD005591,2026-02-26,South,Hyderabad,Arjun Nair,Individual,Walk-in,82,46.44,2,Yes,2026-03-11,13,
LEAD005592,2026-02-26,South,Bengaluru,Isha Reddy,Individual,Organic Search,76,100.91,4,No,,,Budget Delayed
LEAD005593,2026-02-26,South,Hyderabad,Arjun Nair,Individual,Paid Social,47,372.34,4,Yes,2026-02-28,2,
LEAD005594,2026-02-26,West,Ahmedabad,Dev Patel,Individual,Organic Search,41,81.31,2,Yes,2026-03-17,19,
LEAD005595,2026-02-26,South,Bengaluru,Isha Reddy,SME,Walk-in,57,56.18,2,Yes,2026-03-03,5,
LEAD005596,2026-02-26,East,Guwahati,Vikram Sen,Individual,Organic Search,53,88.20,3,Yes,2026-03-04,6,
LEAD005597,2026-02-27,West,Pune,Rohan Mehta,Individual,Referral,75,106.98,1,Yes,2026-03-04,5,
LEAD005598,2026-02-27,South,Hyderabad,Arjun Nair,Individual,Referral,76,118.98,2,Yes,2026-03-10,11,
LEAD005599,2026-02-27,West,Ahmedabad,Dev Patel,Individual,Referral,70,136.89,4,Yes,2026-03-11,12,
LEAD005600,2026-02-27,East,Kolkata,Neha Das,Individual,Walk-in,39,55.67,2,Yes,2026-03-09,10,
LEAD005601,2026-02-27,South,Hyderabad,Isha Reddy,Individual,Google Ads,93,688.92,3,Yes,2026-03-24,25,
LEAD005602,2026-02-27,South,Chennai,Isha Reddy,Individual,Organic Search,81,85.38,3,Yes,2026-03-23,24,
LEAD005603,2026-02-28,South,Hyderabad,Arjun Nair,Individual,Referral,70,131.40,4,Yes,2026-03-01,1,
LEAD005604,2026-02-28,West,Ahmedabad,Meera Joshi,Individual,Walk-in,48,52.63,1,No,,,Competitor Chosen
LEAD005605,2026-02-28,North,Delhi,Aarav Sharma,Corporate,Corporate Outreach,31,303.95,1,No,,,No Response
LEAD005606,2026-02-28,East,Bhubaneswar,Kavya Roy,Individual,Referral,75,106.05,1,Yes,2026-03-09,9,
LEAD005607,2026-02-28,North,Delhi,Karan Malhotra,Individual,Google Ads,54,591.94,2,Yes,2026-03-09,9,
LEAD005608,2026-02-28,West,Mumbai,Dev Patel,Individual,Referral,55,122.46,1,Yes,2026-03-02,2,
LEAD005609,2026-02-28,West,Pune,Rohan Mehta,Individual,Marketplace,23,166.54,3,Yes,2026-03-06,6,
LEAD005610,2026-03-01,South,Bengaluru,Sneha Rao,SME,Organic Search,52,94.12,5,No,,,Budget Delayed
LEAD005611,2026-03-01,East,Bhubaneswar,Neha Das,SME,Organic Search,60,85.30,3,Yes,2026-03-08,7,
LEAD005612,2026-03-01,East,Bhubaneswar,Kavya Roy,Individual,Organic Search,89,84.26,5,No,,,Price Too High
LEAD005613,2026-03-01,West,Pune,Dev Patel,Corporate,Corporate Outreach,28,320.40,1,No,,,Competitor Chosen
LEAD005614,2026-03-01,South,Bengaluru,Arjun Nair,Individual,Organic Search,64,95.14,3,Yes,2026-03-08,7,
LEAD005615,2026-03-01,North,Delhi,Karan Malhotra,Individual,Marketplace,60,181.28,1,No,,,Competitor Chosen
LEAD005616,2026-03-01,North,Delhi,Priya Verma,Individual,Organic Search,71,80.13,4,Yes,2026-03-16,15,
LEAD005617,2026-03-01,South,Chennai,Isha Reddy,Individual,Organic Search,40,88.36,1,Yes,2026-03-26,25,
LEAD005618,2026-03-01,South,Chennai,Sneha Rao,Individual,Marketplace,55,192.02,3,Yes,2026-03-07,6,
LEAD005619,2026-03-01,South,Hyderabad,Sneha Rao,Individual,Google Ads,51,616.00,4,Yes,2026-03-25,24,
LEAD005620,2026-03-02,North,Lucknow,Priya Verma,Individual,Google Ads,27,559.74,4,No,,,Budget Delayed
LEAD005621,2026-03-02,South,Bengaluru,Arjun Nair,SME,Google Ads,74,683.55,1,No,,,No Response
LEAD005622,2026-03-02,East,Guwahati,Neha Das,Individual,Google Ads,60,655.02,5,No,,,Competitor Chosen
LEAD005623,2026-03-02,West,Mumbai,Dev Patel,Individual,Organic Search,61,84.35,6,No,,,Competitor Chosen
LEAD005624,2026-03-02,South,Hyderabad,Isha Reddy,SME,Walk-in,54,56.56,5,No,,,Competitor Chosen
LEAD005625,2026-03-02,East,Bhubaneswar,Vikram Sen,Corporate,Corporate Outreach,82,315.38,2,No,,,Budget Delayed
LEAD005626,2026-03-03,West,Mumbai,Dev Patel,Individual,Organic Search,71,87.74,5,No,,,Budget Delayed
LEAD005627,2026-03-03,South,Hyderabad,Arjun Nair,Individual,Organic Search,88,103.42,3,Yes,2026-03-25,22,
LEAD005628,2026-03-03,North,Lucknow,Aarav Sharma,Individual,Referral,70,132.36,3,Yes,2026-03-10,7,
LEAD005629,2026-03-03,West,Mumbai,Rohan Mehta,Individual,Paid Social,51,462.06,2,No,,,Price Too High
LEAD005630,2026-03-03,North,Lucknow,Karan Malhotra,Individual,Google Ads,86,681.69,5,No,,,Price Too High
LEAD005631,2026-03-03,South,Hyderabad,Sneha Rao,SME,Marketplace,59,186.52,1,Yes,2026-03-12,9,
LEAD005632,2026-03-03,North,Delhi,Aarav Sharma,Individual,Google Ads,52,609.71,5,No,,,Not Ready Yet
LEAD005633,2026-03-03,West,Mumbai,Dev Patel,Individual,Marketplace,45,217.01,4,Yes,2026-03-09,6,
LEAD005634,2026-03-03,North,Delhi,Aarav Sharma,Individual,Google Ads,68,659.41,3,No,,,Competitor Chosen
LEAD005635,2026-03-03,South,Hyderabad,Arjun Nair,SME,Marketplace,30,169.58,3,Yes,2026-03-05,2,
LEAD005636,2026-03-03,North,Delhi,Priya Verma,Individual,Referral,46,107.05,4,Yes,2026-03-07,4,
LEAD005637,2026-03-03,North,Delhi,Priya Verma,Individual,Referral,61,125.97,2,Yes,2026-03-07,4,
LEAD005638,2026-03-03,West,Pune,Dev Patel,Individual,Google Ads,68,533.60,2,No,,,Price Too High
LEAD005639,2026-03-04,South,Chennai,Arjun Nair,SME,Corporate Outreach,48,318.02,2,Yes,2026-03-16,12,
LEAD005640,2026-03-04,South,Hyderabad,Isha Reddy,Individual,Google Ads,51,619.93,1,No,,,Not Ready Yet
LEAD005641,2026-03-04,West,Ahmedabad,Rohan Mehta,Individual,Paid Social,76,439.38,1,Yes,2026-03-27,23,
LEAD005642,2026-03-04,South,Chennai,Arjun Nair,Individual,Referral,81,113.67,4,Yes,2026-03-14,10,
LEAD005643,2026-03-04,East,Guwahati,Vikram Sen,Individual,Organic Search,63,102.44,1,Yes,2026-03-17,13,
LEAD005644,2026-03-04,South,Bengaluru,Isha Reddy,Individual,Referral,68,107.98,3,Yes,2026-03-06,2,
LEAD005645,2026-03-04,South,Chennai,Arjun Nair,SME,Corporate Outreach,91,265.54,2,No,,,No Response
LEAD005646,2026-03-04,South,Bengaluru,Sneha Rao,SME,Marketplace,39,173.29,2,No,,,Competitor Chosen
LEAD005647,2026-03-04,North,Delhi,Aarav Sharma,Individual,Walk-in,64,56.71,3,Yes,2026-03-16,12,
LEAD005648,2026-03-04,North,Jaipur,Priya Verma,Individual,Marketplace,38,198.18,6,No,,,Not Ready Yet
LEAD005649,2026-03-05,North,Jaipur,Priya Verma,Individual,Organic Search,76,81.71,1,Yes,2026-03-15,10,
LEAD005650,2026-03-05,West,Pune,Dev Patel,Individual,Marketplace,76,211.98,5,No,,,No Response
LEAD005651,2026-03-05,North,Delhi,Aarav Sharma,SME,Organic Search,49,79.88,6,No,,,No Response
LEAD005652,2026-03-05,West,Ahmedabad,Rohan Mehta,Individual,Marketplace,66,181.51,6,No,,,Price Too High
LEAD005653,2026-03-05,West,Ahmedabad,Rohan Mehta,Individual,Walk-in,67,44.12,2,Yes,2026-03-07,2,
LEAD005654,2026-03-05,North,Jaipur,Aarav Sharma,Individual,Marketplace,53,200.73,4,No,,,No Response
LEAD005655,2026-03-05,North,Delhi,Aarav Sharma,Corporate,Organic Search,43,79.66,2,No,,,Price Too High
LEAD005656,2026-03-06,North,Jaipur,Karan Malhotra,Individual,Referral,81,133.86,2,Yes,2026-03-14,8,
LEAD005657,2026-03-06,North,Jaipur,Aarav Sharma,Individual,Walk-in,41,42.82,4,No,,,Budget Delayed
LEAD005658,2026-03-06,North,Jaipur,Karan Malhotra,Individual,Paid Social,40,447.52,6,No,,,Budget Delayed
LEAD005659,2026-03-06,West,Mumbai,Rohan Mehta,SME,Corporate Outreach,27,258.84,2,No,,,Not Ready Yet
LEAD005660,2026-03-06,East,Kolkata,Kavya Roy,Individual,Marketplace,19,215.72,4,No,,,No Response
LEAD005661,2026-03-06,South,Hyderabad,Arjun Nair,Individual,Paid Social,69,485.22,2,Yes,2026-03-16,10,
LEAD005662,2026-03-07,South,Chennai,Isha Reddy,SME,Walk-in,61,42.92,3,Yes,2026-03-16,9,
LEAD005663,2026-03-07,South,Chennai,Sneha Rao,Individual,Paid Social,67,384.19,3,No,,,No Response
LEAD005664,2026-03-07,South,Bengaluru,Isha Reddy,Individual,Paid Social,39,415.41,4,Yes,2026-03-18,11,
LEAD005665,2026-03-07,South,Chennai,Sneha Rao,SME,Google Ads,46,593.42,4,Yes,2026-03-28,21,
LEAD005666,2026-03-07,West,Pune,Dev Patel,SME,Organic Search,35,91.05,3,Yes,2026-03-16,9,
LEAD005667,2026-03-07,North,Delhi,Priya Verma,Individual,Paid Social,24,390.02,2,No,,,Not Ready Yet
LEAD005668,2026-03-07,North,Jaipur,Aarav Sharma,Individual,Organic Search,45,100.34,3,No,,,Not Ready Yet
LEAD005669,2026-03-07,West,Ahmedabad,Dev Patel,Individual,Referral,52,120.89,1,Yes,2026-03-17,10,
LEAD005670,2026-03-07,South,Chennai,Arjun Nair,Individual,Organic Search,69,83.43,1,Yes,2026-03-12,5,
LEAD005671,2026-03-08,North,Delhi,Karan Malhotra,Individual,Referral,92,120.76,3,Yes,2026-03-15,7,
LEAD005672,2026-03-08,South,Bengaluru,Isha Reddy,SME,Corporate Outreach,37,262.25,3,Yes,2026-03-31,23,
LEAD005673,2026-03-08,West,Ahmedabad,Meera Joshi,Individual,Walk-in,52,43.49,4,No,,,Competitor Chosen
LEAD005674,2026-03-08,North,Delhi,Priya Verma,SME,Paid Social,74,393.06,2,No,,,No Response
LEAD005675,2026-03-08,West,Pune,Rohan Mehta,Individual,Marketplace,43,164.19,2,No,,,Competitor Chosen
LEAD005676,2026-03-09,West,Ahmedabad,Dev Patel,SME,Organic Search,49,102.15,4,No,,,No Response
LEAD005677,2026-03-09,North,Delhi,Aarav Sharma,Individual,Referral,78,109.44,2,Yes,2026-03-11,2,
LEAD005678,2026-03-09,South,Chennai,Arjun Nair,SME,Corporate Outreach,62,319.91,4,No,,,Budget Delayed
LEAD005679,2026-03-09,West,Mumbai,Meera Joshi,Individual,Organic Search,71,87.06,1,No,,,Budget Delayed
LEAD005680,2026-03-09,North,Jaipur,Aarav Sharma,Individual,Paid Social,51,481.97,2,No,,,No Response
LEAD005681,2026-03-09,North,Delhi,Priya Verma,Individual,Walk-in,70,48.78,3,Yes,2026-03-17,8,
LEAD005682,2026-03-09,East,Kolkata,Neha Das,Individual,Walk-in,40,48.39,4,Yes,2026-03-18,9,
LEAD005683,2026-03-09,West,Pune,Meera Joshi,Individual,Google Ads,73,677.76,4,Yes,2026-03-29,20,
LEAD005684,2026-03-09,West,Mumbai,Dev Patel,Corporate,Organic Search,66,93.96,2,No,,,No Response
LEAD005685,2026-03-09,East,Bhubaneswar,Vikram Sen,SME,Marketplace,42,188.11,5,No,,,Budget Delayed
LEAD005686,2026-03-09,South,Bengaluru,Isha Reddy,Individual,Google Ads,48,655.80,1,No,,,No Response
LEAD005687,2026-03-09,West,Pune,Rohan Mehta,Individual,Google Ads,85,584.89,1,Yes,2026-03-25,16,
LEAD005688,2026-03-09,South,Chennai,Sneha Rao,Individual,Marketplace,51,168.56,5,No,,,Not Ready Yet
LEAD005689,2026-03-09,South,Chennai,Isha Reddy,Individual,Organic Search,58,79.40,6,No,,,Price Too High
LEAD005690,2026-03-10,West,Ahmedabad,Rohan Mehta,SME,Paid Social,68,451.14,5,No,,,No Response
LEAD005691,2026-03-10,East,Kolkata,Vikram Sen,Individual,Referral,82,111.72,1,No,,,Price Too High
LEAD005692,2026-03-10,North,Delhi,Aarav Sharma,Individual,Organic Search,48,85.66,4,No,,,No Response
LEAD005693,2026-03-10,North,Lucknow,Priya Verma,Individual,Organic Search,73,89.63,6,No,,,Competitor Chosen
LEAD005694,2026-03-10,South,Hyderabad,Arjun Nair,Individual,Organic Search,84,101.17,4,Yes,2026-03-24,14,
LEAD005695,2026-03-10,East,Bhubaneswar,Kavya Roy,Individual,Paid Social,51,457.70,2,No,,,No Response
LEAD005696,2026-03-10,South,Hyderabad,Arjun Nair,Individual,Referral,53,128.50,4,Yes,2026-03-20,10,
LEAD005697,2026-03-10,East,Guwahati,Kavya Roy,Individual,Organic Search,44,95.39,2,No,,,Not Ready Yet
LEAD005698,2026-03-10,West,Ahmedabad,Rohan Mehta,SME,Organic Search,37,96.57,3,No,,,Price Too High
LEAD005699,2026-03-11,North,Delhi,Karan Malhotra,Individual,Marketplace,39,184.94,3,No,,,Not Ready Yet
LEAD005700,2026-03-11,East,Bhubaneswar,Vikram Sen,Individual,Referral,83,112.98,3,Yes,2026-03-12,1,
LEAD005701,2026-03-11,West,Pune,Dev Patel,SME,Google Ads,78,575.74,3,No,,,Competitor Chosen
LEAD005702,2026-03-11,North,Delhi,Aarav Sharma,Individual,Paid Social,32,450.88,2,Yes,2026-03-22,11,
LEAD005703,2026-03-11,South,Bengaluru,Arjun Nair,SME,Marketplace,53,175.52,1,No,,,Budget Delayed
LEAD005704,2026-03-11,South,Chennai,Sneha Rao,Individual,Referral,88,131.77,3,Yes,2026-03-25,14,
LEAD005705,2026-03-11,South,Chennai,Arjun Nair,Individual,Paid Social,34,406.11,2,No,,,Competitor Chosen
LEAD005706,2026-03-11,East,Kolkata,Vikram Sen,Individual,Organic Search,58,94.85,3,No,,,Budget Delayed
LEAD005707,2026-03-11,South,Bengaluru,Arjun Nair,Individual,Marketplace,68,175.00,1,Yes,2026-03-14,3,
LEAD005708,2026-03-11,South,Chennai,Arjun Nair,Individual,Marketplace,72,162.09,3,Yes,2026-03-20,9,
LEAD005709,2026-03-12,South,Bengaluru,Sneha Rao,Individual,Google Ads,71,559.60,2,Yes,2026-03-28,16,
LEAD005710,2026-03-12,East,Bhubaneswar,Vikram Sen,Individual,Walk-in,54,46.51,3,Yes,2026-03-15,3,
LEAD005711,2026-03-12,South,Hyderabad,Sneha Rao,Individual,Google Ads,77,578.97,1,Yes,2026-03-29,17,
LEAD005712,2026-03-12,South,Hyderabad,Sneha Rao,SME,Corporate Outreach,73,308.56,3,Yes,2026-03-17,5,
LEAD005713,2026-03-12,East,Kolkata,Vikram Sen,Individual,Google Ads,61,538.48,3,Yes,2026-04-06,25,
LEAD005714,2026-03-13,North,Delhi,Aarav Sharma,SME,Organic Search,81,92.10,1,No,,,Price Too High
LEAD005715,2026-03-13,South,Chennai,Isha Reddy,Individual,Marketplace,50,163.56,4,No,,,Price Too High
LEAD005716,2026-03-13,North,Jaipur,Karan Malhotra,Individual,Walk-in,57,51.50,1,Yes,2026-03-26,13,
LEAD005717,2026-03-13,South,Bengaluru,Isha Reddy,Individual,Organic Search,49,98.45,6,No,,,Budget Delayed
LEAD005718,2026-03-13,South,Hyderabad,Sneha Rao,SME,Corporate Outreach,78,248.13,6,No,,,No Response
LEAD005719,2026-03-14,South,Hyderabad,Isha Reddy,Individual,Referral,38,110.70,1,No,,,No Response
LEAD005720,2026-03-14,South,Hyderabad,Isha Reddy,SME,Marketplace,47,207.21,3,Yes,2026-03-20,6,
LEAD005721,2026-03-14,North,Delhi,Priya Verma,Individual,Marketplace,68,216.34,1,No,,,Not Ready Yet
LEAD005722,2026-03-14,South,Chennai,Isha Reddy,Individual,Walk-in,63,48.21,3,Yes,2026-03-25,11,
LEAD005723,2026-03-14,North,Jaipur,Karan Malhotra,Individual,Paid Social,37,454.46,3,No,,,Price Too High
LEAD005724,2026-03-14,West,Mumbai,Meera Joshi,Individual,Marketplace,40,218.43,2,No,,,Price Too High
LEAD005725,2026-03-14,West,Mumbai,Dev Patel,SME,Walk-in,79,55.90,1,Yes,2026-03-28,14,
LEAD005726,2026-03-14,North,Lucknow,Karan Malhotra,Individual,Google Ads,72,591.76,1,Yes,2026-03-23,9,
LEAD005727,2026-03-14,South,Bengaluru,Sneha Rao,Individual,Walk-in,50,52.51,4,Yes,2026-03-15,1,
LEAD005728,2026-03-14,North,Jaipur,Karan Malhotra,Individual,Marketplace,77,215.19,1,No,,,Competitor Chosen
LEAD005729,2026-03-15,South,Hyderabad,Sneha Rao,SME,Organic Search,59,96.76,4,Yes,2026-03-21,6,
LEAD005730,2026-03-15,West,Mumbai,Dev Patel,Individual,Google Ads,46,666.22,4,Yes,2026-03-27,12,
LEAD005731,2026-03-15,North,Delhi,Karan Malhotra,Individual,Organic Search,58,95.57,2,Yes,2026-04-06,22,
LEAD005732,2026-03-15,West,Mumbai,Meera Joshi,Corporate,Corporate Outreach,42,276.73,3,No,,,Competitor Chosen
LEAD005733,2026-03-15,North,Jaipur,Karan Malhotra,Individual,Google Ads,45,568.91,3,Yes,2026-03-25,10,
LEAD005734,2026-03-15,West,Ahmedabad,Rohan Mehta,Individual,Organic Search,56,81.82,5,No,,,No Response
LEAD005735,2026-03-16,North,Lucknow,Aarav Sharma,SME,Corporate Outreach,35,259.74,4,Yes,2026-03-29,13,
LEAD005736,2026-03-16,South,Bengaluru,Sneha Rao,Individual,Organic Search,57,86.12,4,Yes,2026-03-29,13,
LEAD005737,2026-03-16,South,Hyderabad,Isha Reddy,SME,Marketplace,54,211.41,1,No,,,No Response
LEAD005738,2026-03-17,South,Chennai,Isha Reddy,Individual,Marketplace,33,212.10,6,No,,,Competitor Chosen
LEAD005739,2026-03-17,North,Jaipur,Karan Malhotra,Individual,Google Ads,55,540.46,2,Yes,2026-04-04,18,
LEAD005740,2026-03-17,North,Delhi,Karan Malhotra,Individual,Google Ads,78,696.12,3,No,,,Not Ready Yet
LEAD005741,2026-03-17,North,Jaipur,Aarav Sharma,Individual,Paid Social,37,488.09,3,No,,,Price Too High
LEAD005742,2026-03-17,East,Guwahati,Neha Das,SME,Organic Search,30,77.13,3,Yes,2026-03-29,12,
LEAD005743,2026-03-17,East,Guwahati,Neha Das,Individual,Referral,64,120.22,2,Yes,2026-03-26,9,
LEAD005744,2026-03-17,East,Kolkata,Kavya Roy,Corporate,Referral,60,105.68,3,Yes,2026-04-04,18,
LEAD005745,2026-03-17,North,Lucknow,Karan Malhotra,Individual,Marketplace,49,217.27,4,Yes,2026-03-19,2,
LEAD005746,2026-03-18,West,Ahmedabad,Meera Joshi,Individual,Marketplace,65,164.26,1,Yes,2026-03-22,4,
LEAD005747,2026-03-18,South,Chennai,Sneha Rao,Individual,Paid Social,57,451.45,3,No,,,Price Too High
LEAD005748,2026-03-18,South,Chennai,Arjun Nair,SME,Referral,61,137.13,3,No,,,Not Ready Yet
LEAD005749,2026-03-18,East,Guwahati,Neha Das,Individual,Marketplace,54,169.97,5,No,,,No Response
LEAD005750,2026-03-19,South,Chennai,Arjun Nair,Individual,Referral,56,135.13,4,Yes,2026-04-02,14,
LEAD005751,2026-03-19,West,Pune,Meera Joshi,SME,Paid Social,63,380.28,4,Yes,2026-03-31,12,
LEAD005752,2026-03-19,North,Delhi,Karan Malhotra,SME,Paid Social,53,490.53,2,No,,,Competitor Chosen
LEAD005753,2026-03-19,North,Jaipur,Priya Verma,Corporate,Corporate Outreach,54,245.01,5,No,,,Not Ready Yet
LEAD005754,2026-03-19,West,Pune,Rohan Mehta,Corporate,Referral,81,112.43,6,Yes,2026-04-24,36,
LEAD005755,2026-03-19,West,Mumbai,Dev Patel,Individual,Walk-in,62,49.67,4,Yes,2026-03-28,9,
LEAD005756,2026-03-19,South,Bengaluru,Sneha Rao,Individual,Marketplace,59,185.91,1,Yes,2026-03-25,6,
LEAD005757,2026-03-19,South,Hyderabad,Arjun Nair,Corporate,Referral,86,120.41,1,Yes,2026-04-21,33,
LEAD005758,2026-03-19,West,Mumbai,Meera Joshi,Individual,Marketplace,44,212.90,3,No,,,Not Ready Yet
LEAD005759,2026-03-20,West,Ahmedabad,Rohan Mehta,Individual,Google Ads,74,607.17,2,No,,,No Response
LEAD005760,2026-03-20,North,Jaipur,Karan Malhotra,Corporate,Corporate Outreach,42,317.62,4,No,,,No Response
LEAD005761,2026-03-20,East,Kolkata,Vikram Sen,Corporate,Corporate Outreach,80,279.82,2,Yes,2026-04-28,39,
LEAD005762,2026-03-20,West,Mumbai,Dev Patel,Individual,Google Ads,44,612.47,1,No,,,Not Ready Yet
LEAD005763,2026-03-20,West,Mumbai,Dev Patel,Corporate,Corporate Outreach,66,317.52,2,No,,,No Response
LEAD005764,2026-03-20,South,Chennai,Sneha Rao,Individual,Marketplace,65,171.43,3,No,,,Budget Delayed
LEAD005765,2026-03-20,South,Hyderabad,Sneha Rao,Individual,Google Ads,61,531.80,1,Yes,2026-04-07,18,
LEAD005766,2026-03-21,South,Chennai,Isha Reddy,Individual,Walk-in,48,52.07,2,No,,,Price Too High
LEAD005767,2026-03-21,North,Lucknow,Aarav Sharma,Individual,Walk-in,42,54.87,1,No,,,No Response
LEAD005768,2026-03-21,South,Chennai,Sneha Rao,Individual,Google Ads,78,537.70,4,Yes,2026-03-29,8,
LEAD005769,2026-03-21,West,Pune,Meera Joshi,Corporate,Corporate Outreach,45,254.32,1,No,,,Price Too High
LEAD005770,2026-03-21,East,Guwahati,Kavya Roy,Individual,Google Ads,48,669.10,5,No,,,Competitor Chosen
LEAD005771,2026-03-21,East,Kolkata,Neha Das,SME,Organic Search,46,98.09,6,No,,,Price Too High
LEAD005772,2026-03-21,West,Mumbai,Dev Patel,Individual,Paid Social,62,466.37,6,No,,,Budget Delayed
LEAD005773,2026-03-22,East,Kolkata,Kavya Roy,SME,Referral,77,114.97,4,Yes,2026-03-27,5,
LEAD005774,2026-03-22,South,Bengaluru,Isha Reddy,SME,Organic Search,51,78.30,2,No,,,No Response
LEAD005775,2026-03-22,North,Jaipur,Aarav Sharma,Individual,Referral,59,114.12,3,No,,,Competitor Chosen
LEAD005776,2026-03-22,East,Guwahati,Kavya Roy,Individual,Marketplace,68,198.66,2,Yes,2026-04-04,13,
LEAD005777,2026-03-22,East,Bhubaneswar,Kavya Roy,Individual,Google Ads,60,558.70,4,No,,,Competitor Chosen
LEAD005778,2026-03-22,West,Pune,Meera Joshi,Individual,Paid Social,29,432.18,2,Yes,2026-03-27,5,
LEAD005779,2026-03-22,North,Delhi,Priya Verma,Individual,Paid Social,82,416.58,3,Yes,2026-03-30,8,
LEAD005780,2026-03-23,South,Hyderabad,Isha Reddy,Individual,Organic Search,35,85.39,1,No,,,Budget Delayed
LEAD005781,2026-03-23,North,Jaipur,Priya Verma,Individual,Marketplace,39,172.00,4,Yes,2026-03-29,6,
LEAD005782,2026-03-23,South,Bengaluru,Sneha Rao,Individual,Marketplace,66,162.45,2,Yes,2026-04-05,13,
LEAD005783,2026-03-23,East,Kolkata,Kavya Roy,Individual,Organic Search,47,88.67,2,No,,,No Response
LEAD005784,2026-03-24,North,Jaipur,Karan Malhotra,Individual,Organic Search,45,98.06,3,Yes,2026-04-07,14,
LEAD005785,2026-03-24,West,Ahmedabad,Rohan Mehta,Individual,Organic Search,42,97.17,1,Yes,2026-03-26,2,
LEAD005786,2026-03-24,South,Hyderabad,Isha Reddy,Individual,Paid Social,69,492.42,3,Yes,2026-04-15,22,
LEAD005787,2026-03-24,South,Bengaluru,Arjun Nair,Corporate,Walk-in,71,52.15,6,Yes,2026-04-24,31,
LEAD005788,2026-03-24,West,Mumbai,Rohan Mehta,Individual,Marketplace,50,209.61,1,Yes,2026-04-05,12,
LEAD005789,2026-03-24,South,Bengaluru,Sneha Rao,Individual,Organic Search,50,103.45,2,Yes,2026-04-09,16,
LEAD005790,2026-03-25,North,Delhi,Karan Malhotra,Corporate,Corporate Outreach,63,241.69,2,Yes,2026-04-19,25,
LEAD005791,2026-03-25,North,Jaipur,Priya Verma,SME,Marketplace,56,213.43,3,No,,,Budget Delayed
LEAD005792,2026-03-25,South,Hyderabad,Isha Reddy,SME,Marketplace,75,211.49,1,Yes,2026-03-27,2,
LEAD005793,2026-03-25,South,Hyderabad,Arjun Nair,Individual,Paid Social,62,486.33,3,No,,,No Response
LEAD005794,2026-03-25,East,Kolkata,Kavya Roy,Individual,Organic Search,96,82.14,4,Yes,2026-03-27,2,
LEAD005795,2026-03-26,North,Lucknow,Priya Verma,SME,Google Ads,21,530.14,3,Yes,2026-04-18,23,
LEAD005796,2026-03-26,West,Mumbai,Dev Patel,Individual,Google Ads,74,574.19,3,No,,,Budget Delayed
LEAD005797,2026-03-26,West,Mumbai,Dev Patel,Individual,Paid Social,52,371.28,2,No,,,Not Ready Yet
LEAD005798,2026-03-26,South,Hyderabad,Arjun Nair,SME,Referral,77,102.24,2,Yes,2026-04-07,12,
LEAD005799,2026-03-26,North,Lucknow,Priya Verma,SME,Corporate Outreach,81,321.98,2,Yes,2026-04-19,24,
LEAD005800,2026-03-26,North,Jaipur,Karan Malhotra,Individual,Google Ads,62,704.98,1,Yes,2026-04-10,15,
LEAD005801,2026-03-26,South,Hyderabad,Sneha Rao,Individual,Paid Social,60,472.09,3,No,,,No Response
LEAD005802,2026-03-27,West,Pune,Meera Joshi,Individual,Referral,98,134.94,1,Yes,2026-04-09,13,
LEAD005803,2026-03-27,West,Ahmedabad,Meera Joshi,Individual,Paid Social,58,370.75,4,No,,,No Response
LEAD005804,2026-03-27,South,Chennai,Arjun Nair,Individual,Walk-in,54,46.26,3,Yes,2026-04-02,6,
LEAD005805,2026-03-28,South,Hyderabad,Arjun Nair,Individual,Marketplace,52,180.10,3,Yes,2026-04-05,8,
LEAD005806,2026-03-28,North,Jaipur,Karan Malhotra,Individual,Walk-in,52,48.33,4,Yes,2026-04-06,9,
LEAD005807,2026-03-28,West,Ahmedabad,Dev Patel,Individual,Google Ads,46,538.63,4,Yes,2026-04-09,12,
LEAD005808,2026-03-28,North,Jaipur,Karan Malhotra,Individual,Walk-in,54,42.95,6,No,,,Competitor Chosen
LEAD005809,2026-03-28,West,Mumbai,Rohan Mehta,Individual,Organic Search,56,85.68,2,No,,,Not Ready Yet
LEAD005810,2026-03-28,South,Hyderabad,Arjun Nair,Individual,Paid Social,68,414.98,3,No,,,No Response
LEAD005811,2026-03-28,West,Ahmedabad,Meera Joshi,SME,Organic Search,84,83.99,2,Yes,2026-04-20,23,
LEAD005812,2026-03-29,West,Mumbai,Meera Joshi,Individual,Paid Social,38,454.43,3,No,,,Not Ready Yet
LEAD005813,2026-03-29,North,Jaipur,Aarav Sharma,Individual,Paid Social,55,483.90,2,No,,,Budget Delayed
LEAD005814,2026-03-29,South,Hyderabad,Sneha Rao,Individual,Marketplace,71,195.26,3,Yes,2026-03-30,1,
LEAD005815,2026-03-29,North,Delhi,Aarav Sharma,Individual,Paid Social,49,382.13,2,Yes,2026-04-15,17,
LEAD005816,2026-03-29,North,Lucknow,Priya Verma,Corporate,Walk-in,81,48.89,1,Yes,2026-04-12,14,
LEAD005817,2026-03-30,West,Mumbai,Dev Patel,Individual,Walk-in,93,46.53,1,Yes,2026-04-01,2,
LEAD005818,2026-03-30,East,Kolkata,Neha Das,SME,Paid Social,50,433.05,2,Yes,2026-04-11,12,
LEAD005819,2026-03-30,South,Hyderabad,Isha Reddy,SME,Paid Social,58,438.51,1,Yes,2026-04-17,18,
LEAD005820,2026-03-30,West,Pune,Meera Joshi,SME,Corporate Outreach,27,274.43,1,No,,,Budget Delayed
LEAD005821,2026-03-30,South,Bengaluru,Isha Reddy,SME,Google Ads,41,644.96,5,No,,,No Response
LEAD005822,2026-03-30,North,Jaipur,Aarav Sharma,SME,Corporate Outreach,30,284.08,3,No,,,Budget Delayed
LEAD005823,2026-03-30,North,Delhi,Karan Malhotra,SME,Walk-in,66,49.00,3,Yes,2026-04-07,8,
LEAD005824,2026-03-30,West,Ahmedabad,Meera Joshi,Individual,Paid Social,48,462.89,2,Yes,2026-04-11,12,
LEAD005825,2026-03-31,South,Hyderabad,Sneha Rao,Corporate,Walk-in,72,45.10,7,Yes,2026-04-20,20,
LEAD005826,2026-03-31,West,Mumbai,Rohan Mehta,Individual,Referral,95,129.65,1,Yes,2026-04-05,5,
LEAD005827,2026-04-01,North,Jaipur,Aarav Sharma,SME,Google Ads,52,711.02,1,No,,,No Response
LEAD005828,2026-04-01,West,Ahmedabad,Meera Joshi,Individual,Referral,61,117.60,2,No,,,Competitor Chosen
LEAD005829,2026-04-01,South,Bengaluru,Arjun Nair,Individual,Marketplace,54,217.90,2,Yes,2026-04-08,7,
LEAD005830,2026-04-01,West,Ahmedabad,Rohan Mehta,SME,Organic Search,59,86.02,2,No,,,Not Ready Yet
LEAD005831,2026-04-02,North,Delhi,Priya Verma,Individual,Organic Search,51,101.43,1,No,,,No Response
LEAD005832,2026-04-02,North,Lucknow,Karan Malhotra,Corporate,Corporate Outreach,52,242.03,2,No,,,No Response
LEAD005833,2026-04-02,North,Lucknow,Karan Malhotra,SME,Corporate Outreach,93,267.68,4,No,,,Budget Delayed
LEAD005834,2026-04-02,East,Guwahati,Kavya Roy,Individual,Google Ads,38,565.29,5,No,,,No Response
LEAD005835,2026-04-02,North,Delhi,Karan Malhotra,SME,Marketplace,43,196.71,4,Yes,2026-04-14,12,
LEAD005836,2026-04-03,South,Hyderabad,Arjun Nair,SME,Referral,36,134.98,3,Yes,2026-04-11,8,
LEAD005837,2026-04-03,West,Mumbai,Dev Patel,Individual,Organic Search,47,90.50,4,Yes,2026-04-11,8,
LEAD005838,2026-04-03,North,Jaipur,Aarav Sharma,Individual,Paid Social,41,478.73,4,No,,,Not Ready Yet
LEAD005839,2026-04-03,South,Bengaluru,Sneha Rao,SME,Google Ads,31,648.95,3,No,,,Price Too High
LEAD005840,2026-04-03,East,Kolkata,Kavya Roy,Individual,Organic Search,60,101.71,1,No,,,Not Ready Yet
LEAD005841,2026-04-03,East,Guwahati,Neha Das,Individual,Organic Search,65,82.37,6,No,,,No Response
LEAD005842,2026-04-03,South,Hyderabad,Arjun Nair,Corporate,Corporate Outreach,67,313.37,1,No,,,Budget Delayed
LEAD005843,2026-04-04,West,Ahmedabad,Rohan Mehta,Individual,Organic Search,47,79.98,2,No,,,Not Ready Yet
LEAD005844,2026-04-04,West,Mumbai,Rohan Mehta,Individual,Organic Search,69,80.32,3,Yes,2026-04-13,9,
LEAD005845,2026-04-04,North,Jaipur,Priya Verma,Individual,Organic Search,53,91.38,5,No,,,Price Too High
LEAD005846,2026-04-04,North,Jaipur,Karan Malhotra,Individual,Google Ads,41,591.94,1,No,,,Price Too High
LEAD005847,2026-04-04,West,Pune,Rohan Mehta,Individual,Marketplace,54,178.43,2,Yes,2026-04-16,12,
LEAD005848,2026-04-04,South,Chennai,Isha Reddy,Individual,Paid Social,70,467.17,2,No,,,Competitor Chosen
LEAD005849,2026-04-04,North,Lucknow,Karan Malhotra,Individual,Referral,67,105.34,4,No,,,No Response
LEAD005850,2026-04-04,North,Jaipur,Aarav Sharma,Individual,Google Ads,67,589.40,1,No,,,Budget Delayed
LEAD005851,2026-04-04,West,Mumbai,Rohan Mehta,Individual,Marketplace,71,163.45,1,No,,,Budget Delayed
LEAD005852,2026-04-05,South,Hyderabad,Arjun Nair,Individual,Marketplace,55,200.83,1,Yes,2026-04-07,2,
LEAD005853,2026-04-05,South,Hyderabad,Isha Reddy,Individual,Paid Social,43,365.57,1,Yes,2026-04-19,14,
LEAD005854,2026-04-05,South,Chennai,Arjun Nair,Individual,Referral,66,110.29,3,Yes,2026-04-19,14,
LEAD005855,2026-04-05,North,Delhi,Priya Verma,SME,Walk-in,65,51.04,3,Yes,2026-04-10,5,
LEAD005856,2026-04-05,West,Ahmedabad,Rohan Mehta,Corporate,Corporate Outreach,50,312.56,1,No,,,No Response
LEAD005857,2026-04-05,East,Kolkata,Vikram Sen,Corporate,Corporate Outreach,35,269.39,6,No,,,Budget Delayed
LEAD005858,2026-04-05,South,Hyderabad,Sneha Rao,Individual,Paid Social,45,395.95,3,Yes,2026-04-25,20,
LEAD005859,2026-04-05,East,Bhubaneswar,Neha Das,Individual,Paid Social,52,439.64,4,No,,,No Response
LEAD005860,2026-04-06,South,Hyderabad,Sneha Rao,Individual,Organic Search,68,83.60,2,Yes,2026-04-27,21,
LEAD005861,2026-04-06,North,Delhi,Karan Malhotra,Individual,Referral,91,123.93,4,Yes,2026-04-11,5,
LEAD005862,2026-04-06,East,Kolkata,Kavya Roy,Corporate,Corporate Outreach,79,239.07,5,Yes,2026-05-01,25,
LEAD005863,2026-04-06,South,Bengaluru,Arjun Nair,Individual,Walk-in,79,47.93,1,No,,,Price Too High
LEAD005864,2026-04-06,North,Lucknow,Aarav Sharma,Individual,Organic Search,93,88.40,6,No,,,No Response
LEAD005865,2026-04-07,West,Mumbai,Meera Joshi,Corporate,Corporate Outreach,40,293.17,3,Yes,2026-05-13,36,
LEAD005866,2026-04-07,North,Jaipur,Aarav Sharma,Individual,Marketplace,51,185.50,1,Yes,2026-04-19,12,
LEAD005867,2026-04-07,North,Delhi,Karan Malhotra,Individual,Organic Search,43,77.59,4,No,,,Not Ready Yet
LEAD005868,2026-04-07,West,Ahmedabad,Dev Patel,Individual,Paid Social,49,459.71,4,Yes,2026-04-26,19,
LEAD005869,2026-04-07,West,Mumbai,Dev Patel,Corporate,Corporate Outreach,67,266.64,1,No,,,Competitor Chosen
LEAD005870,2026-04-07,East,Guwahati,Kavya Roy,Individual,Referral,46,105.61,3,Yes,2026-04-21,14,
LEAD005871,2026-04-07,South,Chennai,Sneha Rao,SME,Walk-in,66,42.82,2,Yes,2026-04-14,7,
LEAD005872,2026-04-07,South,Hyderabad,Isha Reddy,Corporate,Corporate Outreach,59,297.93,5,No,,,Competitor Chosen
LEAD005873,2026-04-07,South,Bengaluru,Isha Reddy,Individual,Referral,72,108.36,1,Yes,2026-04-16,9,
LEAD005874,2026-04-08,West,Pune,Dev Patel,SME,Marketplace,71,181.25,1,No,,,Price Too High
LEAD005875,2026-04-08,South,Bengaluru,Isha Reddy,Individual,Referral,43,114.42,2,Yes,2026-04-11,3,
LEAD005876,2026-04-08,West,Pune,Meera Joshi,Individual,Organic Search,54,80.51,2,Yes,2026-05-02,24,
LEAD005877,2026-04-08,West,Pune,Rohan Mehta,Individual,Organic Search,37,89.46,2,No,,,Not Ready Yet
LEAD005878,2026-04-09,West,Ahmedabad,Dev Patel,Individual,Marketplace,33,166.48,2,Yes,2026-04-12,3,
LEAD005879,2026-04-09,North,Delhi,Karan Malhotra,SME,Paid Social,87,422.64,1,Yes,2026-04-13,4,
LEAD005880,2026-04-09,South,Bengaluru,Sneha Rao,SME,Walk-in,45,43.50,1,Yes,2026-04-19,10,
LEAD005881,2026-04-09,South,Hyderabad,Arjun Nair,Individual,Paid Social,52,475.44,1,No,,,Budget Delayed
LEAD005882,2026-04-09,South,Bengaluru,Isha Reddy,Individual,Organic Search,63,99.16,1,Yes,2026-04-21,12,
LEAD005883,2026-04-09,North,Delhi,Karan Malhotra,Individual,Walk-in,36,45.43,1,Yes,2026-04-17,8,
LEAD005884,2026-04-09,North,Jaipur,Karan Malhotra,Individual,Referral,98,119.74,2,Yes,2026-04-19,10,
LEAD005885,2026-04-10,East,Kolkata,Vikram Sen,Individual,Google Ads,54,549.49,5,No,,,Budget Delayed
LEAD005886,2026-04-10,West,Ahmedabad,Rohan Mehta,Individual,Google Ads,68,590.11,2,Yes,2026-04-21,11,
LEAD005887,2026-04-10,South,Chennai,Arjun Nair,Individual,Organic Search,49,93.18,4,No,,,Competitor Chosen
LEAD005888,2026-04-10,North,Delhi,Aarav Sharma,Individual,Marketplace,62,162.27,3,No,,,No Response
LEAD005889,2026-04-10,South,Chennai,Sneha Rao,SME,Referral,56,111.73,4,No,,,Not Ready Yet
LEAD005890,2026-04-10,North,Jaipur,Karan Malhotra,Individual,Paid Social,65,435.85,5,No,,,Price Too High
LEAD005891,2026-04-11,West,Pune,Meera Joshi,Corporate,Corporate Outreach,41,320.86,4,No,,,Not Ready Yet
LEAD005892,2026-04-11,West,Mumbai,Dev Patel,Individual,Marketplace,63,175.74,1,Yes,2026-04-24,13,
LEAD005893,2026-04-11,West,Ahmedabad,Dev Patel,Individual,Paid Social,23,434.69,4,Yes,2026-05-02,21,
LEAD005894,2026-04-11,North,Delhi,Karan Malhotra,SME,Paid Social,47,373.51,1,Yes,2026-04-26,15,
LEAD005895,2026-04-11,West,Mumbai,Dev Patel,Individual,Google Ads,57,583.85,3,No,,,No Response
LEAD005896,2026-04-11,South,Bengaluru,Arjun Nair,SME,Organic Search,45,92.62,2,Yes,2026-04-26,15,
LEAD005897,2026-04-11,West,Pune,Dev Patel,Individual,Referral,70,136.17,3,Yes,2026-04-16,5,
LEAD005898,2026-04-12,West,Mumbai,Rohan Mehta,Individual,Walk-in,88,49.56,4,Yes,2026-04-20,8,
LEAD005899,2026-04-12,South,Bengaluru,Arjun Nair,Individual,Referral,73,104.91,4,No,,,Price Too High
LEAD005900,2026-04-12,North,Delhi,Karan Malhotra,Individual,Paid Social,39,450.44,4,Yes,2026-05-01,19,
LEAD005901,2026-04-12,South,Hyderabad,Isha Reddy,Individual,Paid Social,47,383.66,4,No,,,Not Ready Yet
LEAD005902,2026-04-12,West,Mumbai,Rohan Mehta,Individual,Organic Search,53,77.20,3,Yes,2026-04-19,7,
LEAD005903,2026-04-12,East,Kolkata,Kavya Roy,Individual,Google Ads,41,701.14,1,Yes,2026-04-30,18,
LEAD005904,2026-04-12,East,Guwahati,Kavya Roy,Individual,Organic Search,86,81.84,4,Yes,2026-05-03,21,
LEAD005905,2026-04-13,South,Bengaluru,Arjun Nair,Individual,Google Ads,60,653.32,1,No,,,No Response
LEAD005906,2026-04-13,East,Kolkata,Vikram Sen,Individual,Paid Social,55,474.62,2,No,,,Price Too High
LEAD005907,2026-04-13,West,Mumbai,Rohan Mehta,SME,Organic Search,46,84.12,5,No,,,Not Ready Yet
LEAD005908,2026-04-13,North,Jaipur,Karan Malhotra,SME,Organic Search,50,102.70,4,Yes,2026-04-22,9,
LEAD005909,2026-04-13,South,Hyderabad,Isha Reddy,Individual,Paid Social,78,378.28,4,Yes,2026-04-21,8,
LEAD005910,2026-04-13,East,Bhubaneswar,Vikram Sen,Individual,Google Ads,31,627.05,5,No,,,Price Too High
LEAD005911,2026-04-13,South,Bengaluru,Sneha Rao,Individual,Marketplace,84,164.24,2,Yes,2026-04-20,7,
LEAD005912,2026-04-14,South,Hyderabad,Arjun Nair,Individual,Paid Social,38,425.16,4,No,,,No Response
LEAD005913,2026-04-14,South,Hyderabad,Isha Reddy,SME,Paid Social,39,420.17,5,No,,,No Response
LEAD005914,2026-04-15,East,Kolkata,Kavya Roy,Individual,Paid Social,73,450.49,2,No,,,Not Ready Yet
LEAD005915,2026-04-15,North,Delhi,Aarav Sharma,Individual,Marketplace,53,218.27,1,Yes,2026-04-19,4,
LEAD005916,2026-04-15,West,Pune,Dev Patel,Individual,Referral,61,127.89,4,Yes,2026-04-22,7,
LEAD005917,2026-04-15,West,Pune,Dev Patel,Corporate,Corporate Outreach,64,320.12,4,No,,,Budget Delayed
LEAD005918,2026-04-15,West,Pune,Meera Joshi,Individual,Marketplace,27,181.12,4,Yes,2026-04-16,1,
LEAD005919,2026-04-15,North,Delhi,Aarav Sharma,SME,Referral,38,130.23,3,No,,,Not Ready Yet
LEAD005920,2026-04-15,East,Kolkata,Kavya Roy,Individual,Organic Search,51,95.07,3,Yes,2026-05-03,18,
LEAD005921,2026-04-16,South,Hyderabad,Sneha Rao,Individual,Paid Social,68,405.93,2,Yes,2026-05-11,25,
LEAD005922,2026-04-16,South,Chennai,Isha Reddy,Individual,Paid Social,61,366.73,2,No,,,Price Too High
LEAD005923,2026-04-16,East,Kolkata,Kavya Roy,Individual,Google Ads,53,678.11,4,Yes,2026-04-22,6,
LEAD005924,2026-04-16,South,Hyderabad,Arjun Nair,Individual,Organic Search,78,78.93,4,Yes,2026-05-02,16,
LEAD005925,2026-04-16,South,Hyderabad,Arjun Nair,SME,Referral,61,127.69,1,Yes,2026-04-18,2,
LEAD005926,2026-04-17,West,Pune,Meera Joshi,Individual,Organic Search,46,79.37,4,Yes,2026-04-29,12,
LEAD005927,2026-04-17,East,Bhubaneswar,Neha Das,Individual,Marketplace,59,209.48,4,Yes,2026-04-24,7,
LEAD005928,2026-04-17,East,Kolkata,Neha Das,Individual,Google Ads,59,646.88,1,Yes,2026-05-09,22,
LEAD005929,2026-04-17,North,Delhi,Karan Malhotra,Corporate,Corporate Outreach,53,297.03,2,No,,,Budget Delayed
LEAD005930,2026-04-17,West,Pune,Meera Joshi,Individual,Marketplace,72,208.76,4,Yes,2026-04-23,6,
LEAD005931,2026-04-17,East,Guwahati,Vikram Sen,Individual,Google Ads,62,709.67,1,No,,,Price Too High
LEAD005932,2026-04-18,West,Mumbai,Dev Patel,SME,Corporate Outreach,55,286.45,2,Yes,2026-05-06,18,
LEAD005933,2026-04-18,West,Pune,Rohan Mehta,SME,Referral,90,103.00,3,Yes,2026-04-22,4,
LEAD005934,2026-04-18,South,Bengaluru,Arjun Nair,Individual,Walk-in,50,51.57,3,Yes,2026-05-02,14,
LEAD005935,2026-04-18,West,Mumbai,Meera Joshi,Individual,Google Ads,72,704.11,3,Yes,2026-04-23,5,
LEAD005936,2026-04-18,West,Pune,Meera Joshi,Individual,Paid Social,87,399.11,6,No,,,No Response
LEAD005937,2026-04-18,East,Kolkata,Kavya Roy,Individual,Paid Social,38,389.40,3,No,,,No Response
LEAD005938,2026-04-18,East,Kolkata,Neha Das,Individual,Walk-in,59,47.15,1,Yes,2026-04-19,1,
LEAD005939,2026-04-18,South,Hyderabad,Arjun Nair,Corporate,Walk-in,61,43.05,1,No,,,Price Too High
LEAD005940,2026-04-18,North,Lucknow,Priya Verma,Individual,Paid Social,41,383.69,5,No,,,Price Too High
LEAD005941,2026-04-18,South,Hyderabad,Isha Reddy,Individual,Referral,80,109.99,5,No,,,Competitor Chosen
LEAD005942,2026-04-19,North,Jaipur,Priya Verma,Individual,Organic Search,55,92.26,1,Yes,2026-04-30,11,
LEAD005943,2026-04-19,South,Hyderabad,Isha Reddy,Individual,Paid Social,48,432.82,1,No,,,Not Ready Yet
LEAD005944,2026-04-19,South,Hyderabad,Arjun Nair,Individual,Referral,98,123.67,4,Yes,2026-05-02,13,
LEAD005945,2026-04-19,West,Mumbai,Rohan Mehta,Individual,Organic Search,53,78.40,6,No,,,No Response
LEAD005946,2026-04-19,West,Pune,Rohan Mehta,Individual,Google Ads,47,599.49,3,Yes,2026-05-01,12,
LEAD005947,2026-04-19,South,Chennai,Isha Reddy,Individual,Organic Search,52,78.45,1,Yes,2026-05-13,24,
LEAD005948,2026-04-19,West,Mumbai,Dev Patel,Individual,Google Ads,65,705.01,3,No,,,Price Too High
LEAD005949,2026-04-19,East,Kolkata,Kavya Roy,Individual,Organic Search,70,99.20,6,No,,,No Response
LEAD005950,2026-04-20,North,Delhi,Aarav Sharma,SME,Referral,53,112.01,4,Yes,2026-04-22,2,
LEAD005951,2026-04-20,South,Bengaluru,Arjun Nair,Individual,Walk-in,43,56.89,3,No,,,Price Too High
LEAD005952,2026-04-20,South,Hyderabad,Isha Reddy,Individual,Organic Search,75,83.88,3,Yes,2026-04-26,6,
LEAD005953,2026-04-20,North,Lucknow,Aarav Sharma,SME,Organic Search,27,82.42,2,Yes,2026-04-29,9,
LEAD005954,2026-04-20,South,Bengaluru,Arjun Nair,Individual,Marketplace,74,169.26,2,Yes,2026-04-24,4,
LEAD005955,2026-04-21,South,Bengaluru,Sneha Rao,Individual,Marketplace,72,199.77,3,Yes,2026-05-02,11,
LEAD005956,2026-04-21,North,Delhi,Aarav Sharma,Individual,Walk-in,57,54.39,6,No,,,Price Too High
LEAD005957,2026-04-21,South,Hyderabad,Isha Reddy,Individual,Marketplace,55,209.93,3,No,,,Price Too High
LEAD005958,2026-04-21,South,Chennai,Arjun Nair,SME,Referral,97,107.36,2,Yes,2026-04-30,9,
LEAD005959,2026-04-21,South,Bengaluru,Arjun Nair,SME,Walk-in,61,48.61,2,No,,,Competitor Chosen
LEAD005960,2026-04-21,West,Mumbai,Rohan Mehta,Individual,Google Ads,58,579.85,3,Yes,2026-05-16,25,
LEAD005961,2026-04-21,South,Bengaluru,Isha Reddy,SME,Paid Social,54,391.84,2,No,,,Budget Delayed
LEAD005962,2026-04-21,South,Hyderabad,Sneha Rao,Individual,Google Ads,71,685.02,4,No,,,Competitor Chosen
LEAD005963,2026-04-21,South,Hyderabad,Arjun Nair,Individual,Marketplace,73,173.79,3,Yes,2026-04-28,7,
LEAD005964,2026-04-22,North,Lucknow,Priya Verma,Individual,Google Ads,88,592.47,4,No,,,No Response
LEAD005965,2026-04-22,West,Mumbai,Rohan Mehta,SME,Referral,52,130.41,2,Yes,2026-04-26,4,
LEAD005966,2026-04-22,North,Delhi,Aarav Sharma,SME,Walk-in,74,45.59,1,Yes,2026-04-23,1,
LEAD005967,2026-04-22,South,Bengaluru,Sneha Rao,Individual,Google Ads,57,531.39,2,Yes,2026-04-30,8,
LEAD005968,2026-04-22,South,Hyderabad,Sneha Rao,Individual,Marketplace,69,209.95,2,Yes,2026-05-06,14,
LEAD005969,2026-04-22,South,Chennai,Sneha Rao,Corporate,Corporate Outreach,25,272.76,6,No,,,Budget Delayed
LEAD005970,2026-04-22,North,Jaipur,Aarav Sharma,Individual,Marketplace,83,184.73,5,No,,,Not Ready Yet
LEAD005971,2026-04-22,North,Jaipur,Karan Malhotra,Individual,Paid Social,71,439.57,3,Yes,2026-04-29,7,
LEAD005972,2026-04-22,East,Kolkata,Vikram Sen,Individual,Marketplace,52,191.48,2,Yes,2026-05-03,11,
LEAD005973,2026-04-23,North,Delhi,Karan Malhotra,Individual,Marketplace,52,190.04,5,No,,,No Response
LEAD005974,2026-04-23,West,Ahmedabad,Dev Patel,Individual,Referral,71,132.51,1,Yes,2026-04-27,4,
LEAD005975,2026-04-23,South,Chennai,Sneha Rao,Individual,Referral,97,125.81,1,No,,,Budget Delayed
LEAD005976,2026-04-24,West,Mumbai,Dev Patel,SME,Corporate Outreach,47,307.63,6,No,,,No Response
LEAD005977,2026-04-24,South,Chennai,Arjun Nair,SME,Referral,78,122.21,4,Yes,2026-05-04,10,
LEAD005978,2026-04-24,West,Mumbai,Dev Patel,Individual,Google Ads,74,604.41,2,Yes,2026-05-01,7,
LEAD005979,2026-04-24,South,Chennai,Isha Reddy,SME,Referral,79,137.48,1,No,,,Price Too High
LEAD005980,2026-04-24,South,Bengaluru,Sneha Rao,Corporate,Corporate Outreach,40,256.62,6,No,,,Competitor Chosen
LEAD005981,2026-04-25,South,Hyderabad,Sneha Rao,Individual,Marketplace,60,185.49,2,No,,,Price Too High
LEAD005982,2026-04-25,West,Ahmedabad,Rohan Mehta,Individual,Referral,83,127.65,2,Yes,2026-05-07,12,
LEAD005983,2026-04-25,North,Delhi,Karan Malhotra,SME,Organic Search,69,99.49,1,Yes,2026-05-10,15,
LEAD005984,2026-04-25,South,Chennai,Arjun Nair,Individual,Referral,74,127.19,2,Yes,2026-05-06,11,
LEAD005985,2026-04-25,South,Hyderabad,Arjun Nair,SME,Paid Social,76,443.34,1,Yes,2026-04-28,3,
LEAD005986,2026-04-25,West,Mumbai,Dev Patel,SME,Marketplace,45,213.64,3,No,,,Price Too High
LEAD005987,2026-04-25,West,Ahmedabad,Rohan Mehta,Individual,Organic Search,71,76.85,6,No,,,Competitor Chosen
LEAD005988,2026-04-25,East,Guwahati,Vikram Sen,Individual,Organic Search,46,94.38,3,No,,,Price Too High
LEAD005989,2026-04-25,East,Guwahati,Neha Das,Individual,Organic Search,81,100.18,3,No,,,Budget Delayed
LEAD005990,2026-04-25,North,Delhi,Aarav Sharma,Individual,Paid Social,42,457.28,6,No,,,Budget Delayed
LEAD005991,2026-04-25,North,Delhi,Priya Verma,Individual,Organic Search,69,90.83,3,Yes,2026-05-14,19,
LEAD005992,2026-04-26,West,Pune,Meera Joshi,SME,Organic Search,39,76.66,1,Yes,2026-05-14,18,
LEAD005993,2026-04-26,West,Ahmedabad,Dev Patel,Individual,Organic Search,41,80.18,4,Yes,2026-05-08,12,
LEAD005994,2026-04-26,North,Lucknow,Karan Malhotra,Individual,Walk-in,27,47.03,2,No,,,Price Too High
LEAD005995,2026-04-27,North,Delhi,Priya Verma,Corporate,Corporate Outreach,69,275.97,3,No,,,Budget Delayed
LEAD005996,2026-04-27,North,Lucknow,Aarav Sharma,Individual,Organic Search,49,84.65,4,No,,,No Response
LEAD005997,2026-04-27,North,Jaipur,Aarav Sharma,Corporate,Corporate Outreach,38,297.22,2,Yes,2026-05-06,9,
LEAD005998,2026-04-27,West,Pune,Meera Joshi,Individual,Paid Social,51,416.12,2,No,,,Budget Delayed
LEAD005999,2026-04-27,South,Hyderabad,Arjun Nair,SME,Google Ads,58,711.77,4,No,,,Competitor Chosen
LEAD006000,2026-04-27,South,Bengaluru,Arjun Nair,Individual,Walk-in,52,47.39,6,No,,,Not Ready Yet
LEAD006001,2026-04-27,South,Hyderabad,Arjun Nair,Individual,Paid Social,66,389.10,6,No,,,Not Ready Yet
LEAD006002,2026-04-28,East,Kolkata,Neha Das,Individual,Paid Social,66,435.78,3,No,,,Not Ready Yet
LEAD006003,2026-04-28,West,Mumbai,Meera Joshi,Individual,Google Ads,53,547.29,2,No,,,Price Too High
LEAD006004,2026-04-28,West,Mumbai,Rohan Mehta,Individual,Marketplace,73,174.87,1,Yes,2026-05-10,12,
LEAD006005,2026-04-28,North,Delhi,Aarav Sharma,Corporate,Corporate Outreach,33,291.44,1,No,,,Competitor Chosen
LEAD006006,2026-04-28,East,Bhubaneswar,Neha Das,Individual,Walk-in,85,55.81,2,Yes,2026-05-07,9,
LEAD006007,2026-04-28,South,Bengaluru,Isha Reddy,SME,Google Ads,56,683.23,4,No,,,No Response
LEAD006008,2026-04-29,South,Hyderabad,Sneha Rao,Corporate,Google Ads,72,628.05,2,No,,,Price Too High
LEAD006009,2026-04-29,North,Jaipur,Priya Verma,Individual,Organic Search,67,77.87,1,Yes,2026-05-18,19,
LEAD006010,2026-04-29,North,Jaipur,Priya Verma,Individual,Walk-in,31,55.89,4,Yes,2026-05-06,7,
LEAD006011,2026-04-29,West,Pune,Meera Joshi,Individual,Referral,64,104.26,6,No,,,No Response
LEAD006012,2026-04-29,West,Mumbai,Meera Joshi,Individual,Marketplace,54,177.04,2,No,,,No Response
LEAD006013,2026-04-29,South,Bengaluru,Arjun Nair,Individual,Organic Search,42,78.11,5,No,,,No Response
LEAD006014,2026-04-29,North,Jaipur,Priya Verma,Individual,Google Ads,52,676.85,2,Yes,2026-05-20,21,
LEAD006015,2026-04-29,South,Hyderabad,Isha Reddy,Individual,Marketplace,70,216.76,2,Yes,2026-05-04,5,
LEAD006016,2026-04-30,South,Hyderabad,Arjun Nair,Individual,Organic Search,69,98.18,1,No,,,Price Too High
LEAD006017,2026-04-30,South,Bengaluru,Sneha Rao,Individual,Marketplace,41,186.32,4,Yes,2026-05-07,7,
LEAD006018,2026-04-30,West,Pune,Meera Joshi,SME,Walk-in,67,51.38,3,Yes,2026-05-06,6,
LEAD006019,2026-04-30,North,Delhi,Karan Malhotra,Individual,Marketplace,69,183.66,1,No,,,Competitor Chosen
LEAD006020,2026-04-30,West,Mumbai,Dev Patel,Individual,Referral,64,107.02,4,No,,,Competitor Chosen
LEAD006021,2026-04-30,West,Ahmedabad,Meera Joshi,SME,Corporate Outreach,83,241.65,6,No,,,Not Ready Yet
LEAD006022,2026-04-30,South,Hyderabad,Arjun Nair,Individual,Google Ads,83,658.97,1,Yes,2026-05-02,2,
LEAD006023,2026-04-30,West,Ahmedabad,Meera Joshi,Individual,Organic Search,85,85.22,3,Yes,2026-05-08,8,
LEAD006024,2026-05-01,South,Hyderabad,Arjun Nair,Individual,Organic Search,50,83.71,4,No,,,No Response
LEAD006025,2026-05-01,West,Pune,Meera Joshi,Individual,Marketplace,52,192.94,4,Yes,2026-05-04,3,
LEAD006026,2026-05-01,West,Ahmedabad,Rohan Mehta,Individual,Paid Social,56,454.64,1,No,,,Competitor Chosen
LEAD006027,2026-05-01,South,Hyderabad,Arjun Nair,Individual,Marketplace,66,169.43,1,Yes,2026-05-13,12,
LEAD006028,2026-05-01,West,Mumbai,Rohan Mehta,Individual,Referral,65,134.87,3,Yes,2026-05-04,3,
LEAD006029,2026-05-01,South,Hyderabad,Sneha Rao,Individual,Organic Search,51,102.95,1,Yes,2026-05-13,12,
LEAD006030,2026-05-02,South,Chennai,Isha Reddy,Individual,Walk-in,65,49.19,6,No,,,No Response
LEAD006031,2026-05-02,South,Hyderabad,Arjun Nair,SME,Paid Social,44,409.53,1,No,,,Price Too High
LEAD006032,2026-05-02,North,Delhi,Priya Verma,Individual,Paid Social,34,413.45,1,No,,,Price Too High
LEAD006033,2026-05-02,West,Ahmedabad,Rohan Mehta,Individual,Referral,80,108.45,3,Yes,2026-05-16,14,
LEAD006034,2026-05-02,North,Jaipur,Karan Malhotra,Individual,Google Ads,87,549.75,5,No,,,No Response
LEAD006035,2026-05-02,West,Pune,Dev Patel,Individual,Walk-in,69,52.79,3,Yes,2026-05-06,4,
LEAD006036,2026-05-03,East,Guwahati,Kavya Roy,Individual,Organic Search,59,88.56,2,No,,,Competitor Chosen
LEAD006037,2026-05-03,North,Delhi,Aarav Sharma,Corporate,Referral,79,104.43,3,Yes,2026-06-12,40,
LEAD006038,2026-05-03,East,Guwahati,Kavya Roy,Individual,Marketplace,56,166.68,2,Yes,2026-05-17,14,
LEAD006039,2026-05-03,North,Jaipur,Karan Malhotra,Individual,Organic Search,34,79.43,2,Yes,2026-05-15,12,
LEAD006040,2026-05-04,South,Bengaluru,Arjun Nair,Individual,Organic Search,56,84.90,1,No,,,Not Ready Yet
LEAD006041,2026-05-04,North,Delhi,Aarav Sharma,Individual,Marketplace,26,208.50,6,No,,,Budget Delayed
LEAD006042,2026-05-04,North,Jaipur,Karan Malhotra,Individual,Walk-in,61,43.67,6,No,,,Not Ready Yet
LEAD006043,2026-05-04,South,Chennai,Sneha Rao,Individual,Organic Search,67,95.63,3,No,,,Price Too High
LEAD006044,2026-05-04,East,Kolkata,Kavya Roy,Individual,Organic Search,40,88.87,5,No,,,Price Too High
LEAD006045,2026-05-04,West,Pune,Rohan Mehta,Individual,Paid Social,47,472.98,5,No,,,No Response
LEAD006046,2026-05-04,North,Delhi,Aarav Sharma,Individual,Organic Search,55,89.62,5,No,,,Competitor Chosen
LEAD006047,2026-05-04,East,Kolkata,Kavya Roy,SME,Referral,77,115.59,1,No,,,Price Too High
LEAD006048,2026-05-05,South,Chennai,Sneha Rao,SME,Referral,81,136.66,2,Yes,2026-05-13,8,
LEAD006049,2026-05-05,East,Kolkata,Kavya Roy,Individual,Google Ads,43,700.97,2,No,,,Price Too High
LEAD006050,2026-05-05,West,Ahmedabad,Meera Joshi,Individual,Marketplace,39,182.12,6,No,,,No Response
LEAD006051,2026-05-05,West,Mumbai,Rohan Mehta,Individual,Organic Search,50,98.12,2,Yes,2026-05-21,16,
LEAD006052,2026-05-05,West,Mumbai,Dev Patel,SME,Corporate Outreach,42,296.68,1,Yes,2026-05-13,8,
LEAD006053,2026-05-06,South,Hyderabad,Sneha Rao,Individual,Referral,80,120.25,1,Yes,2026-05-09,3,
LEAD006054,2026-05-06,South,Hyderabad,Sneha Rao,Individual,Organic Search,70,80.73,2,Yes,2026-05-16,10,
LEAD006055,2026-05-06,South,Hyderabad,Isha Reddy,Individual,Google Ads,85,613.19,1,No,,,No Response
LEAD006056,2026-05-06,South,Bengaluru,Sneha Rao,SME,Organic Search,74,91.39,4,No,,,Price Too High
LEAD006057,2026-05-06,South,Hyderabad,Arjun Nair,Individual,Walk-in,78,51.01,3,No,,,No Response
LEAD006058,2026-05-06,North,Delhi,Aarav Sharma,Individual,Walk-in,45,57.15,4,Yes,2026-05-13,7,
LEAD006059,2026-05-06,East,Bhubaneswar,Kavya Roy,Corporate,Referral,68,123.22,2,No,,,No Response
LEAD006060,2026-05-06,South,Hyderabad,Sneha Rao,Individual,Referral,87,127.12,1,Yes,2026-05-19,13,
LEAD006061,2026-05-06,North,Lucknow,Aarav Sharma,Individual,Marketplace,74,191.30,3,Yes,2026-05-09,3,
LEAD006062,2026-05-06,East,Kolkata,Kavya Roy,Individual,Organic Search,71,89.06,5,No,,,Price Too High
LEAD006063,2026-05-06,South,Bengaluru,Isha Reddy,Individual,Organic Search,48,89.34,5,No,,,Price Too High
LEAD006064,2026-05-06,West,Ahmedabad,Meera Joshi,Individual,Referral,44,133.02,3,Yes,2026-05-12,6,
LEAD006065,2026-05-06,West,Mumbai,Meera Joshi,Individual,Walk-in,76,46.00,4,Yes,2026-05-10,4,
LEAD006066,2026-05-06,North,Lucknow,Karan Malhotra,Corporate,Corporate Outreach,42,265.82,1,No,,,No Response
LEAD006067,2026-05-06,South,Chennai,Isha Reddy,Individual,Walk-in,28,50.40,2,No,,,Budget Delayed
LEAD006068,2026-05-07,West,Mumbai,Dev Patel,Individual,Google Ads,66,610.37,3,No,,,Not Ready Yet
LEAD006069,2026-05-07,East,Kolkata,Vikram Sen,Corporate,Walk-in,82,55.22,3,Yes,2026-06-12,36,
LEAD006070,2026-05-07,North,Delhi,Aarav Sharma,Individual,Referral,38,106.73,3,Yes,2026-05-13,6,
LEAD006071,2026-05-07,North,Delhi,Aarav Sharma,SME,Marketplace,47,192.93,3,Yes,2026-05-09,2,
LEAD006072,2026-05-07,West,Ahmedabad,Dev Patel,SME,Google Ads,53,556.71,2,No,,,No Response
LEAD006073,2026-05-07,North,Lucknow,Aarav Sharma,SME,Organic Search,69,81.58,2,Yes,2026-05-09,2,
LEAD006074,2026-05-08,East,Bhubaneswar,Kavya Roy,Individual,Organic Search,30,93.11,5,No,,,No Response
LEAD006075,2026-05-08,North,Jaipur,Priya Verma,Corporate,Corporate Outreach,76,263.92,1,Yes,2026-06-04,27,
LEAD006076,2026-05-08,North,Jaipur,Aarav Sharma,Individual,Paid Social,78,472.02,4,Yes,2026-05-24,16,
LEAD006077,2026-05-08,North,Jaipur,Aarav Sharma,Individual,Marketplace,61,161.85,1,Yes,2026-05-10,2,
LEAD006078,2026-05-08,South,Chennai,Isha Reddy,Individual,Referral,78,104.64,1,Yes,2026-05-13,5,
LEAD006079,2026-05-08,West,Ahmedabad,Rohan Mehta,SME,Marketplace,42,177.06,4,Yes,2026-05-11,3,
LEAD006080,2026-05-08,East,Kolkata,Vikram Sen,Corporate,Referral,45,128.46,7,Yes,2026-05-23,15,
LEAD006081,2026-05-09,West,Pune,Rohan Mehta,Individual,Referral,82,116.56,1,Yes,2026-05-21,12,
LEAD006082,2026-05-09,West,Mumbai,Meera Joshi,Individual,Paid Social,46,422.52,3,No,,,No Response
LEAD006083,2026-05-09,West,Pune,Meera Joshi,Individual,Referral,68,124.03,3,No,,,No Response
LEAD006084,2026-05-09,West,Mumbai,Meera Joshi,Individual,Walk-in,64,44.30,3,No,,,Not Ready Yet
LEAD006085,2026-05-09,North,Jaipur,Karan Malhotra,Individual,Google Ads,63,642.82,2,Yes,2026-05-18,9,
LEAD006086,2026-05-09,North,Delhi,Priya Verma,Individual,Paid Social,69,491.25,4,Yes,2026-06-01,23,
LEAD006087,2026-05-09,North,Delhi,Karan Malhotra,Corporate,Organic Search,58,79.26,5,No,,,Competitor Chosen
LEAD006088,2026-05-09,East,Guwahati,Vikram Sen,Individual,Google Ads,50,618.18,2,Yes,2026-06-02,24,
LEAD006089,2026-05-09,South,Bengaluru,Isha Reddy,SME,Referral,61,104.98,4,Yes,2026-05-13,4,
LEAD006090,2026-05-10,East,Kolkata,Vikram Sen,Individual,Walk-in,41,55.09,2,No,,,Budget Delayed
LEAD006091,2026-05-10,North,Delhi,Karan Malhotra,Corporate,Referral,57,135.70,4,No,,,Competitor Chosen
LEAD006092,2026-05-10,North,Delhi,Aarav Sharma,Individual,Paid Social,18,462.69,4,No,,,Price Too High
LEAD006093,2026-05-10,South,Hyderabad,Sneha Rao,Individual,Paid Social,83,414.62,1,Yes,2026-05-28,18,
LEAD006094,2026-05-10,West,Pune,Meera Joshi,Individual,Walk-in,51,51.21,3,Yes,2026-05-21,11,
LEAD006095,2026-05-10,North,Delhi,Aarav Sharma,Corporate,Walk-in,66,54.67,1,Yes,2026-05-26,16,
LEAD006096,2026-05-10,North,Jaipur,Priya Verma,SME,Corporate Outreach,57,276.53,4,No,,,Budget Delayed
LEAD006097,2026-05-11,North,Delhi,Aarav Sharma,SME,Corporate Outreach,44,281.65,4,Yes,2026-05-26,15,
LEAD006098,2026-05-11,South,Chennai,Isha Reddy,SME,Organic Search,44,79.96,1,Yes,2026-05-24,13,
LEAD006099,2026-05-11,West,Mumbai,Meera Joshi,Individual,Paid Social,53,427.94,4,Yes,2026-06-01,21,
LEAD006100,2026-05-11,East,Bhubaneswar,Kavya Roy,Individual,Marketplace,60,213.38,2,No,,,Budget Delayed
LEAD006101,2026-05-11,East,Bhubaneswar,Vikram Sen,Corporate,Corporate Outreach,46,279.29,5,Yes,2026-05-23,12,
LEAD006102,2026-05-11,South,Hyderabad,Arjun Nair,Individual,Marketplace,76,165.36,3,Yes,2026-05-13,2,
LEAD006103,2026-05-12,East,Kolkata,Neha Das,Individual,Organic Search,55,85.01,2,No,,,No Response
LEAD006104,2026-05-12,South,Hyderabad,Isha Reddy,Individual,Paid Social,34,446.31,4,No,,,No Response
LEAD006105,2026-05-12,West,Ahmedabad,Rohan Mehta,Individual,Walk-in,43,49.14,4,Yes,2026-05-19,7,
LEAD006106,2026-05-12,North,Delhi,Aarav Sharma,SME,Google Ads,96,571.52,3,Yes,2026-06-04,23,
LEAD006107,2026-05-12,North,Lucknow,Aarav Sharma,Individual,Marketplace,36,191.63,4,No,,,No Response
LEAD006108,2026-05-12,South,Bengaluru,Arjun Nair,Individual,Google Ads,72,541.81,2,Yes,2026-05-17,5,
LEAD006109,2026-05-12,North,Delhi,Aarav Sharma,SME,Walk-in,63,57.22,2,Yes,2026-05-14,2,
LEAD006110,2026-05-12,West,Pune,Dev Patel,Individual,Organic Search,51,87.36,1,Yes,2026-05-30,18,
LEAD006111,2026-05-12,North,Lucknow,Karan Malhotra,Individual,Referral,65,109.83,6,No,,,No Response
LEAD006112,2026-05-13,South,Hyderabad,Sneha Rao,Individual,Organic Search,40,80.66,6,No,,,No Response
LEAD006113,2026-05-13,North,Delhi,Aarav Sharma,Individual,Google Ads,40,694.58,4,Yes,2026-05-16,3,
LEAD006114,2026-05-13,West,Ahmedabad,Meera Joshi,Individual,Marketplace,72,209.82,4,Yes,2026-05-22,9,
LEAD006115,2026-05-13,North,Delhi,Aarav Sharma,Individual,Walk-in,70,48.69,1,Yes,2026-05-25,12,
LEAD006116,2026-05-13,East,Kolkata,Kavya Roy,Individual,Referral,69,124.79,3,No,,,Budget Delayed
LEAD006117,2026-05-13,West,Mumbai,Rohan Mehta,Individual,Marketplace,79,189.54,1,No,,,No Response
LEAD006118,2026-05-14,West,Mumbai,Meera Joshi,Individual,Marketplace,53,193.13,3,Yes,2026-05-16,2,
LEAD006119,2026-05-14,North,Delhi,Aarav Sharma,SME,Walk-in,69,53.67,3,Yes,2026-05-20,6,
LEAD006120,2026-05-14,North,Lucknow,Karan Malhotra,Corporate,Corporate Outreach,62,249.59,6,Yes,2026-06-02,19,
LEAD006121,2026-05-14,West,Ahmedabad,Meera Joshi,SME,Paid Social,67,395.09,3,Yes,2026-05-20,6,
LEAD006122,2026-05-14,North,Jaipur,Karan Malhotra,Individual,Paid Social,38,404.46,6,No,,,Price Too High
LEAD006123,2026-05-14,South,Bengaluru,Isha Reddy,Individual,Google Ads,79,602.77,3,Yes,2026-05-19,5,
LEAD006124,2026-05-15,North,Lucknow,Aarav Sharma,Individual,Walk-in,52,50.57,4,Yes,2026-05-26,11,
LEAD006125,2026-05-15,South,Hyderabad,Sneha Rao,Individual,Organic Search,47,84.82,3,Yes,2026-05-25,10,
LEAD006126,2026-05-15,West,Mumbai,Meera Joshi,Individual,Referral,65,111.14,1,Yes,2026-05-25,10,
LEAD006127,2026-05-16,West,Pune,Meera Joshi,Individual,Walk-in,59,52.02,3,Yes,2026-05-28,12,
LEAD006128,2026-05-16,North,Delhi,Aarav Sharma,Individual,Marketplace,34,201.69,6,No,,,Price Too High
LEAD006129,2026-05-16,North,Lucknow,Karan Malhotra,SME,Google Ads,47,687.55,3,No,,,Price Too High
LEAD006130,2026-05-16,West,Pune,Dev Patel,Individual,Paid Social,71,474.20,1,Yes,2026-05-31,15,
LEAD006131,2026-05-16,South,Bengaluru,Sneha Rao,Individual,Google Ads,56,532.36,2,Yes,2026-05-21,5,
LEAD006132,2026-05-16,West,Mumbai,Meera Joshi,SME,Corporate Outreach,63,276.95,2,Yes,2026-05-26,10,
LEAD006133,2026-05-16,East,Kolkata,Vikram Sen,Individual,Organic Search,89,87.47,4,Yes,2026-06-03,18,
LEAD006134,2026-05-16,South,Hyderabad,Isha Reddy,Individual,Marketplace,73,214.41,3,Yes,2026-05-28,12,
LEAD006135,2026-05-16,South,Bengaluru,Sneha Rao,Individual,Marketplace,82,183.42,3,No,,,Budget Delayed
LEAD006136,2026-05-17,East,Guwahati,Neha Das,Individual,Walk-in,53,45.63,2,Yes,2026-05-20,3,
LEAD006137,2026-05-17,West,Pune,Meera Joshi,Corporate,Corporate Outreach,48,266.85,5,Yes,2026-06-11,25,
LEAD006138,2026-05-17,East,Bhubaneswar,Kavya Roy,Corporate,Referral,65,131.11,7,Yes,2026-06-15,29,
LEAD006139,2026-05-17,North,Delhi,Priya Verma,Individual,Organic Search,42,93.29,2,Yes,2026-05-25,8,
LEAD006140,2026-05-17,North,Lucknow,Karan Malhotra,Individual,Organic Search,67,81.31,4,Yes,2026-06-07,21,
LEAD006141,2026-05-18,South,Hyderabad,Arjun Nair,SME,Corporate Outreach,58,238.71,1,Yes,2026-05-30,12,
LEAD006142,2026-05-18,South,Bengaluru,Arjun Nair,Individual,Marketplace,53,218.22,1,No,,,Budget Delayed
LEAD006143,2026-05-18,South,Chennai,Isha Reddy,SME,Organic Search,51,79.02,3,No,,,No Response
LEAD006144,2026-05-18,West,Ahmedabad,Meera Joshi,Individual,Referral,49,116.98,4,Yes,2026-05-23,5,
LEAD006145,2026-05-18,East,Guwahati,Kavya Roy,Individual,Walk-in,66,55.55,5,No,,,Budget Delayed
LEAD006146,2026-05-18,South,Bengaluru,Arjun Nair,Individual,Referral,51,123.47,1,No,,,Competitor Chosen
LEAD006147,2026-05-18,South,Bengaluru,Arjun Nair,Individual,Organic Search,77,85.68,2,No,,,Budget Delayed
LEAD006148,2026-05-18,North,Delhi,Priya Verma,SME,Organic Search,78,82.63,2,Yes,2026-05-21,3,
LEAD006149,2026-05-18,South,Bengaluru,Arjun Nair,Individual,Paid Social,40,423.00,5,No,,,Not Ready Yet
LEAD006150,2026-05-18,North,Lucknow,Aarav Sharma,Individual,Organic Search,36,76.71,6,No,,,Not Ready Yet
LEAD006151,2026-05-18,South,Chennai,Isha Reddy,SME,Referral,77,114.29,1,Yes,2026-05-24,6,
LEAD006152,2026-05-18,South,Bengaluru,Sneha Rao,Individual,Marketplace,80,207.50,4,Yes,2026-05-20,2,
LEAD006153,2026-05-18,North,Delhi,Aarav Sharma,Individual,Marketplace,73,198.69,2,Yes,2026-05-27,9,
LEAD006154,2026-05-19,East,Bhubaneswar,Neha Das,SME,Corporate Outreach,22,269.49,4,No,,,No Response
LEAD006155,2026-05-19,West,Pune,Dev Patel,Corporate,Corporate Outreach,34,255.22,5,No,,,No Response
LEAD006156,2026-05-19,East,Bhubaneswar,Vikram Sen,Individual,Referral,43,117.07,3,No,,,Price Too High
LEAD006157,2026-05-19,South,Hyderabad,Arjun Nair,Corporate,Corporate Outreach,68,262.78,3,Yes,2026-05-28,9,
LEAD006158,2026-05-19,South,Hyderabad,Arjun Nair,Individual,Google Ads,54,611.83,2,Yes,2026-06-07,19,
LEAD006159,2026-05-19,West,Ahmedabad,Rohan Mehta,Corporate,Corporate Outreach,83,310.35,3,Yes,2026-06-05,17,
LEAD006160,2026-05-19,North,Jaipur,Aarav Sharma,Individual,Referral,76,106.06,2,Yes,2026-05-27,8,
LEAD006161,2026-05-19,West,Mumbai,Rohan Mehta,SME,Organic Search,75,80.79,5,No,,,Not Ready Yet
LEAD006162,2026-05-19,West,Pune,Rohan Mehta,Individual,Paid Social,71,445.08,4,No,,,Price Too High
LEAD006163,2026-05-19,West,Mumbai,Rohan Mehta,Individual,Google Ads,68,606.91,5,No,,,Not Ready Yet
LEAD006164,2026-05-19,West,Mumbai,Rohan Mehta,Individual,Referral,50,129.31,4,Yes,2026-05-25,6,
LEAD006165,2026-05-19,West,Mumbai,Dev Patel,Individual,Referral,65,104.45,3,Yes,2026-05-23,4,
LEAD006166,2026-05-19,North,Delhi,Aarav Sharma,Individual,Referral,74,128.57,2,Yes,2026-05-24,5,
LEAD006167,2026-05-19,West,Mumbai,Meera Joshi,SME,Organic Search,73,83.28,4,Yes,2026-05-29,10,
LEAD006168,2026-05-19,North,Delhi,Aarav Sharma,SME,Referral,84,102.34,2,No,,,Not Ready Yet
LEAD006169,2026-05-19,West,Mumbai,Rohan Mehta,Individual,Paid Social,67,492.39,5,No,,,Budget Delayed
LEAD006170,2026-05-20,South,Chennai,Arjun Nair,Individual,Organic Search,81,100.96,1,Yes,2026-06-09,20,
LEAD006171,2026-05-20,West,Ahmedabad,Meera Joshi,Individual,Marketplace,76,203.38,2,Yes,2026-05-30,10,
LEAD006172,2026-05-20,West,Pune,Rohan Mehta,Individual,Organic Search,38,93.95,3,Yes,2026-05-24,4,
LEAD006173,2026-05-20,East,Guwahati,Neha Das,Individual,Organic Search,68,102.30,6,No,,,Price Too High
LEAD006174,2026-05-20,North,Delhi,Priya Verma,Individual,Marketplace,62,178.43,2,Yes,2026-05-28,8,
LEAD006175,2026-05-20,West,Pune,Dev Patel,Individual,Organic Search,75,94.15,3,No,,,No Response
LEAD006176,2026-05-20,East,Bhubaneswar,Vikram Sen,SME,Organic Search,53,89.33,2,No,,,Budget Delayed
LEAD006177,2026-05-20,West,Mumbai,Dev Patel,Individual,Paid Social,39,411.86,3,No,,,Price Too High
LEAD006178,2026-05-20,North,Jaipur,Aarav Sharma,Individual,Google Ads,70,592.06,3,Yes,2026-06-02,13,
LEAD006179,2026-05-21,West,Ahmedabad,Dev Patel,Individual,Marketplace,45,188.39,2,No,,,Not Ready Yet
LEAD006180,2026-05-21,South,Bengaluru,Isha Reddy,Individual,Google Ads,43,657.99,5,No,,,No Response
LEAD006181,2026-05-21,South,Chennai,Sneha Rao,SME,Marketplace,85,169.76,2,Yes,2026-06-04,14,
LEAD006182,2026-05-21,South,Bengaluru,Sneha Rao,Individual,Walk-in,71,48.79,4,Yes,2026-06-03,13,
LEAD006183,2026-05-21,West,Mumbai,Dev Patel,Individual,Walk-in,61,52.04,6,No,,,Competitor Chosen
LEAD006184,2026-05-21,North,Lucknow,Aarav Sharma,Individual,Marketplace,60,161.60,1,Yes,2026-05-30,9,
LEAD006185,2026-05-22,North,Delhi,Karan Malhotra,Individual,Referral,60,103.34,3,Yes,2026-05-27,5,
LEAD006186,2026-05-22,South,Chennai,Isha Reddy,SME,Organic Search,56,90.51,4,No,,,No Response
LEAD006187,2026-05-22,South,Bengaluru,Sneha Rao,Individual,Marketplace,51,217.12,2,No,,,Not Ready Yet
LEAD006188,2026-05-23,West,Ahmedabad,Dev Patel,Individual,Paid Social,58,481.86,3,No,,,Competitor Chosen
LEAD006189,2026-05-23,East,Kolkata,Neha Das,Individual,Paid Social,42,376.80,3,No,,,No Response
LEAD006190,2026-05-23,North,Jaipur,Karan Malhotra,Individual,Paid Social,65,412.51,4,No,,,Competitor Chosen
LEAD006191,2026-05-23,North,Delhi,Karan Malhotra,Individual,Google Ads,84,617.56,3,No,,,Budget Delayed
LEAD006192,2026-05-23,North,Lucknow,Aarav Sharma,SME,Google Ads,92,551.24,2,Yes,2026-06-10,18,
LEAD006193,2026-05-24,West,Pune,Dev Patel,Individual,Referral,78,131.61,5,No,,,No Response
LEAD006194,2026-05-24,East,Kolkata,Vikram Sen,Corporate,Corporate Outreach,46,271.96,4,No,,,Not Ready Yet
LEAD006195,2026-05-24,West,Mumbai,Rohan Mehta,SME,Corporate Outreach,64,284.66,4,No,,,Budget Delayed
LEAD006196,2026-05-24,North,Delhi,Aarav Sharma,Individual,Paid Social,38,461.14,3,No,,,Competitor Chosen
LEAD006197,2026-05-24,South,Bengaluru,Sneha Rao,Corporate,Corporate Outreach,63,289.39,3,No,,,Not Ready Yet
LEAD006198,2026-05-24,West,Mumbai,Dev Patel,Individual,Organic Search,65,94.75,3,Yes,2026-05-30,6,
LEAD006199,2026-05-24,West,Mumbai,Meera Joshi,Individual,Paid Social,18,401.05,5,No,,,Budget Delayed
LEAD006200,2026-05-25,West,Mumbai,Dev Patel,SME,Organic Search,60,90.65,5,No,,,Not Ready Yet
LEAD006201,2026-05-25,South,Bengaluru,Sneha Rao,Individual,Paid Social,43,411.34,1,No,,,No Response
LEAD006202,2026-05-25,South,Chennai,Arjun Nair,SME,Google Ads,65,706.34,6,No,,,Price Too High
LEAD006203,2026-05-25,West,Mumbai,Meera Joshi,Individual,Organic Search,61,102.63,2,Yes,2026-06-10,16,
LEAD006204,2026-05-25,West,Pune,Dev Patel,Individual,Marketplace,54,169.09,2,Yes,2026-05-29,4,
LEAD006205,2026-05-25,South,Chennai,Arjun Nair,SME,Referral,69,120.39,2,Yes,2026-06-06,12,
LEAD006206,2026-05-26,West,Pune,Meera Joshi,Individual,Google Ads,72,620.72,4,No,,,Price Too High
LEAD006207,2026-05-26,South,Hyderabad,Sneha Rao,Individual,Walk-in,60,42.60,6,No,,,Not Ready Yet
LEAD006208,2026-05-26,East,Kolkata,Kavya Roy,Individual,Marketplace,51,190.63,1,No,,,No Response
LEAD006209,2026-05-26,North,Jaipur,Karan Malhotra,Individual,Referral,98,107.88,3,Yes,2026-05-28,2,
LEAD006210,2026-05-26,West,Ahmedabad,Rohan Mehta,Individual,Google Ads,75,565.00,6,No,,,No Response
LEAD006211,2026-05-26,East,Kolkata,Vikram Sen,Individual,Marketplace,35,209.93,4,Yes,2026-06-03,8,
LEAD006212,2026-05-26,North,Delhi,Priya Verma,Individual,Marketplace,64,168.94,5,No,,,Competitor Chosen
LEAD006213,2026-05-26,East,Kolkata,Kavya Roy,Individual,Organic Search,49,98.19,5,No,,,Not Ready Yet
LEAD006214,2026-05-27,West,Mumbai,Rohan Mehta,SME,Referral,57,119.96,2,No,,,Price Too High
LEAD006215,2026-05-27,South,Bengaluru,Arjun Nair,Individual,Walk-in,51,44.29,3,Yes,2026-06-07,11,
LEAD006216,2026-05-27,South,Hyderabad,Sneha Rao,Individual,Paid Social,74,447.39,1,Yes,2026-06-02,6,
LEAD006217,2026-05-27,North,Jaipur,Aarav Sharma,Individual,Marketplace,76,200.37,5,No,,,Price Too High
LEAD006218,2026-05-27,South,Bengaluru,Sneha Rao,SME,Organic Search,46,99.61,1,No,,,No Response
LEAD006219,2026-05-27,North,Jaipur,Karan Malhotra,Individual,Google Ads,56,697.02,1,No,,,Price Too High
LEAD006220,2026-05-27,South,Hyderabad,Isha Reddy,Individual,Organic Search,51,98.81,2,No,,,Price Too High
LEAD006221,2026-05-27,South,Chennai,Sneha Rao,Individual,Referral,47,134.16,2,Yes,2026-06-03,7,
LEAD006222,2026-05-28,North,Delhi,Aarav Sharma,SME,Marketplace,44,207.57,1,Yes,2026-05-29,1,
LEAD006223,2026-05-28,North,Delhi,Priya Verma,Individual,Marketplace,51,175.49,5,No,,,Competitor Chosen
LEAD006224,2026-05-28,North,Lucknow,Priya Verma,Individual,Organic Search,56,96.69,6,No,,,Competitor Chosen
LEAD006225,2026-05-28,South,Hyderabad,Arjun Nair,Individual,Organic Search,61,85.64,4,Yes,2026-06-19,22,
LEAD006226,2026-05-29,South,Hyderabad,Sneha Rao,Individual,Google Ads,71,537.23,3,Yes,2026-06-06,8,
LEAD006227,2026-05-29,North,Delhi,Aarav Sharma,SME,Paid Social,74,415.77,1,No,,,Budget Delayed
LEAD006228,2026-05-29,North,Delhi,Karan Malhotra,Individual,Organic Search,78,97.74,2,Yes,2026-06-02,4,
LEAD006229,2026-05-29,North,Delhi,Aarav Sharma,Corporate,Corporate Outreach,48,300.62,5,No,,,Price Too High
LEAD006230,2026-05-29,South,Hyderabad,Isha Reddy,SME,Marketplace,69,204.41,2,Yes,2026-06-02,4,
LEAD006231,2026-05-29,South,Hyderabad,Arjun Nair,Individual,Organic Search,36,86.06,2,Yes,2026-06-09,11,
LEAD006232,2026-05-29,South,Hyderabad,Sneha Rao,Individual,Referral,62,126.42,1,Yes,2026-06-12,14,
LEAD006233,2026-05-29,North,Delhi,Priya Verma,Corporate,Corporate Outreach,47,248.35,4,Yes,2026-06-30,40,
LEAD006234,2026-05-29,North,Delhi,Aarav Sharma,SME,Referral,60,105.73,1,Yes,2026-06-11,13,
LEAD006235,2026-05-29,East,Guwahati,Vikram Sen,Individual,Google Ads,79,536.03,4,No,,,Competitor Chosen
LEAD006236,2026-05-30,South,Hyderabad,Arjun Nair,Individual,Marketplace,69,190.64,5,No,,,No Response
LEAD006237,2026-05-30,North,Jaipur,Aarav Sharma,Individual,Walk-in,50,48.00,3,No,,,Competitor Chosen
LEAD006238,2026-05-30,West,Pune,Dev Patel,Individual,Google Ads,18,546.94,1,No,,,No Response
LEAD006239,2026-05-30,West,Mumbai,Dev Patel,Individual,Google Ads,71,546.87,5,No,,,No Response
LEAD006240,2026-05-30,West,Pune,Meera Joshi,Corporate,Referral,85,137.06,6,Yes,2026-06-19,20,
LEAD006241,2026-05-30,South,Hyderabad,Arjun Nair,Individual,Referral,68,102.72,3,Yes,2026-06-02,3,
LEAD006242,2026-05-30,South,Hyderabad,Sneha Rao,Individual,Organic Search,64,82.94,4,Yes,2026-06-03,4,
LEAD006243,2026-05-31,North,Jaipur,Priya Verma,SME,Organic Search,50,101.24,5,No,,,Competitor Chosen
LEAD006244,2026-05-31,South,Hyderabad,Arjun Nair,SME,Google Ads,51,632.83,4,Yes,2026-06-05,5,
LEAD006245,2026-05-31,South,Chennai,Sneha Rao,Corporate,Organic Search,36,97.91,1,No,,,No Response
LEAD006246,2026-05-31,North,Delhi,Aarav Sharma,Corporate,Organic Search,56,82.23,6,No,,,No Response
LEAD006247,2026-05-31,West,Ahmedabad,Dev Patel,SME,Paid Social,30,492.43,4,No,,,Price Too High
LEAD006248,2026-05-31,South,Hyderabad,Sneha Rao,SME,Organic Search,68,93.25,1,Yes,2026-06-17,17,
LEAD006249,2026-05-31,East,Guwahati,Neha Das,Individual,Marketplace,61,201.10,1,No,,,Budget Delayed
LEAD006250,2026-05-31,West,Pune,Dev Patel,SME,Referral,57,109.95,3,Yes,2026-06-07,7,
LEAD006251,2026-06-01,East,Bhubaneswar,Vikram Sen,SME,Organic Search,71,80.92,1,Yes,2026-06-25,24,
LEAD006252,2026-06-01,South,Bengaluru,Isha Reddy,Corporate,Referral,76,102.08,3,No,,,Price Too High
LEAD006253,2026-06-01,South,Bengaluru,Arjun Nair,SME,Marketplace,63,189.81,2,Yes,2026-06-08,7,
LEAD006254,2026-06-01,North,Lucknow,Priya Verma,Corporate,Organic Search,71,83.52,4,Yes,2026-06-30,35,
LEAD006255,2026-06-01,North,Delhi,Aarav Sharma,Individual,Organic Search,64,85.48,6,No,,,Budget Delayed
LEAD006256,2026-06-01,South,Chennai,Arjun Nair,Individual,Referral,60,103.31,1,Yes,2026-06-04,3,
LEAD006257,2026-06-01,West,Ahmedabad,Dev Patel,Individual,Marketplace,79,172.85,3,Yes,2026-06-14,13,
LEAD006258,2026-06-01,East,Kolkata,Neha Das,Individual,Referral,72,115.01,4,No,,,Competitor Chosen
LEAD006259,2026-06-01,South,Bengaluru,Isha Reddy,Individual,Organic Search,67,95.08,2,Yes,2026-06-07,6,
LEAD006260,2026-06-01,West,Mumbai,Dev Patel,Individual,Organic Search,74,95.11,1,Yes,2026-06-19,18,
LEAD006261,2026-06-01,East,Bhubaneswar,Kavya Roy,SME,Marketplace,38,176.35,6,No,,,No Response
LEAD006262,2026-06-02,North,Delhi,Priya Verma,Individual,Organic Search,52,82.39,3,No,,,Price Too High
LEAD006263,2026-06-02,West,Ahmedabad,Meera Joshi,Individual,Paid Social,55,470.13,1,No,,,Competitor Chosen
LEAD006264,2026-06-02,West,Pune,Rohan Mehta,Individual,Organic Search,46,93.12,1,Yes,2026-06-14,12,
LEAD006265,2026-06-02,East,Kolkata,Vikram Sen,Individual,Organic Search,38,94.55,6,No,,,Budget Delayed
LEAD006266,2026-06-02,East,Bhubaneswar,Kavya Roy,Individual,Google Ads,80,565.03,4,Yes,2026-06-18,16,
LEAD006267,2026-06-02,South,Bengaluru,Isha Reddy,Individual,Walk-in,38,51.53,5,No,,,Not Ready Yet
LEAD006268,2026-06-02,West,Ahmedabad,Rohan Mehta,Individual,Paid Social,46,374.13,3,Yes,2026-06-23,21,
LEAD006269,2026-06-02,West,Pune,Meera Joshi,Individual,Walk-in,70,48.37,2,Yes,2026-06-09,7,
LEAD006270,2026-06-02,West,Mumbai,Dev Patel,Individual,Google Ads,46,707.14,1,Yes,2026-06-24,22,
LEAD006271,2026-06-03,East,Bhubaneswar,Kavya Roy,Individual,Organic Search,52,94.28,2,No,,,Price Too High
LEAD006272,2026-06-03,West,Pune,Rohan Mehta,Individual,Marketplace,78,167.97,1,Yes,2026-06-16,13,
LEAD006273,2026-06-03,South,Bengaluru,Arjun Nair,Individual,Organic Search,57,91.76,6,No,,,No Response
LEAD006274,2026-06-03,North,Delhi,Karan Malhotra,SME,Walk-in,65,53.48,1,Yes,2026-06-04,1,
LEAD006275,2026-06-03,West,Mumbai,Rohan Mehta,Corporate,Corporate Outreach,79,321.95,1,Yes,2026-06-29,26,
LEAD006276,2026-06-03,North,Delhi,Aarav Sharma,Individual,Organic Search,33,93.80,5,No,,,No Response
LEAD006277,2026-06-03,South,Hyderabad,Arjun Nair,SME,Corporate Outreach,89,320.66,3,Yes,2026-06-23,20,
LEAD006278,2026-06-03,West,Ahmedabad,Rohan Mehta,Corporate,Corporate Outreach,60,267.43,6,No,,,Competitor Chosen
LEAD006279,2026-06-03,South,Hyderabad,Isha Reddy,Corporate,Walk-in,66,47.14,2,No,,,Budget Delayed
LEAD006280,2026-06-04,West,Mumbai,Meera Joshi,Individual,Marketplace,59,163.87,2,Yes,2026-06-17,13,
LEAD006281,2026-06-04,West,Ahmedabad,Meera Joshi,SME,Referral,68,133.28,1,Yes,2026-06-10,6,
LEAD006282,2026-06-04,South,Bengaluru,Arjun Nair,Corporate,Corporate Outreach,47,308.48,3,No,,,Not Ready Yet
LEAD006283,2026-06-04,South,Hyderabad,Isha Reddy,Individual,Google Ads,45,648.52,5,No,,,Budget Delayed
LEAD006284,2026-06-04,East,Kolkata,Neha Das,Individual,Organic Search,49,96.22,2,Yes,2026-06-28,24,
LEAD006285,2026-06-04,East,Kolkata,Kavya Roy,Corporate,Corporate Outreach,65,284.07,2,No,,,Budget Delayed
LEAD006286,2026-06-04,North,Jaipur,Priya Verma,Individual,Organic Search,57,76.84,3,Yes,2026-06-15,11,
LEAD006287,2026-06-04,West,Ahmedabad,Dev Patel,Individual,Google Ads,64,648.20,2,No,,,Not Ready Yet
LEAD006288,2026-06-05,South,Hyderabad,Arjun Nair,Individual,Marketplace,66,187.59,3,Yes,2026-06-06,1,
LEAD006289,2026-06-05,West,Pune,Meera Joshi,Individual,Marketplace,66,200.18,1,No,,,Price Too High
LEAD006290,2026-06-05,West,Mumbai,Rohan Mehta,Individual,Walk-in,73,42.88,1,Yes,2026-06-08,3,
LEAD006291,2026-06-05,West,Pune,Meera Joshi,Individual,Organic Search,65,80.50,2,Yes,2026-06-16,11,
LEAD006292,2026-06-05,North,Lucknow,Aarav Sharma,Individual,Paid Social,55,406.29,3,No,,,No Response
LEAD006293,2026-06-05,East,Kolkata,Neha Das,Individual,Google Ads,47,693.45,1,No,,,No Response
LEAD006294,2026-06-05,South,Hyderabad,Arjun Nair,Individual,Organic Search,58,92.86,4,Yes,2026-06-12,7,
LEAD006295,2026-06-05,North,Delhi,Aarav Sharma,Individual,Organic Search,81,88.26,4,Yes,2026-06-25,20,
LEAD006296,2026-06-06,West,Pune,Dev Patel,Individual,Organic Search,78,97.10,4,No,,,Not Ready Yet
LEAD006297,2026-06-06,North,Jaipur,Karan Malhotra,Individual,Paid Social,43,432.53,2,No,,,Competitor Chosen
LEAD006298,2026-06-06,West,Mumbai,Dev Patel,Individual,Organic Search,58,89.40,4,Yes,2026-06-11,5,
LEAD006299,2026-06-06,North,Lucknow,Aarav Sharma,Individual,Organic Search,39,88.86,5,No,,,Price Too High
LEAD006300,2026-06-06,West,Mumbai,Rohan Mehta,Individual,Referral,76,108.32,1,Yes,2026-06-07,1,
LEAD006301,2026-06-06,North,Jaipur,Karan Malhotra,Individual,Organic Search,38,102.47,4,No,,,No Response
LEAD006302,2026-06-06,West,Ahmedabad,Meera Joshi,SME,Referral,52,109.10,1,Yes,2026-06-12,6,
LEAD006303,2026-06-06,West,Mumbai,Dev Patel,Individual,Google Ads,80,636.03,2,Yes,2026-06-17,11,
LEAD006304,2026-06-06,West,Pune,Meera Joshi,Individual,Organic Search,72,91.36,4,No,,,Price Too High
LEAD006305,2026-06-06,North,Delhi,Priya Verma,SME,Google Ads,89,685.09,6,No,,,No Response
LEAD006306,2026-06-06,North,Delhi,Aarav Sharma,Individual,Google Ads,53,657.93,2,Yes,2026-06-17,11,
LEAD006307,2026-06-06,South,Hyderabad,Arjun Nair,Corporate,Organic Search,56,88.26,2,No,,,No Response
LEAD006308,2026-06-07,West,Ahmedabad,Rohan Mehta,Individual,Paid Social,61,477.95,3,Yes,2026-06-24,17,
LEAD006309,2026-06-07,North,Jaipur,Karan Malhotra,Individual,Walk-in,67,54.09,1,Yes,2026-06-10,3,
LEAD006310,2026-06-07,North,Jaipur,Karan Malhotra,Individual,Organic Search,81,90.68,6,No,,,Competitor Chosen
LEAD006311,2026-06-07,East,Bhubaneswar,Neha Das,SME,Walk-in,82,44.58,3,Yes,2026-06-18,11,
LEAD006312,2026-06-07,West,Ahmedabad,Rohan Mehta,SME,Referral,65,129.40,4,Yes,2026-06-08,1,
LEAD006313,2026-06-08,East,Bhubaneswar,Neha Das,Individual,Paid Social,56,427.98,2,No,,,Competitor Chosen
LEAD006314,2026-06-08,North,Delhi,Priya Verma,Individual,Paid Social,60,386.20,4,Yes,2026-06-30,23,
LEAD006315,2026-06-08,North,Jaipur,Aarav Sharma,SME,Google Ads,52,704.65,3,Yes,2026-06-30,25,
LEAD006316,2026-06-08,North,Delhi,Aarav Sharma,SME,Walk-in,43,50.34,1,Yes,2026-06-10,2,
LEAD006317,2026-06-08,South,Hyderabad,Arjun Nair,Individual,Google Ads,74,687.01,4,Yes,2026-06-16,8,
LEAD006318,2026-06-09,East,Kolkata,Vikram Sen,Corporate,Corporate Outreach,70,251.45,7,Yes,2026-06-30,32,
LEAD006319,2026-06-09,West,Ahmedabad,Rohan Mehta,Individual,Referral,44,126.40,2,Yes,2026-06-18,9,
LEAD006320,2026-06-09,North,Delhi,Karan Malhotra,Individual,Marketplace,59,175.40,5,No,,,Price Too High
LEAD006321,2026-06-09,South,Hyderabad,Arjun Nair,Individual,Referral,84,103.40,1,Yes,2026-06-10,1,
LEAD006322,2026-06-09,North,Delhi,Priya Verma,Individual,Google Ads,75,622.98,3,Yes,2026-06-19,10,
LEAD006323,2026-06-09,South,Chennai,Isha Reddy,Individual,Marketplace,80,206.88,1,Yes,2026-06-19,10,
LEAD006324,2026-06-09,South,Hyderabad,Sneha Rao,Individual,Google Ads,78,600.77,2,Yes,2026-06-26,17,
LEAD006325,2026-06-09,North,Jaipur,Priya Verma,Individual,Marketplace,59,184.66,2,No,,,No Response
LEAD006326,2026-06-09,East,Kolkata,Kavya Roy,SME,Marketplace,53,198.59,2,No,,,Not Ready Yet
LEAD006327,2026-06-09,East,Kolkata,Neha Das,Individual,Google Ads,42,561.57,5,No,,,No Response
LEAD006328,2026-06-09,North,Jaipur,Karan Malhotra,Individual,Walk-in,70,53.82,3,No,,,Price Too High
LEAD006329,2026-06-09,South,Bengaluru,Sneha Rao,SME,Google Ads,54,712.30,3,Yes,2026-06-11,2,
LEAD006330,2026-06-10,West,Ahmedabad,Dev Patel,Individual,Organic Search,67,97.69,6,No,,,No Response
LEAD006331,2026-06-10,North,Delhi,Priya Verma,Individual,Walk-in,42,47.14,2,Yes,2026-06-18,8,
LEAD006332,2026-06-10,South,Hyderabad,Arjun Nair,SME,Organic Search,73,87.52,1,Yes,2026-06-28,18,
LEAD006333,2026-06-10,West,Ahmedabad,Rohan Mehta,Individual,Paid Social,57,385.40,6,No,,,No Response
LEAD006334,2026-06-10,North,Lucknow,Priya Verma,Individual,Paid Social,57,410.53,4,No,,,Budget Delayed
LEAD006335,2026-06-10,North,Delhi,Aarav Sharma,SME,Walk-in,29,45.98,4,No,,,Budget Delayed
LEAD006336,2026-06-10,South,Hyderabad,Arjun Nair,Individual,Paid Social,64,489.93,4,No,,,Price Too High
LEAD006337,2026-06-10,North,Delhi,Priya Verma,Corporate,Corporate Outreach,60,290.04,3,No,,,Price Too High
LEAD006338,2026-06-10,East,Kolkata,Kavya Roy,Individual,Google Ads,40,543.15,1,Yes,2026-06-30,21,
LEAD006339,2026-06-11,South,Hyderabad,Sneha Rao,Individual,Organic Search,59,94.89,3,Yes,2026-06-17,6,
LEAD006340,2026-06-11,North,Jaipur,Priya Verma,Individual,Marketplace,51,194.74,2,Yes,2026-06-15,4,
LEAD006341,2026-06-11,South,Bengaluru,Isha Reddy,Corporate,Referral,98,132.46,2,Yes,2026-06-30,32,
LEAD006342,2026-06-11,South,Bengaluru,Sneha Rao,Individual,Walk-in,48,50.36,4,Yes,2026-06-23,12,
LEAD006343,2026-06-11,South,Bengaluru,Sneha Rao,Individual,Walk-in,81,45.95,4,Yes,2026-06-19,8,
LEAD006344,2026-06-11,West,Mumbai,Dev Patel,Individual,Marketplace,68,187.96,3,No,,,Not Ready Yet
LEAD006345,2026-06-11,North,Delhi,Karan Malhotra,SME,Referral,57,102.35,3,Yes,2026-06-25,14,
LEAD006346,2026-06-11,West,Mumbai,Rohan Mehta,Individual,Organic Search,43,87.92,4,Yes,2026-06-13,2,
LEAD006347,2026-06-11,West,Pune,Dev Patel,SME,Walk-in,18,50.25,2,Yes,2026-06-15,4,
LEAD006348,2026-06-11,West,Mumbai,Rohan Mehta,SME,Marketplace,91,162.93,4,Yes,2026-06-19,8,
LEAD006349,2026-06-11,North,Delhi,Priya Verma,Individual,Referral,66,105.26,3,Yes,2026-06-16,5,
LEAD006350,2026-06-12,West,Ahmedabad,Meera Joshi,SME,Referral,85,129.13,4,Yes,2026-06-15,3,
LEAD006351,2026-06-12,North,Jaipur,Karan Malhotra,Individual,Organic Search,52,98.94,5,No,,,No Response
LEAD006352,2026-06-12,West,Ahmedabad,Meera Joshi,Individual,Referral,72,126.61,3,Yes,2026-06-20,8,
LEAD006353,2026-06-12,West,Ahmedabad,Rohan Mehta,Corporate,Organic Search,18,101.54,2,No,,,No Response
LEAD006354,2026-06-12,East,Kolkata,Kavya Roy,Individual,Organic Search,52,79.29,1,Yes,2026-06-20,8,
LEAD006355,2026-06-12,North,Jaipur,Karan Malhotra,Individual,Marketplace,39,184.79,3,Yes,2026-06-24,12,
LEAD006356,2026-06-12,North,Jaipur,Aarav Sharma,SME,Corporate Outreach,64,270.30,1,No,,,Competitor Chosen
LEAD006357,2026-06-13,South,Bengaluru,Sneha Rao,SME,Google Ads,44,634.75,4,Yes,2026-06-26,13,
LEAD006358,2026-06-13,North,Jaipur,Aarav Sharma,SME,Google Ads,63,563.53,3,Yes,2026-06-28,15,
LEAD006359,2026-06-13,South,Bengaluru,Arjun Nair,Individual,Google Ads,53,545.45,5,No,,,No Response
LEAD006360,2026-06-13,South,Chennai,Arjun Nair,Individual,Referral,62,120.45,4,Yes,2026-06-19,6,
LEAD006361,2026-06-13,South,Hyderabad,Isha Reddy,Individual,Organic Search,53,98.32,4,No,,,No Response
LEAD006362,2026-06-13,South,Hyderabad,Isha Reddy,Individual,Referral,48,106.26,2,Yes,2026-06-19,6,
LEAD006363,2026-06-14,West,Ahmedabad,Dev Patel,Individual,Google Ads,18,698.39,3,No,,,Not Ready Yet
LEAD006364,2026-06-14,West,Mumbai,Meera Joshi,Corporate,Referral,72,128.82,6,Yes,2026-06-30,16,
LEAD006365,2026-06-14,West,Mumbai,Dev Patel,Individual,Organic Search,68,93.67,3,Yes,2026-06-30,20,
LEAD006366,2026-06-14,South,Hyderabad,Isha Reddy,Individual,Google Ads,53,572.44,4,Yes,2026-06-21,7,
LEAD006367,2026-06-14,East,Guwahati,Vikram Sen,Individual,Marketplace,81,182.37,2,Yes,2026-06-21,7,
LEAD006368,2026-06-14,North,Jaipur,Karan Malhotra,Individual,Referral,68,105.39,1,Yes,2026-06-21,7,
LEAD006369,2026-06-14,East,Kolkata,Vikram Sen,Individual,Google Ads,53,661.80,5,No,,,Competitor Chosen
LEAD006370,2026-06-14,North,Jaipur,Priya Verma,Individual,Marketplace,60,202.62,3,Yes,2026-06-20,6,
LEAD006371,2026-06-15,East,Kolkata,Kavya Roy,Corporate,Corporate Outreach,62,276.99,7,Yes,2026-06-30,17,
LEAD006372,2026-06-15,North,Delhi,Aarav Sharma,Individual,Referral,70,137.93,2,Yes,2026-06-25,10,
LEAD006373,2026-06-15,West,Pune,Rohan Mehta,Individual,Google Ads,66,586.56,2,Yes,2026-06-29,14,
LEAD006374,2026-06-15,West,Mumbai,Rohan Mehta,Individual,Walk-in,39,51.22,2,Yes,2026-06-20,5,
LEAD006375,2026-06-15,South,Chennai,Arjun Nair,Corporate,Walk-in,66,52.43,4,No,,,No Response
LEAD006376,2026-06-15,West,Mumbai,Dev Patel,Individual,Organic Search,39,98.75,1,No,,,Price Too High
LEAD006377,2026-06-15,South,Bengaluru,Isha Reddy,SME,Paid Social,23,402.37,6,No,,,Price Too High
LEAD006378,2026-06-15,West,Mumbai,Rohan Mehta,Individual,Organic Search,28,91.30,2,No,,,Competitor Chosen
LEAD006379,2026-06-15,North,Lucknow,Priya Verma,Individual,Marketplace,70,170.49,3,Yes,2026-06-28,13,
LEAD006380,2026-06-15,South,Hyderabad,Isha Reddy,Individual,Organic Search,57,95.71,4,Yes,2026-06-29,14,
LEAD006381,2026-06-16,North,Delhi,Karan Malhotra,SME,Paid Social,75,378.99,2,Yes,2026-06-18,2,
LEAD006382,2026-06-16,West,Mumbai,Meera Joshi,Corporate,Referral,55,132.61,6,Yes,2026-06-30,29,
LEAD006383,2026-06-16,North,Lucknow,Karan Malhotra,Individual,Marketplace,61,196.46,3,No,,,Price Too High
LEAD006384,2026-06-16,North,Lucknow,Aarav Sharma,Individual,Referral,73,112.79,4,Yes,2026-06-20,4,
LEAD006385,2026-06-16,South,Chennai,Sneha Rao,SME,Walk-in,59,52.29,5,No,,,Competitor Chosen
LEAD006386,2026-06-16,South,Bengaluru,Isha Reddy,SME,Paid Social,38,373.83,4,No,,,No Response
LEAD006387,2026-06-17,North,Lucknow,Priya Verma,Individual,Marketplace,47,213.86,4,No,,,No Response
LEAD006388,2026-06-17,West,Mumbai,Meera Joshi,Corporate,Referral,66,123.43,5,Yes,2026-06-30,32,
LEAD006389,2026-06-17,West,Mumbai,Meera Joshi,Individual,Referral,61,105.91,2,Yes,2026-06-18,1,
LEAD006390,2026-06-17,East,Bhubaneswar,Vikram Sen,SME,Marketplace,51,175.43,3,Yes,2026-06-25,8,
LEAD006391,2026-06-17,South,Bengaluru,Isha Reddy,Corporate,Corporate Outreach,55,252.44,3,No,,,Budget Delayed
LEAD006392,2026-06-17,West,Ahmedabad,Meera Joshi,SME,Walk-in,59,56.47,6,No,,,Competitor Chosen
LEAD006393,2026-06-17,West,Pune,Rohan Mehta,SME,Paid Social,55,472.03,1,Yes,2026-06-30,15,
LEAD006394,2026-06-17,West,Mumbai,Rohan Mehta,Individual,Paid Social,53,469.21,1,No,,,Price Too High
LEAD006395,2026-06-18,West,Pune,Meera Joshi,Individual,Paid Social,38,412.10,2,No,,,Budget Delayed
LEAD006396,2026-06-18,North,Lucknow,Karan Malhotra,SME,Google Ads,62,662.99,4,Yes,2026-06-30,13,
LEAD006397,2026-06-18,North,Jaipur,Aarav Sharma,Individual,Paid Social,48,440.47,1,No,,,Competitor Chosen
LEAD006398,2026-06-18,West,Ahmedabad,Meera Joshi,SME,Paid Social,74,420.11,3,Yes,2026-06-30,20,
LEAD006399,2026-06-18,South,Hyderabad,Isha Reddy,Individual,Google Ads,65,694.60,5,No,,,No Response
LEAD006400,2026-06-18,South,Chennai,Arjun Nair,Individual,Marketplace,48,168.70,4,Yes,2026-06-30,12,
LEAD006401,2026-06-19,South,Hyderabad,Arjun Nair,Individual,Paid Social,70,393.20,5,No,,,Price Too High
LEAD006402,2026-06-19,West,Ahmedabad,Dev Patel,Individual,Marketplace,45,198.73,1,Yes,2026-06-20,1,
LEAD006403,2026-06-19,South,Hyderabad,Isha Reddy,SME,Walk-in,57,50.63,1,Yes,2026-06-28,9,
LEAD006404,2026-06-19,West,Ahmedabad,Rohan Mehta,Individual,Paid Social,74,479.16,4,Yes,2026-06-30,20,
LEAD006405,2026-06-19,West,Mumbai,Rohan Mehta,SME,Organic Search,64,101.50,4,Yes,2026-06-24,5,
LEAD006406,2026-06-19,West,Pune,Dev Patel,SME,Walk-in,61,48.38,2,Yes,2026-06-26,7,
LEAD006407,2026-06-19,East,Bhubaneswar,Neha Das,Individual,Marketplace,63,191.72,2,No,,,Not Ready Yet
LEAD006408,2026-06-20,South,Bengaluru,Arjun Nair,Individual,Organic Search,67,92.54,3,Yes,2026-06-30,12,
LEAD006409,2026-06-20,West,Ahmedabad,Rohan Mehta,Individual,Walk-in,55,52.25,3,Yes,2026-06-25,5,
LEAD006410,2026-06-20,North,Lucknow,Priya Verma,Corporate,Corporate Outreach,58,313.41,6,No,,,Competitor Chosen
LEAD006411,2026-06-20,South,Chennai,Sneha Rao,Individual,Walk-in,74,54.54,4,Yes,2026-06-30,12,
LEAD006412,2026-06-20,South,Bengaluru,Isha Reddy,Individual,Google Ads,81,698.93,1,No,,,Not Ready Yet
LEAD006413,2026-06-21,North,Delhi,Priya Verma,Individual,Marketplace,85,198.03,1,Yes,2026-06-30,12,
LEAD006414,2026-06-21,West,Mumbai,Rohan Mehta,Individual,Walk-in,71,56.84,3,Yes,2026-06-30,12,
LEAD006415,2026-06-21,West,Pune,Rohan Mehta,Individual,Organic Search,18,93.27,2,No,,,Not Ready Yet
LEAD006416,2026-06-21,North,Lucknow,Priya Verma,SME,Google Ads,62,577.18,4,No,,,Price Too High
LEAD006417,2026-06-21,South,Chennai,Arjun Nair,SME,Google Ads,52,619.87,2,No,,,Price Too High
LEAD006418,2026-06-21,South,Chennai,Sneha Rao,Individual,Walk-in,76,50.03,1,Yes,2026-06-25,4,
LEAD006419,2026-06-21,North,Jaipur,Priya Verma,SME,Marketplace,29,197.31,2,No,,,Budget Delayed
LEAD006420,2026-06-21,North,Jaipur,Priya Verma,Individual,Organic Search,70,86.12,4,Yes,2026-06-30,17,
LEAD006421,2026-06-21,South,Bengaluru,Arjun Nair,SME,Paid Social,33,421.47,1,No,,,Price Too High
LEAD006422,2026-06-21,North,Delhi,Priya Verma,SME,Referral,76,108.60,4,No,,,Competitor Chosen
LEAD006423,2026-06-21,West,Mumbai,Meera Joshi,Individual,Google Ads,42,643.13,3,No,,,Price Too High
LEAD006424,2026-06-22,West,Ahmedabad,Dev Patel,Individual,Organic Search,48,98.55,2,No,,,Competitor Chosen
LEAD006425,2026-06-22,West,Mumbai,Rohan Mehta,Individual,Google Ads,86,619.20,5,No,,,Competitor Chosen
LEAD006426,2026-06-22,South,Hyderabad,Isha Reddy,Individual,Referral,95,111.48,5,No,,,No Response
LEAD006427,2026-06-22,South,Chennai,Arjun Nair,Individual,Google Ads,68,573.88,2,No,,,Not Ready Yet
LEAD006428,2026-06-22,North,Lucknow,Aarav Sharma,Corporate,Corporate Outreach,52,276.85,2,No,,,Price Too High
LEAD006429,2026-06-22,South,Hyderabad,Isha Reddy,Individual,Google Ads,55,551.07,2,Yes,2026-06-30,12,
LEAD006430,2026-06-22,West,Ahmedabad,Dev Patel,Individual,Marketplace,60,197.94,2,Yes,2026-06-30,10,
LEAD006431,2026-06-22,South,Hyderabad,Sneha Rao,Individual,Referral,65,130.30,3,Yes,2026-06-28,6,
LEAD006432,2026-06-23,South,Bengaluru,Isha Reddy,SME,Corporate Outreach,54,318.82,5,No,,,No Response
LEAD006433,2026-06-23,South,Bengaluru,Sneha Rao,SME,Paid Social,72,484.16,6,No,,,Price Too High
LEAD006434,2026-06-23,South,Bengaluru,Isha Reddy,Individual,Organic Search,78,78.80,4,Yes,2026-06-30,7,
LEAD006435,2026-06-23,South,Hyderabad,Isha Reddy,Individual,Marketplace,70,204.46,4,Yes,2026-06-30,12,
LEAD006436,2026-06-23,West,Mumbai,Meera Joshi,Individual,Paid Social,39,492.24,5,No,,,Not Ready Yet
LEAD006437,2026-06-23,South,Chennai,Arjun Nair,SME,Organic Search,68,88.97,1,No,,,Price Too High
LEAD006438,2026-06-23,North,Jaipur,Priya Verma,Individual,Marketplace,58,192.06,2,No,,,Competitor Chosen
LEAD006439,2026-06-24,East,Bhubaneswar,Vikram Sen,Individual,Referral,54,111.82,1,Yes,2026-06-30,9,
LEAD006440,2026-06-24,South,Bengaluru,Sneha Rao,SME,Referral,68,109.72,3,Yes,2026-06-30,10,
LEAD006441,2026-06-24,West,Mumbai,Rohan Mehta,Individual,Marketplace,55,201.50,4,No,,,No Response
LEAD006442,2026-06-24,North,Jaipur,Karan Malhotra,Corporate,Corporate Outreach,84,283.61,3,No,,,No Response
LEAD006443,2026-06-24,South,Bengaluru,Sneha Rao,SME,Referral,54,107.15,1,No,,,Competitor Chosen
LEAD006444,2026-06-24,South,Hyderabad,Isha Reddy,Individual,Organic Search,49,88.85,4,Yes,2026-06-30,24,
LEAD006445,2026-06-25,East,Bhubaneswar,Vikram Sen,Individual,Paid Social,39,440.47,3,No,,,No Response
LEAD006446,2026-06-25,South,Hyderabad,Isha Reddy,SME,Organic Search,59,95.14,2,Yes,2026-06-30,6,
LEAD006447,2026-06-25,North,Jaipur,Aarav Sharma,Individual,Walk-in,34,50.32,4,No,,,No Response
LEAD006448,2026-06-25,South,Bengaluru,Sneha Rao,Individual,Google Ads,58,695.38,2,Yes,2026-06-30,23,
LEAD006449,2026-06-25,North,Delhi,Priya Verma,Corporate,Google Ads,43,678.40,2,No,,,Price Too High
LEAD006450,2026-06-25,East,Bhubaneswar,Kavya Roy,Individual,Organic Search,49,82.23,1,No,,,Competitor Chosen
LEAD006451,2026-06-26,West,Pune,Dev Patel,Individual,Marketplace,61,166.50,1,Yes,2026-06-30,12,
LEAD006452,2026-06-26,East,Guwahati,Neha Das,Individual,Organic Search,43,93.78,1,No,,,Budget Delayed
LEAD006453,2026-06-26,West,Pune,Meera Joshi,Individual,Organic Search,51,98.49,3,Yes,2026-06-30,22,
LEAD006454,2026-06-26,East,Bhubaneswar,Kavya Roy,Individual,Referral,56,132.26,1,Yes,2026-06-30,6,
LEAD006455,2026-06-26,North,Jaipur,Aarav Sharma,Individual,Walk-in,69,51.04,1,Yes,2026-06-30,9,
LEAD006456,2026-06-26,West,Mumbai,Dev Patel,Individual,Marketplace,77,203.87,3,Yes,2026-06-30,14,
LEAD006457,2026-06-26,West,Pune,Meera Joshi,SME,Organic Search,54,100.29,4,Yes,2026-06-30,6,
LEAD006458,2026-06-26,West,Mumbai,Dev Patel,Individual,Google Ads,54,654.05,2,Yes,2026-06-30,8,
LEAD006459,2026-06-26,South,Bengaluru,Sneha Rao,SME,Google Ads,71,643.39,3,Yes,2026-06-30,12,
LEAD006460,2026-06-26,South,Hyderabad,Arjun Nair,Individual,Organic Search,63,91.78,2,No,,,Competitor Chosen
LEAD006461,2026-06-26,North,Delhi,Aarav Sharma,Individual,Referral,65,117.01,3,Yes,2026-06-30,5,
LEAD006462,2026-06-27,South,Bengaluru,Arjun Nair,Individual,Organic Search,42,88.55,4,Yes,2026-06-30,25,
LEAD006463,2026-06-27,South,Hyderabad,Sneha Rao,Individual,Paid Social,69,415.25,6,No,,,No Response
LEAD006464,2026-06-27,South,Hyderabad,Sneha Rao,Individual,Google Ads,58,577.90,2,Yes,2026-06-30,4,
LEAD006465,2026-06-27,East,Guwahati,Kavya Roy,Corporate,Referral,48,108.27,6,No,,,No Response
LEAD006466,2026-06-27,South,Chennai,Sneha Rao,Individual,Organic Search,73,98.27,1,Yes,2026-06-30,18,
LEAD006467,2026-06-27,South,Hyderabad,Sneha Rao,Individual,Organic Search,55,92.48,2,No,,,No Response
LEAD006468,2026-06-27,South,Chennai,Sneha Rao,SME,Google Ads,88,589.51,4,Yes,2026-06-30,20,
LEAD006469,2026-06-27,South,Bengaluru,Sneha Rao,Individual,Organic Search,44,90.31,1,Yes,2026-06-30,18,
LEAD006470,2026-06-27,East,Kolkata,Kavya Roy,Individual,Organic Search,66,102.22,4,No,,,No Response
LEAD006471,2026-06-27,North,Lucknow,Priya Verma,SME,Corporate Outreach,72,258.00,5,No,,,Price Too High
LEAD006472,2026-06-27,West,Pune,Dev Patel,Individual,Paid Social,45,436.73,5,No,,,No Response
LEAD006473,2026-06-28,South,Hyderabad,Arjun Nair,Individual,Referral,80,120.34,2,Yes,2026-06-30,11,
LEAD006474,2026-06-28,North,Lucknow,Priya Verma,Individual,Marketplace,46,187.85,4,Yes,2026-06-30,2,
LEAD006475,2026-06-28,West,Ahmedabad,Meera Joshi,SME,Google Ads,46,555.15,1,Yes,2026-06-30,10,
LEAD006476,2026-06-28,South,Bengaluru,Sneha Rao,SME,Organic Search,56,92.88,2,Yes,2026-06-30,25,
LEAD006477,2026-06-28,South,Hyderabad,Sneha Rao,Individual,Google Ads,79,572.47,4,No,,,No Response
LEAD006478,2026-06-28,South,Hyderabad,Arjun Nair,Individual,Referral,93,137.65,4,Yes,2026-06-30,8,
LEAD006479,2026-06-28,East,Kolkata,Kavya Roy,SME,Corporate Outreach,37,283.74,3,No,,,Price Too High
LEAD006480,2026-06-28,South,Hyderabad,Arjun Nair,SME,Google Ads,65,566.55,2,Yes,2026-06-30,19,
LEAD006481,2026-06-28,West,Ahmedabad,Rohan Mehta,SME,Google Ads,86,705.08,3,No,,,Price Too High
LEAD006482,2026-06-28,West,Pune,Dev Patel,SME,Organic Search,54,96.52,2,Yes,2026-06-30,9,
LEAD006483,2026-06-28,North,Jaipur,Karan Malhotra,Individual,Google Ads,54,646.94,4,Yes,2026-06-30,13,
LEAD006484,2026-06-28,West,Ahmedabad,Dev Patel,Individual,Marketplace,67,189.82,2,Yes,2026-06-30,2,
LEAD006485,2026-06-29,East,Bhubaneswar,Neha Das,Individual,Marketplace,43,195.90,4,Yes,2026-06-30,14,
LEAD006486,2026-06-29,South,Hyderabad,Sneha Rao,Individual,Referral,72,114.78,4,Yes,2026-06-30,7,
LEAD006487,2026-06-29,West,Ahmedabad,Dev Patel,Individual,Google Ads,83,549.00,5,No,,,Price Too High
LEAD006488,2026-06-29,West,Ahmedabad,Meera Joshi,SME,Paid Social,76,371.89,4,Yes,2026-06-30,5,
LEAD006489,2026-06-29,South,Chennai,Arjun Nair,Individual,Google Ads,53,588.29,3,Yes,2026-06-30,20,
LEAD006490,2026-06-29,South,Hyderabad,Arjun Nair,Individual,Google Ads,81,551.84,4,Yes,2026-06-30,22,
LEAD006491,2026-06-30,North,Lucknow,Priya Verma,SME,Marketplace,67,199.17,2,Yes,2026-06-30,10,
LEAD006492,2026-06-30,North,Lucknow,Karan Malhotra,Individual,Marketplace,41,182.43,2,Yes,2026-06-30,8,
LEAD006493,2026-06-30,South,Chennai,Isha Reddy,Individual,Paid Social,52,376.55,1,No,,,Not Ready Yet
LEAD006494,2026-06-30,West,Pune,Meera Joshi,Individual,Organic Search,56,86.33,1,No,,,Price Too High
LEAD006495,2026-06-30,West,Ahmedabad,Dev Patel,Individual,Referral,56,114.80,1,Yes,2026-06-30,11,
LEAD006496,2026-06-30,South,Chennai,Arjun Nair,Individual,Walk-in,35,42.77,2,No,,,Not Ready Yet
LEAD006497,2026-06-30,West,Mumbai,Dev Patel,SME,Referral,94,119.79,2,Yes,2026-06-30,4,
LEAD006498,2026-06-30,North,Lucknow,Aarav Sharma,Individual,Referral,49,125.85,4,Yes,2026-06-30,10,
LEAD006499,2026-06-30,West,Ahmedabad,Rohan Mehta,Individual,Walk-in,58,48.98,1,Yes,2026-06-30,10,
LEAD006500,2026-06-30,North,Jaipur,Aarav Sharma,Individual,Paid Social,54,426.36,3,Yes,2026-06-30,8,